Ti(t) = ,(((xi*t)+592270.09)/((22.151*t)+1754.99))-273,,,,,,,,
,,,,,,,,,
xi = ,8066.01,8127.156,8067.5724,8141.8872,8187.636,8141.8872,8067.5724,8127.156,8067.5724
Ai,A1,A2,A3,A4,A5,A6,A7,A8,A9
t (sec),T1(t) (Deg C),T2(t) (Deg C),T3(t) (Deg C),T4(t) (Deg C),T5(t) (Deg C),T6(t) (Deg C),T7(t) (Deg C),T8(t) (Deg C),T9(t) (Deg C)
1,64.81005559,64.84446254,64.81093475,64.85275181,64.87849473,64.85275181,64.81093475,64.84446254,64.81093475
2,65.13417166,65.2021384,65.13590835,65.21851284,65.26936484,65.21851284,65.13590835,65.2021384,65.13590835
3,65.45040443,65.55111469,65.45297778,65.57537765,65.65072802,65.57537765,65.45297778,65.55111469,65.45297778
4,65.75903805,65.89170501,65.76242795,65.92366692,66.02292696,65.92366692,65.76242795,65.89170501,65.76242795
5,66.06034319,66.22420802,66.06453025,66.26368609,66.38628805,66.26368609,66.06453025,66.22420802,66.06453025
6,66.35457779,66.54890841,66.35954332,66.59572625,66.74112239,66.59572625,66.35954332,66.54890841,66.35954332
7,66.64198787,66.86607764,66.6477138,66.920065,67.08772664,66.920065,66.6477138,66.86607764,66.6477138
8,66.92280812,67.17597472,66.92927702,67.23696723,67.42638384,67.23696723,66.92927702,67.17597472,66.92927702
9,67.19726262,67.47884692,67.20445765,67.54668578,67.75736422,67.54668578,67.20445765,67.47884692,67.20445765
10,67.46556539,67.77493043,67.47347028,67.84946218,68.08092588,67.84946218,67.47347028,67.77493043,67.47347028
11,67.72792098,68.06445097,67.73651998,68.14552726,68.39731549,68.14552726,67.73651998,68.06445097,67.73651998
12,67.98452496,68.34762436,67.99380286,68.43510171,68.7067689,68.43510171,67.99380286,68.34762436,67.99380286
13,68.2355644,68.62465705,68.24550648,68.71839665,69.00951172,68.71839665,68.24550648,68.62465705,68.24550648
14,68.48121838,68.89574665,68.49181039,68.99561417,69.3057599,68.99561417,68.49181039,68.89574665,68.49181039
15,68.72165835,69.16108238,68.73288649,69.26694774,69.59572022,69.26694774,68.73288649,69.16108238,68.73288649
16,68.95704857,69.42084549,68.96889949,69.53258273,69.87959075,69.53258273,68.96889949,69.42084549,68.96889949
17,69.18754647,69.67520972,69.20000722,69.79269679,70.15756135,69.79269679,69.20000722,69.67520972,69.20000722
18,69.41330301,69.92434165,69.42636105,70.04746029,70.42981407,70.04746029,69.42636105,69.92434165,69.42636105
19,69.63446299,70.16840108,69.64810615,70.29703662,70.69652353,70.29703662,69.64810615,70.16840108,69.64810615
20,69.85116537,70.40754137,69.86538187,70.54158261,70.95785733,70.54158261,69.86538187,70.40754137,69.86538187
21,70.06354359,70.64190975,70.07832198,70.78124884,71.21397637,70.78124884,70.07832198,70.64190975,70.07832198
22,70.27172579,70.87164766,70.28705497,71.01617991,71.4650352,71.01617991,70.28705497,70.87164766,70.28705497
23,70.47583511,71.09689096,70.4917043,71.24651478,71.7111823,71.24651478,70.4917043,71.09689096,70.4917043
24,70.67598991,71.31777029,70.69238866,71.47238703,71.95256042,71.47238703,70.69238866,71.31777029,70.69238866
25,70.87230402,71.53441125,70.88922216,71.69392511,72.18930684,71.69392511,70.88922216,71.53441125,70.88922216
26,71.06488694,71.74693468,71.08231459,71.91125257,72.42155359,71.91125257,71.08231459,71.74693468,71.08231459
27,71.25384403,71.95545686,71.27177161,72.12448834,72.64942775,72.12448834,71.27177161,71.95545686,71.27177161
28,71.43927673,72.16008973,71.45769491,72.33374688,72.87305165,72.33374688,71.45769491,72.16008973,71.45769491
29,71.62128275,72.3609411,71.64018247,72.53913845,73.09254312,72.53913845,71.64018247,72.3609411,71.64018247
30,71.79995619,72.55811483,71.81932863,72.74076924,73.30801564,72.74076924,71.81932863,72.55811483,71.81932863
31,71.97538776,72.75171102,71.99522434,72.93874162,73.5195786,72.93874162,71.99522434,72.75171102,71.99522434
32,72.14766489,72.94182615,72.16795726,73.13315426,73.72733745,73.13315426,72.16795726,72.94182615,72.16795726
33,72.3168719,73.12855329,72.33761195,73.32410231,73.93139386,73.32410231,72.33761195,73.12855329,72.33761195
34,72.48309015,73.31198218,72.50426996,73.51167757,74.13184595,73.51167757,72.50426996,73.31198218,72.50426996
35,72.64639812,73.49219946,72.66801,73.69596862,74.32878837,73.69596862,72.66801,73.49219946,72.66801
36,72.80687158,73.66928875,72.82890803,73.87706096,74.5223125,73.87706096,72.82890803,73.66928875,72.82890803
37,72.9645837,73.84333077,72.9870374,74.05503716,74.71250656,74.05503716,72.9870374,73.84333077,72.9870374
38,73.11960513,74.01440351,73.14246898,74.22997696,74.89945578,74.22997696,73.14246898,74.01440351,73.14246898
39,73.27200417,74.18258232,73.29527122,74.4019574,75.08324249,74.4019574,73.29527122,74.18258232,73.29527122
40,73.42184678,74.34794001,73.44551027,74.57105296,75.26394626,74.57105296,73.44551027,74.34794001,73.44551027
41,73.56919676,74.51054697,73.5932501,74.73733561,75.44164403,74.73733561,73.5932501,74.51054697,73.5932501
42,73.7141158,74.67047129,73.73855255,74.90087498,75.61641019,74.90087498,73.73855255,74.67047129,73.73855255
43,73.85666355,74.82777879,73.88147745,75.06173837,75.78831668,75.06173837,73.88147745,74.82777879,73.88147745
44,73.99689775,74.98253319,74.02208267,75.21999096,75.95743312,75.21999096,74.02208267,74.98253319,74.02208267
45,74.13487427,75.13479614,74.16042423,75.37569578,76.1238269,75.37569578,74.16042423,75.13479614,74.16042423
46,74.2706472,75.28462733,74.29655637,75.52891386,76.28756323,75.52891386,74.29655637,75.28462733,74.29655637
47,74.40426889,75.43208455,74.4305316,75.67970432,76.44870528,75.67970432,74.4305316,75.43208455,74.4305316
48,74.53579009,75.57722378,74.56240076,75.82812438,76.60731422,75.82812438,74.56240076,75.57722378,74.56240076
49,74.66525993,75.72009925,74.69221314,75.97422952,76.7634493,75.97422952,74.69221314,75.72009925,74.69221314
50,74.79272604,75.86076352,74.82001649,76.11807346,76.91716797,76.11807346,74.82001649,75.86076352,74.82001649
51,74.91823457,75.99926751,74.94585708,76.2597083,77.06852588,76.2597083,74.94585708,75.99926751,74.94585708
52,75.04183027,76.13566062,75.06977978,76.39918454,77.21757701,76.39918454,75.06977978,76.13566062,75.06977978
53,75.16355655,76.26999074,75.19182811,76.53655116,77.36437369,76.53655116,75.19182811,76.26999074,75.19182811
54,75.2834555,76.40230433,75.31204428,76.67185566,77.50896669,76.67185566,75.31204428,76.40230433,75.31204428
55,75.40156796,76.53264644,75.43046923,76.80514412,77.65140526,76.80514412,75.43046923,76.53264644,75.43046923
56,75.51793356,76.66106082,75.5471427,76.93646128,77.79173719,76.93646128,75.5471427,76.66106082,75.5471427
57,75.63259077,76.78758993,75.66210326,77.06585054,77.93000888,77.06585054,75.66210326,76.78758993,75.66210326
58,75.74557694,76.91227496,75.77538835,77.19335405,78.06626536,77.19335405,75.77538835,76.91227496,75.77538835
59,75.85692833,77.03515596,75.88703435,77.31901274,78.20055038,77.31901274,75.88703435,77.03515596,75.88703435
60,75.96668018,77.15627179,75.99707657,77.44286636,78.33290641,77.44286636,75.99707657,77.15627179,75.99707657
61,76.07486669,77.2756602,76.10554932,77.56495352,78.46337471,77.56495352,76.10554932,77.2756602,76.10554932
62,76.18152113,77.39335791,76.21248594,77.68531176,78.5919954,77.68531176,76.21248594,77.39335791,76.21248594
63,76.28667581,77.50940056,76.31791882,77.80397752,78.71880744,77.80397752,76.31791882,77.50940056,76.31791882
64,76.39036214,77.62382283,76.42187947,77.92098628,78.84384871,77.92098628,76.42187947,77.62382283,76.42187947
65,76.49261066,77.73665842,76.52439852,78.03637249,78.96715605,78.03637249,76.52439852,77.73665842,76.52439852
66,76.59345108,77.8479401,76.62550573,78.15016966,79.08876528,78.15016966,76.62550573,77.8479401,76.62550573
67,76.69291227,77.95769976,76.72523007,78.26241041,79.20871123,78.26241041,76.72523007,77.95769976,76.72523007
68,76.79102236,78.06596841,76.82359973,78.37312644,79.32702779,78.37312644,76.82359973,78.06596841,76.82359973
69,76.88780868,78.17277622,76.92064211,78.48234862,79.44374795,78.48234862,76.92064211,78.17277622,76.92064211
70,76.98329784,78.27815257,77.01638391,78.59010697,79.55890379,78.59010697,77.01638391,78.27815257,77.01638391
71,77.07751575,78.38212603,77.11085109,78.69643073,79.67252655,78.69643073,77.11085109,78.38212603,77.11085109
72,77.17048762,78.48472445,77.20406894,78.80134835,79.78464665,78.80134835,77.20406894,78.48472445,77.20406894
73,77.26223802,78.58597491,77.29606209,78.90488756,79.8952937,78.90488756,77.29606209,78.58597491,77.29606209
74,77.35279085,78.6859038,77.38685449,79.00707532,80.00449654,79.00707532,77.38685449,78.6859038,77.38685449
75,77.44216941,78.78453685,77.47646953,79.10793794,80.11228326,79.10793794,77.47646953,78.78453685,77.47646953
76,77.5303964,78.88189908,77.56492994,79.20750102,80.21868124,79.20750102,77.56492994,78.88189908,77.56492994
77,77.61749393,78.9780149,77.65225791,79.30578952,80.32371713,79.30578952,77.65225791,78.9780149,77.65225791
78,77.70348355,79.0729081,77.73847503,79.40282775,80.42741693,79.40282775,77.73847503,79.0729081,77.73847503
79,77.78838627,79.16660185,77.82360237,79.49863943,80.52980597,79.49863943,77.82360237,79.16660185,77.82360237
80,77.87222255,79.25911876,77.90766047,79.59324765,80.63090894,79.59324765,77.90766047,79.25911876,77.90766047
81,77.95501238,79.35048085,77.99066933,79.68667496,80.73074993,79.68667496,77.99066933,79.35048085,77.99066933
82,78.03677522,79.44070962,78.07264849,79.77894333,80.82935242,79.77894333,78.07264849,79.44070962,78.07264849
83,78.11753007,79.52982602,78.15361699,79.87007419,80.9267393,79.87007419,78.15361699,79.52982602,78.15361699
84,78.19729544,79.6178505,78.2335934,79.96008844,81.02293293,79.96008844,78.2335934,79.6178505,78.2335934
85,78.27608942,79.70480301,78.31259585,80.04900648,81.1179551,80.04900648,78.31259585,79.70480301,78.31259585
86,78.35392964,79.790703,78.39064202,80.13684822,81.21182707,80.13684822,78.39064202,79.790703,78.39064202
87,78.43083332,79.87556947,78.46774916,80.22363308,81.30456961,80.22363308,78.46774916,79.87556947,78.46774916
88,78.50681725,79.95942097,78.54393412,80.30938002,81.39620298,80.30938002,78.54393412,79.95942097,78.54393412
89,78.58189784,80.04227559,78.61921335,80.39410755,81.48674696,80.39410755,78.61921335,80.04227559,78.61921335
90,78.65609111,80.12415101,78.69360291,80.47783374,81.57622086,80.47783374,78.69360291,80.12415101,78.69360291
91,78.72941268,80.20506448,78.76711847,80.56057624,81.66464354,80.56057624,78.76711847,80.20506448,78.76711847
92,78.80187783,80.28503286,78.83977535,80.64235228,81.75203341,80.64235228,78.83977535,80.28503286,78.83977535
93,78.87350149,80.3640726,78.9115885,80.7231787,81.83840848,80.7231787,78.9115885,80.3640726,78.9115885
94,78.94429821,80.4421998,78.98257253,80.80307194,81.9237863,80.80307194,78.98257253,80.4421998,78.98257253
95,79.01428225,80.51943016,79.05274173,80.88204807,82.00818405,80.88204807,79.05274173,80.51943016,79.05274173
96,79.08346752,80.59577904,79.12211004,80.9601228,82.09161852,80.9601228,79.12211004,80.59577904,79.12211004
97,79.1518676,80.67126144,79.19069109,81.03731146,82.1741061,81.03731146,79.19069109,80.67126144,79.19069109
98,79.21949581,80.74589203,79.25849822,81.11362906,82.25566281,81.11362906,79.25849822,80.74589203,79.25849822
99,79.28636511,80.81968516,79.32554444,81.18909026,82.33630433,81.18909026,79.32554444,80.81968516,79.32554444
100,79.35248823,80.89265483,79.3918425,81.26370939,82.41604598,81.26370939,79.3918425,80.89265483,79.3918425
101,79.41787758,80.96481475,79.45740485,81.33750047,82.49490274,81.33750047,79.45740485,80.96481475,79.45740485
102,79.4825453,81.03617833,79.52224367,81.4104772,82.57288924,81.4104772,79.52224367,81.03617833,79.52224367
103,79.54650328,81.10675868,79.58637086,81.482653,82.65001983,81.482653,79.58637086,81.10675868,79.58637086
104,79.60976314,81.17656862,79.64979809,81.55404098,82.72630851,81.55404098,79.64979809,81.17656862,79.64979809
105,79.67233624,81.2456207,79.71253674,81.62465396,82.801769,81.62465396,79.71253674,81.2456207,79.71253674
106,79.73423372,81.31392719,79.77459798,81.6945045,82.8764147,81.6945045,79.77459798,81.31392719,79.77459798
107,79.79546644,81.3815001,79.83599271,81.76360488,82.95025874,81.76360488,79.83599271,81.3815001,79.83599271
108,79.85604507,81.44835119,79.89673161,81.83196713,83.02331397,81.83196713,79.89673161,81.44835119,79.89673161
109,79.91598003,81.51449196,79.95682513,81.89960299,83.09559297,81.89960299,79.95682513,81.51449196,79.95682513
110,79.97528152,81.57993368,80.01628352,81.966524,83.16710803,81.966524,80.01628352,81.57993368,80.01628352
111,80.03395953,81.64468736,80.07511678,82.03274142,83.2378712,82.03274142,80.07511678,81.64468736,80.07511678
112,80.09202385,81.7087638,80.13333472,82.0982663,83.30789428,82.0982663,80.13333472,81.7087638,80.13333472
113,80.14948405,81.77217357,80.19094694,82.16310943,83.37718882,82.16310943,80.19094694,81.77217357,80.19094694
114,80.20634951,81.83492703,80.24796285,82.22728141,83.44576614,82.22728141,80.24796285,81.83492703,80.24796285
115,80.26262942,81.8970343,80.30439166,82.2907926,83.5136373,82.2907926,80.30439166,81.8970343,80.30439166
116,80.31833278,81.95850532,80.3602424,82.35365316,83.58081316,82.35365316,80.3602424,81.95850532,80.3602424
117,80.37346839,82.01934981,80.41552388,82.41587303,83.64730435,82.41587303,80.41552388,82.01934981,80.41552388
118,80.4280449,82.07957731,80.47024479,82.47746195,83.71312129,82.47746195,80.47024479,82.07957731,80.47024479
119,80.48207077,82.13919715,80.5244136,82.53842949,83.77827418,82.53842949,80.5244136,82.13919715,80.5244136
120,80.53555429,82.19821849,80.57803862,82.59878498,83.84277301,82.59878498,80.57803862,82.19821849,80.57803862
121,80.58850359,82.25665029,80.631128,82.65853761,83.90662759,82.65853761,80.631128,82.25665029,80.631128
122,80.64092662,82.31450133,80.68368973,82.71769637,83.96984753,82.71769637,80.68368973,82.31450133,80.68368973
123,80.6928312,82.37178024,80.73573163,82.77627005,84.03244223,82.77627005,80.73573163,82.37178024,80.73573163
124,80.74422498,82.42849546,80.78726139,82.8342673,84.09442093,82.8342673,80.78726139,82.42849546,80.78726139
125,80.79511546,82.48465527,80.83828651,82.89169659,84.15579267,82.89169659,80.83828651,82.48465527,80.83828651
126,80.84551,82.54026779,80.88881438,82.94856622,84.21656633,82.94856622,80.88881438,82.54026779,80.88881438
127,80.89541582,82.59534098,80.93885224,83.00488432,84.27675061,83.00488432,80.93885224,82.59534098,80.93885224
128,80.94483999,82.64988264,80.98840716,83.06065889,84.33635404,83.06065889,80.98840716,82.64988264,80.98840716
129,80.99378944,82.70390045,81.03748613,83.11589775,84.39538499,83.11589775,81.03748613,82.70390045,81.03748613
130,81.042271,82.7574019,81.08609595,83.17060859,84.45385166,83.17060859,81.08609595,82.7574019,81.08609595
131,81.09029132,82.81039437,81.13424332,83.22479894,84.51176212,83.22479894,81.13424332,82.81039437,81.13424332
132,81.13785697,82.86288508,81.18193481,83.2784762,84.56912426,83.2784762,81.18193481,82.86288508,81.18193481
133,81.18497437,82.91488113,81.22917687,83.3316476,84.62594582,83.3316476,81.22917687,82.91488113,81.22917687
134,81.23164982,82.96638948,81.27597582,83.38432029,84.68223442,83.38432029,81.27597582,82.96638948,81.27597582
135,81.27788952,83.01741696,81.32233786,83.43650122,84.73799752,83.43650122,81.32233786,83.01741696,81.32233786
136,81.32369955,83.06797026,81.36826908,83.48819727,84.79324245,83.48819727,81.36826908,83.06797026,81.36826908
137,81.36908585,83.11805598,81.41377546,83.53941516,84.84797639,83.53941516,81.41377546,83.11805598,81.41377546
138,81.41405428,83.16768056,81.45886287,83.59016149,84.9022064,83.59016149,81.45886287,83.16768056,81.45886287
139,81.4586106,83.21685034,81.50353707,83.64044275,84.9559394,83.64044275,81.50353707,83.21685034,81.50353707
140,81.50276043,83.26557156,81.5478037,83.69026529,85.00918221,83.69026529,81.5478037,83.26557156,81.5478037
141,81.54650931,83.31385031,81.59166834,83.73963538,85.06194149,83.73963538,81.59166834,83.31385031,81.59166834
142,81.58986269,83.3616926,81.63513641,83.78855913,85.11422381,83.78855913,81.63513641,83.3616926,81.63513641
143,81.6328259,83.40910433,81.67821329,83.83704259,85.1660356,83.83704259,81.67821329,83.40910433,81.67821329
144,81.67540418,83.45609127,81.72090422,83.88509166,85.21738318,83.88509166,81.72090422,83.45609127,81.72090422
145,81.71760268,83.50265911,81.76321437,83.93271215,85.26827277,83.93271215,81.76321437,83.50265911,81.76321437
146,81.75942647,83.54881344,81.80514881,83.97990979,85.31871047,83.97990979,81.80514881,83.54881344,81.80514881
147,81.80088051,83.59455973,81.84671253,84.02669016,85.36870227,84.02669016,81.84671253,83.59455973,81.84671253
148,81.84196968,83.63990338,81.88791041,84.07305879,85.41825405,84.07305879,81.88791041,83.63990338,81.88791041
149,81.88269879,83.68484968,81.92874727,84.11902109,85.4673716,84.11902109,81.92874727,83.68484968,81.92874727
150,81.92307253,83.72940382,81.96922783,84.16458237,85.51606061,84.16458237,81.96922783,83.72940382,81.96922783
151,81.96309555,83.77357092,82.00935674,84.20974785,85.56432666,84.20974785,82.00935674,83.77357092,82.00935674
152,82.00277239,83.817356,82.04913855,84.25452268,85.61217523,84.25452268,82.04913855,83.817356,82.04913855
153,82.04210752,83.86076399,82.08857775,84.2989119,85.65961171,84.2989119,82.08857775,83.86076399,82.08857775
154,82.08110534,83.90379974,82.12767875,84.34292047,85.70664142,84.34292047,82.12767875,83.90379974,82.12767875
155,82.11977018,83.94646803,82.16644589,84.38655326,85.75326956,84.38655326,82.16644589,83.94646803,82.16644589
156,82.15810627,83.98877354,82.2048834,84.42981507,85.79950124,84.42981507,82.2048834,83.98877354,82.2048834
157,82.1961178,84.03072087,82.2429955,84.47271061,85.84534151,84.47271061,82.2429955,84.03072087,82.2429955
158,82.23380886,84.07231456,82.28078628,84.51524451,85.89079532,84.51524451,82.28078628,84.07231456,82.28078628
159,82.27118349,84.11355905,82.31825979,84.55742133,85.93586753,84.55742133,82.31825979,84.11355905,82.31825979
160,82.30824566,84.15445873,82.35542002,84.59924554,85.98056292,84.59924554,82.35542002,84.15445873,82.35542002
161,82.34499928,84.19501791,82.39227088,84.64072155,86.02488621,84.64072155,82.39227088,84.19501791,82.39227088
162,82.38144817,84.23524081,82.4288162,84.68185368,86.06884201,84.68185368,82.4288162,84.23524081,82.4288162
163,82.41759612,84.27513161,82.46505979,84.7226462,86.11243489,84.7226462,82.46505979,84.27513161,82.46505979
164,82.45344684,84.3146944,82.50100535,84.76310329,86.15566932,84.76310329,82.50100535,84.3146944,82.50100535
165,82.48900397,84.3539332,82.53665656,84.80322908,86.1985497,84.80322908,82.53665656,84.3539332,82.53665656
166,82.5242711,84.39285199,82.572017,84.84302761,86.24108036,84.84302761,82.572017,84.39285199,82.572017
167,82.55925178,84.43145466,82.60709023,84.88250288,86.28326556,84.88250288,82.60709023,84.43145466,82.60709023
168,82.59394948,84.46974504,82.64187973,84.92165881,86.3251095,84.92165881,82.64187973,84.46974504,82.64187973
169,82.62836762,84.50772691,82.67638893,84.96049926,86.3666163,84.96049926,82.67638893,84.50772691,82.67638893
170,82.66250956,84.54540399,82.71062119,84.99902801,86.40779001,84.99902801,82.71062119,84.54540399,82.71062119
171,82.69637861,84.58277993,82.74457985,85.03724883,86.44863464,85.03724883,82.74457985,84.58277993,82.74457985
172,82.72997803,84.61985832,82.77826817,85.07516537,86.4891541,85.07516537,82.77826817,84.61985832,82.77826817
173,82.76331103,84.65664271,82.81168936,85.11278125,86.52935228,85.11278125,82.81168936,84.65664271,82.81168936
174,82.79638077,84.69313657,82.8448466,85.15010005,86.56923297,85.15010005,82.8448466,84.69313657,82.8448466
175,82.82919035,84.72934334,82.87774298,85.18712526,86.60879992,85.18712526,82.87774298,84.72934334,82.87774298
176,82.86174284,84.76526638,82.91038159,85.22386034,86.64805682,85.22386034,82.91038159,84.76526638,82.91038159
177,82.89404123,84.80090903,82.94276543,85.26030868,86.6870073,85.26030868,82.94276543,84.80090903,82.94276543
178,82.92608849,84.83627455,82.97489749,85.29647363,86.72565493,85.29647363,82.97489749,84.83627455,82.97489749
179,82.95788755,84.87136616,83.00678068,85.33235848,86.76400323,85.33235848,83.00678068,84.87136616,83.00678068
180,82.98944127,84.90618703,83.03841788,85.36796647,86.80205567,85.36796647,83.03841788,84.90618703,83.03841788
181,83.02075249,84.94074029,83.06981193,85.40330079,86.83981565,85.40330079,83.06981193,84.94074029,83.06981193
182,83.05182398,84.975029,83.10096563,85.43836459,86.87728654,85.43836459,83.10096563,84.975029,83.10096563
183,83.08265849,85.00905619,83.13188172,85.47316095,86.91447164,85.47316095,83.13188172,85.00905619,83.13188172
184,83.11325872,85.04282485,83.16256291,85.50769294,86.95137421,85.50769294,83.16256291,85.04282485,83.16256291
185,83.14362733,85.0763379,83.19301187,85.54196355,86.98799745,85.54196355,83.19301187,85.0763379,83.19301187
186,83.17376694,85.10959824,83.22323122,85.57597573,87.02434454,85.57597573,83.22323122,85.10959824,83.22323122
187,83.20368014,85.14260872,83.25322356,85.6097324,87.06041857,85.6097324,83.25322356,85.14260872,83.25322356
188,83.23336945,85.17537214,83.28299142,85.64323643,87.09622261,85.64323643,83.28299142,85.17537214,83.28299142
189,83.26283739,85.20789127,83.31253733,85.67649065,87.13175969,85.67649065,83.31253733,85.20789127,83.31253733
190,83.29208643,85.24016882,83.34186375,85.70949783,87.16703277,85.70949783,83.34186375,85.24016882,83.34186375
191,83.32111899,85.27220748,83.37097312,85.74226072,87.2020448,85.74226072,83.37097312,85.27220748,83.37097312
192,83.34993747,85.3040099,83.39986784,85.77478201,87.23679865,85.77478201,83.39986784,85.3040099,83.39986784
193,83.37854422,85.33557867,83.42855028,85.80706439,87.27129717,85.80706439,83.42855028,85.33557867,83.42855028
194,83.40694158,85.36691636,83.45702277,85.83911046,87.30554316,85.83911046,83.45702277,85.36691636,83.45702277
195,83.43513183,85.3980255,83.4852876,85.87092281,87.3395394,85.87092281,83.4852876,85.3980255,83.4852876
196,83.46311723,85.42890857,83.51334704,85.90250399,87.37328859,85.90250399,83.51334704,85.42890857,83.51334704
197,83.4909,85.45956804,83.54120332,85.93385651,87.40679343,85.93385651,83.54120332,85.45956804,83.54120332
198,83.51848234,85.49000633,83.56885864,85.96498285,87.44005655,85.96498285,83.56885864,85.49000633,83.56885864
199,83.54586641,85.52022582,83.59631516,85.99588544,87.47308057,85.99588544,83.59631516,85.52022582,83.59631516
200,83.57305434,85.55022885,83.62357502,86.02656669,87.50586805,86.02656669,83.62357502,85.55022885,83.62357502
201,83.60004823,85.58001776,83.65064033,86.05702896,87.53842152,86.05702896,83.65064033,85.58001776,83.65064033
202,83.62685015,85.60959481,83.67751316,86.0872746,87.57074349,86.0872746,83.67751316,85.60959481,83.67751316
203,83.65346214,85.63896227,83.70419555,86.1173059,87.60283641,86.1173059,83.70419555,85.63896227,83.70419555
204,83.67988621,85.66812235,83.73068953,86.14712514,87.6347027,86.14712514,83.73068953,85.66812235,83.73068953
205,83.70612434,85.69707725,83.75699708,86.17673455,87.66634477,86.17673455,83.75699708,85.69707725,83.75699708
206,83.73217849,85.72582911,83.78312017,86.20613634,87.69776496,86.20613634,83.78312017,85.72582911,83.78312017
207,83.75805059,85.75438007,83.80906072,86.23533269,87.72896561,86.23533269,83.80906072,85.75438007,83.80906072
208,83.78374254,85.78273223,83.83482064,86.26432575,87.759949,86.26432575,83.83482064,85.78273223,83.83482064
209,83.80925622,85.81088766,83.86040182,86.29311762,87.7907174,86.29311762,83.86040182,85.81088766,83.86040182
210,83.83459347,85.83884839,83.88580611,86.3217104,87.82127304,86.3217104,83.88580611,85.83884839,83.88580611
211,83.85975612,85.86661645,83.91103533,86.35010614,87.85161812,86.35010614,83.91103533,85.86661645,83.91103533
212,83.88474597,85.8941938,83.93609129,86.37830687,87.8817548,86.37830687,83.93609129,85.8941938,83.93609129
213,83.90956478,85.92158242,83.96097577,86.4063146,87.91168523,86.4063146,83.96097577,85.92158242,83.96097577
214,83.93421432,85.94878423,83.98569052,86.4341313,87.94141152,86.4341313,83.98569052,85.94878423,83.98569052
215,83.9586963,85.97580114,84.01023728,86.46175892,87.97093574,86.46175892,84.01023728,85.97580114,84.01023728
216,83.98301243,86.00263502,84.03461774,86.48919938,88.00025995,86.48919938,84.03461774,86.00263502,84.03461774
217,84.00716439,86.02928773,84.0588336,86.51645457,88.02938618,86.51645457,84.0588336,86.02928773,84.0588336
218,84.03115384,86.05576111,84.08288652,86.54352637,88.05831643,86.54352637,84.08288652,86.05576111,84.08288652
219,84.0549824,86.08205694,84.10677813,86.57041661,88.08705266,86.57041661,84.10677813,86.08205694,84.10677813
220,84.0786517,86.10817702,84.13051005,86.59712713,88.11559682,86.59712713,84.13051005,86.10817702,84.13051005
221,84.10216333,86.13412309,84.15408388,86.62365971,88.14395083,86.62365971,84.15408388,86.13412309,84.15408388
222,84.12551885,86.1598969,84.17750119,86.65001613,88.17211659,86.65001613,84.17750119,86.1598969,84.17750119
223,84.14871981,86.18550015,84.20076353,86.67619813,88.20009596,86.67619813,84.20076353,86.18550015,84.20076353
224,84.17176775,86.21093453,84.22387245,86.70220745,88.22789078,86.70220745,84.22387245,86.21093453,84.22387245
225,84.19466417,86.2362017,84.24682945,86.72804578,88.25550289,86.72804578,84.24682945,86.2362017,84.24682945
226,84.21741056,86.26130331,84.26963602,86.7537148,88.28293406,86.7537148,84.26963602,86.26130331,84.26963602
227,84.24000839,86.28624098,84.29229364,86.77921618,88.31018608,86.77921618,84.29229364,86.28624098,84.29229364
228,84.26245912,86.31101631,84.31480376,86.80455155,88.33726069,86.80455155,84.31480376,86.31101631,84.31480376
229,84.28476417,86.33563088,84.33716783,86.82972253,88.36415963,86.82972253,84.33716783,86.33563088,84.33716783
230,84.30692495,86.36008625,84.35938725,86.8547307,88.39088459,86.8547307,84.35938725,86.36008625,84.35938725
231,84.32894287,86.38438396,84.38146342,86.87957766,88.41743726,86.87957766,84.38146342,86.38438396,84.38146342
232,84.3508193,86.40852553,84.40339773,86.90426494,88.4438193,86.90426494,84.40339773,86.40852553,84.40339773
233,84.3725556,86.43251246,84.42519153,86.92879409,88.47003234,86.92879409,84.42519153,86.43251246,84.42519153
234,84.39415311,86.45634623,84.44684618,86.95316661,88.49607802,86.95316661,84.44684618,86.45634623,84.44684618
235,84.41561316,86.4800283,84.46836301,86.97738401,88.52195791,86.97738401,84.46836301,86.4800283,84.46836301
236,84.43693705,86.50356012,84.48974331,87.00144776,88.54767361,87.00144776,84.48974331,86.50356012,84.48974331
237,84.45812608,86.52694311,84.5109884,87.02535932,88.57322667,87.02535932,84.5109884,86.52694311,84.5109884
238,84.47918151,86.55017868,84.53209955,87.04912013,88.59861863,87.04912013,84.53209955,86.55017868,84.53209955
239,84.50010462,86.57326822,84.55307801,87.0727316,88.623851,87.0727316,84.55307801,86.57326822,84.55307801
240,84.52089665,86.59621311,84.57392505,87.09619515,88.64892529,87.09619515,84.57392505,86.59621311,84.57392505
241,84.54155881,86.61901468,84.59464188,87.11951215,88.67384298,87.11951215,84.59464188,86.61901468,84.59464188
242,84.56209234,86.6416743,84.61522973,87.14268398,88.69860553,87.14268398,84.61522973,86.6416743,84.61522973
243,84.58249841,86.66419327,84.63568979,87.16571198,88.72321438,87.16571198,84.63568979,86.66419327,84.63568979
244,84.60277822,86.6865729,84.65602325,87.1885975,88.74767097,87.1885975,84.65602325,86.6865729,84.65602325
245,84.62293294,86.70881449,84.67623129,87.21134185,88.77197669,87.21134185,84.67623129,86.70881449,84.67623129
246,84.64296371,86.73091929,84.69631506,87.23394633,88.79613294,87.23394633,84.69631506,86.73091929,84.69631506
247,84.66287168,86.75288859,84.7162757,87.25641223,88.8201411,87.25641223,84.7162757,86.75288859,84.7162757
248,84.68265797,86.7747236,84.73611435,87.27874083,88.84400253,87.27874083,84.73611435,86.7747236,84.73611435
249,84.7023237,86.79642557,84.75583211,87.30093336,88.86771856,87.30093336,84.75583211,86.79642557,84.75583211
250,84.72186997,86.81799571,84.77543009,87.32299108,88.89129052,87.32299108,84.77543009,86.81799571,84.77543009
251,84.74129785,86.8394352,84.79490937,87.34491521,88.91471971,87.34491521,84.79490937,86.8394352,84.79490937
252,84.76060843,86.86074524,84.81427104,87.36670696,88.93800744,87.36670696,84.81427104,86.86074524,84.81427104
253,84.77980276,86.881927,84.83351615,87.38836753,88.96115498,87.38836753,84.83351615,86.881927,84.83351615
254,84.79888188,86.90298163,84.85264575,87.40989809,88.98416359,87.40989809,84.85264575,86.90298163,84.85264575
255,84.81784684,86.92391026,84.87166088,87.43129981,89.00703452,87.43129981,84.87166088,86.92391026,84.87166088
256,84.83669865,86.94471404,84.89056257,87.45257385,89.02976899,87.45257385,84.89056257,86.94471404,84.89056257
257,84.85543833,86.96539406,84.90935183,87.47372134,89.05236824,87.47372134,84.90935183,86.96539406,84.90935183
258,84.87406686,86.98595144,84.92802965,87.49474342,89.07483345,87.49474342,84.92802965,86.98595144,84.92802965
259,84.89258524,87.00638726,84.94659702,87.51564118,89.09716583,87.51564118,84.94659702,87.00638726,84.94659702
260,84.91099444,87.0267026,84.96505493,87.53641574,89.11936654,87.53641574,84.96505493,87.0267026,84.96505493
261,84.92929543,87.04689851,84.98340433,87.55706818,89.14143674,87.55706818,84.98340433,87.04689851,84.98340433
262,84.94748915,87.06697606,85.00164619,87.57759957,89.16337759,87.57759957,85.00164619,87.06697606,85.00164619
263,84.96557654,87.08693626,85.01978144,87.59801098,89.18519021,87.59801098,85.01978144,87.08693626,85.01978144
264,84.98355854,87.10678016,85.03781101,87.61830344,89.20687573,87.61830344,85.03781101,87.10678016,85.03781101
265,85.00143606,87.12650877,85.05573583,87.63847801,89.22843526,87.63847801,85.05573583,87.12650877,85.05573583
266,85.01921002,87.14612308,85.07355681,87.6585357,89.24986989,87.6585357,85.07355681,87.14612308,85.07355681
267,85.0368813,87.16562409,85.09127484,87.67847752,89.27118069,87.67847752,85.09127484,87.16562409,85.09127484
268,85.05445079,87.18501278,85.10889082,87.69830448,89.29236876,87.69830448,85.10889082,87.18501278,85.10889082
269,85.07191938,87.20429011,85.12640563,87.71801757,89.31343512,87.71801757,85.12640563,87.20429011,85.12640563
270,85.08928793,87.22345704,85.14382013,87.73761776,89.33438085,87.73761776,85.14382013,87.22345704,85.14382013
271,85.10655729,87.24251451,85.16113518,87.75710603,89.35520696,87.75710603,85.16113518,87.24251451,85.16113518
272,85.12372832,87.26146347,85.17835164,87.77648332,89.37591449,87.77648332,85.17835164,87.26146347,85.17835164
273,85.14080185,87.28030483,85.19547034,87.79575059,89.39650443,87.79575059,85.19547034,87.28030483,85.19547034
274,85.1577787,87.29903951,85.21249211,87.81490876,89.41697779,87.81490876,85.21249211,87.29903951,85.21249211
275,85.17465971,87.31766842,85.22941777,87.83395877,89.43733556,87.83395877,85.22941777,87.31766842,85.22941777
276,85.19144567,87.33619244,85.24624814,87.85290152,89.45757871,87.85290152,85.24624814,87.33619244,85.24624814
277,85.20813738,87.35461246,85.26298402,87.87173792,89.4777082,87.87173792,85.26298402,87.35461246,85.26298402
278,85.22473565,87.37292935,85.2796262,87.89046886,89.497725,87.89046886,85.2796262,87.37292935,85.2796262
279,85.24124125,87.39114398,85.29617547,87.90909523,89.51763004,87.90909523,85.29617547,87.39114398,85.29617547
280,85.25765495,87.40925719,85.3126326,87.92761789,89.53742427,87.92761789,85.3126326,87.40925719,85.3126326
281,85.27397752,87.42726985,85.32899836,87.94603771,89.55710859,87.94603771,85.32899836,87.42726985,85.32899836
282,85.29020972,87.44518277,85.3452735,87.96435555,89.57668393,87.96435555,85.3452735,87.44518277,85.3452735
283,85.3063523,87.46299679,85.36145879,87.98257225,89.59615119,87.98257225,85.36145879,87.46299679,85.36145879
284,85.32240599,87.48071272,85.37755496,88.00068865,89.61551125,88.00068865,85.37755496,87.48071272,85.37755496
285,85.33837153,87.49833138,85.39356274,88.01870557,89.63476501,88.01870557,85.39356274,87.49833138,85.39356274
286,85.35424965,87.51585355,85.40948286,88.03662383,89.65391334,88.03662383,85.40948286,87.51585355,85.40948286
287,85.37004105,87.53328003,85.42531604,88.05444423,89.67295709,88.05444423,85.42531604,87.53328003,85.42531604
288,85.38574645,87.55061161,85.44106299,88.07216758,89.69189713,88.07216758,85.44106299,87.55061161,85.44106299
289,85.40136654,87.56784905,85.45672441,88.08979467,89.7107343,88.08979467,85.45672441,87.56784905,85.45672441
290,85.41690203,87.58499312,85.472301,88.10732628,89.72946943,88.10732628,85.472301,87.58499312,85.472301
291,85.43235359,87.60204457,85.48779345,88.12476318,89.74810336,88.12476318,85.48779345,87.60204457,85.48779345
292,85.44772191,87.61900416,85.50320242,88.14210613,89.76663689,88.14210613,85.50320242,87.61900416,85.50320242
293,85.46300766,87.63587263,85.51852861,88.15935591,89.78507084,88.15935591,85.51852861,87.63587263,85.51852861
294,85.47821149,87.65265071,85.53377267,88.17651325,89.80340601,88.17651325,85.53377267,87.65265071,85.53377267
295,85.49333407,87.66933911,85.54893525,88.19357889,89.82164319,88.19357889,85.54893525,87.66933911,85.54893525
296,85.50837604,87.68593857,85.56401702,88.21055357,89.83978317,88.21055357,85.56401702,87.68593857,85.56401702
297,85.52333805,87.70244978,85.57901862,88.22743802,89.85782671,88.22743802,85.57901862,87.70244978,85.57901862
298,85.53822073,87.71887346,85.59394068,88.24423295,89.87577459,88.24423295,85.59394068,87.71887346,85.59394068
299,85.55302472,87.73521029,85.60878384,88.26093907,89.89362757,88.26093907,85.60878384,87.73521029,85.60878384
300,85.56775064,87.75146096,85.62354871,88.27755708,89.91138639,88.27755708,85.62354871,87.75146096,85.62354871
301,85.58239909,87.76762615,85.63823592,88.29408769,89.9290518,88.29408769,85.63823592,87.76762615,85.63823592
302,85.5969707,87.78370654,85.65284608,88.31053157,89.94662454,88.31053157,85.65284608,87.78370654,85.65284608
303,85.61146606,87.79970279,85.66737979,88.32688941,89.96410532,88.32688941,85.66737979,87.79970279,85.66737979
304,85.62588577,87.81561556,85.68183766,88.34316188,89.98149488,88.34316188,85.68183766,87.81561556,85.68183766
305,85.64023043,87.83144549,85.69622026,88.35934965,89.99879392,88.35934965,85.69622026,87.83144549,85.69622026
306,85.65450061,87.84719324,85.7105282,88.37545337,90.01600315,88.37545337,85.7105282,87.84719324,85.7105282
307,85.6686969,87.86285945,85.72476205,88.39147371,90.03312326,88.39147371,85.72476205,87.86285945,85.72476205
308,85.68281986,87.87844474,85.73892238,88.4074113,90.05015495,88.4074113,85.73892238,87.87844474,85.73892238
309,85.69687007,87.89394974,85.75300976,88.42326679,90.0670989,88.42326679,85.75300976,87.89394974,85.75300976
310,85.71084808,87.90937507,85.76702475,88.4390408,90.08395579,88.4390408,85.76702475,87.90937507,85.76702475
311,85.72475446,87.92472135,85.78096792,88.45473398,90.10072628,88.45473398,85.78096792,87.92472135,85.78096792
312,85.73858974,87.93998917,85.7948398,88.47034692,90.11741103,88.47034692,85.7948398,87.93998917,85.7948398
313,85.75235447,87.95517914,85.80864095,88.48588026,90.13401072,88.48588026,85.80864095,87.95517914,85.80864095
314,85.7660492,87.97029185,85.82237191,88.50133459,90.15052597,88.50133459,85.82237191,87.97029185,85.82237191
315,85.77967445,87.98532789,85.83603321,88.51671052,90.16695744,88.51671052,85.83603321,87.98532789,85.83603321
316,85.79323075,88.00028785,85.84962538,88.53200864,90.18330576,88.53200864,85.84962538,88.00028785,85.84962538
317,85.80671862,88.01517229,85.86314894,88.54722954,90.19957156,88.54722954,85.86314894,88.01517229,85.86314894
318,85.82013859,88.02998179,85.87660441,88.5623738,90.21575546,88.5623738,85.87660441,88.02998179,85.87660441
319,85.83349115,88.04471691,85.8899923,88.57744201,90.23185808,88.57744201,85.8899923,88.04471691,85.8899923
320,85.84677683,88.05937822,85.90331313,88.59243473,90.24788004,88.59243473,85.90331313,88.05937822,85.90331313
321,85.85999611,88.07396626,85.91656738,88.60735253,90.26382193,88.60735253,85.91656738,88.07396626,85.91656738
322,85.8731495,88.08848159,85.92975557,88.62219597,90.27968435,88.62219597,85.92975557,88.08848159,85.92975557
323,85.88623749,88.10292474,85.94287819,88.63696561,90.2954679,88.63696561,85.94287819,88.10292474,85.94287819
324,85.89926056,88.11729625,85.95593572,88.65166198,90.31117317,88.65166198,85.95593572,88.11729625,85.95593572
325,85.9122192,88.13159665,85.96892864,88.66628565,90.32680073,88.66628565,85.96892864,88.13159665,85.96892864
326,85.92511388,88.14582648,85.98185743,88.68083714,90.34235116,88.68083714,85.98185743,88.14582648,85.98185743
327,85.93794507,88.15998625,85.99472258,88.69531698,90.35782504,88.69531698,85.99472258,88.15998625,85.99472258
328,85.95071325,88.17407648,86.00752453,88.70972572,90.37322291,88.70972572,86.00752453,88.17407648,86.00752453
329,85.96341888,88.18809767,86.02026377,88.72406386,90.38854535,88.72406386,86.02026377,88.18809767,86.02026377
330,85.9760624,88.20205034,86.03294075,88.73833192,90.4037929,88.73833192,86.03294075,88.20205034,86.03294075
331,85.98864429,88.21593499,86.04555593,88.75253043,90.41896612,88.75253043,86.04555593,88.21593499,86.04555593
332,86.00116499,88.22975211,86.05810975,88.76665988,90.43406554,88.76665988,86.05810975,88.22975211,86.05810975
333,86.01362493,88.24350219,86.07060266,88.78072078,90.44909171,88.78072078,86.07060266,88.24350219,86.07060266
334,86.02602458,88.25718573,86.08303511,88.79471363,90.46404515,88.79471363,86.08303511,88.25718573,86.08303511
335,86.03836435,88.27080319,86.09540754,88.80863891,90.47892639,88.80863891,86.09540754,88.27080319,86.09540754
336,86.05064469,88.28435507,86.10772036,88.82249713,90.49373595,88.82249713,86.10772036,88.28435507,86.10772036
337,86.06286602,88.29784183,86.11997403,88.83628875,90.50847435,88.83628875,86.11997403,88.29784183,86.11997403
338,86.07502877,88.31126393,86.13216896,88.85001426,90.52314211,88.85001426,86.13216896,88.31126393,86.13216896
339,86.08713336,88.32462186,86.14430557,88.86367414,90.53773972,88.86367414,86.14430557,88.32462186,86.14430557
340,86.09918019,88.33791606,86.15638428,88.87726885,90.55226769,88.87726885,86.15638428,88.33791606,86.15638428
341,86.1111697,88.35114698,86.1684055,88.89079885,90.56672652,88.89079885,86.1684055,88.35114698,86.1684055
342,86.12310227,88.36431509,86.18036965,88.90426462,90.58111669,88.90426462,86.18036965,88.36431509,86.18036965
343,86.13497833,88.37742082,86.19227712,88.9176666,90.59543871,88.9176666,86.19227712,88.37742082,86.19227712
344,86.14679826,88.39046462,86.20412833,88.93100525,90.60969304,88.93100525,86.20412833,88.39046462,86.20412833
345,86.15856247,88.40344692,86.21592366,88.94428102,90.62388017,88.94428102,86.21592366,88.40344692,86.21592366
346,86.17027135,88.41636816,86.22766352,88.95749434,90.63800058,88.95749434,86.22766352,88.41636816,86.22766352
347,86.18192528,88.42922878,86.23934829,88.97064567,90.65205472,88.97064567,86.23934829,88.42922878,86.23934829
348,86.19352466,88.44202919,86.25097836,88.98373543,90.66604308,88.98373543,86.25097836,88.44202919,86.25097836
349,86.20506987,88.45476981,86.26255411,88.99676405,90.6799661,88.99676405,86.26255411,88.45476981,86.26255411
350,86.21656128,88.46745107,86.27407592,89.00973197,90.69382425,89.00973197,86.27407592,88.46745107,86.27407592
351,86.22799927,88.48007338,86.28554417,89.0226396,90.70761798,89.0226396,86.28554417,88.48007338,86.28554417
352,86.23938421,88.49263715,86.29695924,89.03548737,90.72134774,89.03548737,86.29695924,88.49263715,86.29695924
353,86.25071648,88.50514278,86.30832148,89.04827569,90.73501396,89.04827569,86.30832148,88.50514278,86.30832148
354,86.26199642,88.51759068,86.31963127,89.06100497,90.74861709,89.06100497,86.31963127,88.51759068,86.31963127
355,86.27322442,88.52998125,86.33088897,89.07367563,90.76215757,89.07367563,86.33088897,88.52998125,86.33088897
356,86.28440081,88.54231488,86.34209494,89.08628805,90.77563583,89.08628805,86.34209494,88.54231488,86.34209494
357,86.29552597,88.55459196,86.35324953,89.09884266,90.78905229,89.09884266,86.35324953,88.55459196,86.35324953
358,86.30660024,88.56681289,86.36435309,89.11133983,90.80240738,89.11133983,86.36435309,88.56681289,86.36435309
359,86.31762396,88.57897803,86.37540598,89.12377997,90.81570152,89.12377997,86.37540598,88.57897803,86.37540598
360,86.32859749,88.59108779,86.38640855,89.13616346,90.82893513,89.13616346,86.38640855,88.59108779,86.38640855
361,86.33952117,88.60314253,86.39736112,89.1484907,90.84210861,89.1484907,86.39736112,88.60314253,86.39736112
362,86.35039533,88.61514263,86.40826406,89.16076206,90.85522239,89.16076206,86.40826406,88.61514263,86.40826406
363,86.36122031,88.62708846,86.41911768,89.17297792,90.86827685,89.17297792,86.41911768,88.62708846,86.41911768
364,86.37199645,88.63898038,86.42992232,89.18513866,90.88127241,89.18513866,86.42992232,88.63898038,86.42992232
365,86.38272407,88.65081877,86.44067833,89.19724464,90.89420946,89.19724464,86.44067833,88.65081877,86.44067833
366,86.3934035,88.66260397,86.45138601,89.20929625,90.9070884,89.20929625,86.45138601,88.66260397,86.45138601
367,86.40403506,88.67433636,86.4620457,89.22129384,90.91990961,89.22129384,86.4620457,88.67433636,86.4620457
368,86.41461908,88.68601627,86.47265773,89.23323778,90.93267349,89.23323778,86.47265773,88.68601627,86.47265773
369,86.42515588,88.69764407,86.4832224,89.24512843,90.94538041,89.24512843,86.4832224,88.69764407,86.4832224
370,86.43564576,88.70922011,86.49374004,89.25696613,90.95803076,89.25696613,86.49374004,88.70922011,86.49374004
371,86.44608905,88.72074472,86.50421095,89.26875125,90.97062492,89.26875125,86.50421095,88.72074472,86.50421095
372,86.45648605,88.73221825,86.51463546,89.28048414,90.98316325,89.28048414,86.51463546,88.73221825,86.51463546
373,86.46683706,88.74364103,86.52501386,89.29216513,90.99564614,89.29216513,86.52501386,88.74364103,86.52501386
374,86.47714241,88.75501342,86.53534647,89.30379459,91.00807394,89.30379459,86.53534647,88.75501342,86.53534647
375,86.48740237,88.76633572,86.54563358,89.31537283,91.02044702,89.31537283,86.54563358,88.76633572,86.54563358
376,86.49761726,88.77760829,86.55587549,89.32690021,91.03276573,89.32690021,86.55587549,88.77760829,86.55587549
377,86.50778737,88.78883143,86.56607251,89.33837705,91.04503045,89.33837705,86.56607251,88.78883143,86.56607251
378,86.51791299,88.80000549,86.57622492,89.34980369,91.05724152,89.34980369,86.57622492,88.80000549,86.57622492
379,86.52799442,88.81113077,86.58633302,89.36118046,91.06939929,89.36118046,86.58633302,88.81113077,86.58633302
380,86.53803194,88.82220761,86.5963971,89.37250769,91.08150411,89.37250769,86.5963971,88.82220761,86.5963971
381,86.54802585,88.8332363,86.60641745,89.38378568,91.09355633,89.38378568,86.60641745,88.8332363,86.60641745
382,86.55797641,88.84421718,86.61639434,89.39501478,91.10555629,89.39501478,86.61639434,88.84421718,86.61639434
383,86.56788393,88.85515054,86.62632807,89.40619528,91.11750433,89.40619528,86.62632807,88.85515054,86.62632807
384,86.57774866,88.86603669,86.6362189,89.41732752,91.12940078,89.41732752,86.6362189,88.86603669,86.6362189
385,86.5875709,88.87687595,86.64606712,89.42841179,91.14124597,89.42841179,86.64606712,88.87687595,86.64606712
386,86.59735091,88.88766861,86.65587301,89.43944841,91.15304025,89.43944841,86.65587301,88.88766861,86.65587301
387,86.60708897,88.89841497,86.66563683,89.45043769,91.16478393,89.45043769,86.66563683,88.89841497,86.66563683
388,86.61678534,88.90911533,86.67535886,89.46137993,91.17647734,89.46137993,86.67535886,88.90911533,86.67535886
389,86.6264403,88.91976998,86.68503936,89.47227543,91.1881208,89.47227543,86.68503936,88.91976998,86.68503936
390,86.6360541,88.93037922,86.6946786,89.48312449,91.19971464,89.48312449,86.6946786,88.93037922,86.6946786
391,86.64562701,88.94094334,86.70427684,89.49392741,91.21125916,89.49392741,86.70427684,88.94094334,86.70427684
392,86.6551593,88.95146262,86.71383434,89.50468447,91.22275469,89.50468447,86.71383434,88.95146262,86.71383434
393,86.66465121,88.96193735,86.72335137,89.51539598,91.23420153,89.51539598,86.72335137,88.96193735,86.72335137
394,86.67410301,88.97236781,86.73282817,89.52606222,91.24559999,89.52606222,86.73282817,88.97236781,86.73282817
395,86.68351494,88.98275428,86.74226501,89.53668347,91.25695038,89.53668347,86.74226501,88.98275428,86.74226501
396,86.69288727,88.99309704,86.75166213,89.54726003,91.26825301,89.54726003,86.75166213,88.99309704,86.75166213
397,86.70222023,89.00339636,86.76101979,89.55779216,91.27950816,89.55779216,86.76101979,89.00339636,86.76101979
398,86.71151408,89.01365252,86.77033823,89.56828016,91.29071615,89.56828016,86.77033823,89.01365252,86.77033823
399,86.72076907,89.02386579,86.7796177,89.5787243,91.30187726,89.5787243,86.7796177,89.02386579,86.7796177
400,86.72998543,89.03403643,86.78885844,89.58912485,91.3129918,89.58912485,86.78885844,89.03403643,86.78885844
401,86.7391634,89.04416472,86.7980607,89.59948208,91.32406004,89.59948208,86.7980607,89.04416472,86.7980607
402,86.74830323,89.05425091,86.80722471,89.60979627,91.33508229,89.60979627,86.80722471,89.05425091,86.80722471
403,86.75740516,89.06429527,86.81635072,89.62006768,91.34605882,89.62006768,86.81635072,89.06429527,86.81635072
404,86.76646941,89.07429806,86.82543895,89.63029658,91.35698992,89.63029658,86.82543895,89.07429806,86.82543895
405,86.77549623,89.08425954,86.83448965,89.64048323,91.36787588,89.64048323,86.83448965,89.08425954,86.83448965
406,86.78448584,89.09417995,86.84350304,89.65062789,91.37871696,89.65062789,86.84350304,89.09417995,86.84350304
407,86.79343847,89.10405956,86.85247936,89.66073083,91.38951345,89.66073083,86.85247936,89.10405956,86.85247936
408,86.80235435,89.11389862,86.86141884,89.6707923,91.40026563,89.6707923,86.86141884,89.11389862,86.86141884
409,86.81123371,89.12369737,86.87032169,89.68081255,91.41097375,89.68081255,86.87032169,89.12369737,86.87032169
410,86.82007677,89.13345606,86.87918814,89.69079183,91.42163811,89.69079183,86.87918814,89.13345606,86.87918814
411,86.82888376,89.14317494,86.88801843,89.7007304,91.43225895,89.7007304,86.88801843,89.14317494,86.88801843
412,86.83765488,89.15285425,86.89681276,89.71062851,91.44283655,89.71062851,86.89681276,89.15285425,86.89681276
413,86.84639037,89.16249423,86.90557136,89.7204864,91.45337118,89.7204864,86.90557136,89.16249423,86.90557136
414,86.85509044,89.17209513,86.91429444,89.73030432,91.46386309,89.73030432,86.91429444,89.17209513,86.91429444
415,86.8637553,89.18165717,86.92298223,89.74008251,91.47431254,89.74008251,86.92298223,89.18165717,86.92298223
416,86.87238516,89.19118059,86.93163493,89.74982121,91.48471978,89.74982121,86.93163493,89.19118059,86.93163493
417,86.88098025,89.20066563,86.94025275,89.75952066,91.49508509,89.75952066,86.94025275,89.20066563,86.94025275
418,86.88954076,89.21011252,86.94883591,89.76918109,91.5054087,89.76918109,86.94883591,89.21011252,86.94883591
419,86.89806691,89.21952149,86.95738462,89.77880274,91.51569087,89.77880274,86.95738462,89.21952149,86.95738462
420,86.9065589,89.22889276,86.96589908,89.78838585,91.52593185,89.78838585,86.96589908,89.22889276,86.96589908
421,86.91501694,89.23822657,86.97437949,89.79793065,91.53613188,89.79793065,86.97437949,89.23822657,86.97437949
422,86.92344123,89.24752313,86.98282607,89.80743735,91.54629121,89.80743735,86.98282607,89.24752313,86.98282607
423,86.93183197,89.25678267,86.99123901,89.8169062,91.55641009,89.8169062,86.99123901,89.25678267,86.99123901
424,86.94018936,89.26600541,86.99961852,89.82633742,91.56648875,89.82633742,86.99961852,89.26600541,86.99961852
425,86.94851361,89.27519157,87.00796479,89.83573123,91.57652743,89.83573123,87.00796479,89.27519157,87.00796479
426,86.9568049,89.28434136,87.01627801,89.84508785,91.58652637,89.84508785,87.01627801,89.28434136,87.01627801
427,86.96506344,89.293455,87.0245584,89.85440751,91.59648581,89.85440751,87.0245584,89.293455,87.0245584
428,86.97328941,89.30253271,87.03280613,89.86369042,91.60640598,89.86369042,87.03280613,89.30253271,87.03280613
429,86.98148301,89.3115747,87.04102141,89.8729368,91.61628712,89.8729368,87.04102141,89.3115747,87.04102141
430,86.98964443,89.32058117,87.04920443,89.88214686,91.62612944,89.88214686,87.04920443,89.32058117,87.04920443
431,86.99777386,89.32955234,87.05735536,89.89132082,91.63593318,89.89132082,87.05735536,89.32955234,87.05735536
432,87.00587149,89.33848842,87.06547441,89.90045889,91.64569857,89.90045889,87.06547441,89.33848842,87.06547441
433,87.01393749,89.3473896,87.07356176,89.90956128,91.65542584,89.90956128,87.07356176,89.3473896,87.07356176
434,87.02197207,89.3562561,87.0816176,89.91862821,91.66511519,89.91862821,87.0816176,89.3562561,87.0816176
435,87.0299754,89.36508811,87.0896421,89.92765986,91.67476686,89.92765986,87.0896421,89.36508811,87.0896421
436,87.03794766,89.37388584,87.09763545,89.93665646,91.68438106,89.93665646,87.09763545,89.37388584,87.09763545
437,87.04588903,89.38264948,87.10559783,89.9456182,91.69395802,89.9456182,87.10559783,89.38264948,87.10559783
438,87.0537997,89.39137924,87.11352943,89.95454529,91.70349794,89.95454529,87.11352943,89.39137924,87.11352943
439,87.06167983,89.4000753,87.12143041,89.96343793,91.71300105,89.96343793,87.12143041,89.4000753,87.12143041
440,87.06952962,89.40873787,87.12930097,89.97229631,91.72246755,89.97229631,87.12930097,89.40873787,87.12930097
441,87.07734922,89.41736714,87.13714126,89.98112064,91.73189766,89.98112064,87.13714126,89.41736714,87.13714126
442,87.08513882,89.42596329,87.14495147,89.98991111,91.74129159,89.98991111,87.14495147,89.42596329,87.14495147
443,87.09289859,89.43452652,87.15273177,89.99866792,91.75064954,89.99866792,87.15273177,89.43452652,87.15273177
444,87.1006287,89.44305703,87.16048232,90.00739125,91.75997171,90.00739125,87.16048232,89.44305703,87.16048232
445,87.10832931,89.45155498,87.16820331,90.0160813,91.76925833,90.0160813,87.16820331,89.45155498,87.16820331
446,87.1160006,89.46002058,87.1758949,90.02473826,91.77850958,90.02473826,87.1758949,89.46002058,87.1758949
447,87.12364274,89.468454,87.18355726,90.03336232,91.78772567,90.03336232,87.18355726,89.468454,87.18355726
448,87.13125589,89.47685543,87.19119055,90.04195366,91.7969068,90.04195366,87.19119055,89.47685543,87.19119055
449,87.13884021,89.48522506,87.19879494,90.05051247,91.80605316,90.05051247,87.19879494,89.48522506,87.19879494
450,87.14639587,89.49356305,87.20637059,90.05903894,91.81516497,90.05903894,87.20637059,89.49356305,87.20637059
451,87.15392303,89.50186959,87.21391766,90.06753325,91.8242424,90.06753325,87.21391766,89.50186959,87.21391766
452,87.16142185,89.51014486,87.22143632,90.07599558,91.83328566,90.07599558,87.22143632,89.51014486,87.22143632
453,87.1688925,89.51838903,87.22892673,90.08442611,91.84229493,90.08442611,87.22892673,89.51838903,87.22892673
454,87.17633512,89.52660228,87.23638904,90.09282502,91.85127042,90.09282502,87.23638904,89.52660228,87.23638904
455,87.18374988,89.53478478,87.24382342,90.10119248,91.8602123,90.10119248,87.24382342,89.53478478,87.24382342
456,87.19113693,89.54293671,87.25123002,90.10952868,91.86912077,90.10952868,87.25123002,89.54293671,87.25123002
457,87.19849643,89.55105823,87.25860899,90.11783379,91.87799601,90.11783379,87.25860899,89.55105823,87.25860899
458,87.20582853,89.55914952,87.26596049,90.12610798,91.88683821,90.12610798,87.26596049,89.55914952,87.26596049
459,87.21313339,89.56721074,87.27328467,90.13435142,91.89564756,90.13435142,87.27328467,89.56721074,87.27328467
460,87.22041115,89.57524206,87.28058169,90.14256429,91.90442423,90.14256429,87.28058169,89.57524206,87.28058169
461,87.22766197,89.58324365,87.2878517,90.15074675,91.91316841,90.15074675,87.2878517,89.58324365,87.2878517
462,87.234886,89.59121567,87.29509484,90.15889897,91.92188028,90.15889897,87.29509484,89.59121567,87.29509484
463,87.24208338,89.59915828,87.30231126,90.16702113,91.93056001,90.16702113,87.30231126,89.59915828,87.30231126
464,87.24925426,89.60707165,87.30950111,90.17511338,91.93920779,90.17511338,87.30950111,89.60707165,87.30950111
465,87.25639879,89.61495595,87.31666454,90.1831759,91.94782378,90.1831759,87.31666454,89.61495595,87.31666454
466,87.26351711,89.62281132,87.3238017,90.19120884,91.95640817,90.19120884,87.3238017,89.62281132,87.3238017
467,87.27060937,89.63063793,87.33091272,90.19921236,91.96496113,90.19921236,87.33091272,89.63063793,87.33091272
468,87.27767571,89.63843593,87.33799776,90.20718664,91.97348284,90.20718664,87.33799776,89.63843593,87.33799776
469,87.28471627,89.64620549,87.34505694,90.21513183,91.98197345,90.21513183,87.34505694,89.64620549,87.34505694
470,87.29173119,89.65394675,87.35209042,90.22304808,91.99043314,90.22304808,87.35209042,89.65394675,87.35209042
471,87.29872061,89.66165987,87.35909834,90.23093556,91.99886209,90.23093556,87.35909834,89.66165987,87.35909834
472,87.30568468,89.66934501,87.36608083,90.23879442,92.00726045,90.23879442,87.36608083,89.66934501,87.36608083
473,87.31262352,89.67700232,87.37303803,90.24662482,92.0156284,90.24662482,87.37303803,89.67700232,87.37303803
474,87.31953728,89.68463195,87.37997007,90.25442691,92.02396609,90.25442691,87.37997007,89.68463195,87.37997007
475,87.32642608,89.69223404,87.38687711,90.26220084,92.0322737,90.26220084,87.38687711,89.69223404,87.38687711
476,87.33329008,89.69980875,87.39375926,90.26994677,92.04055138,90.26994677,87.39375926,89.69980875,87.39375926
477,87.34012939,89.70735622,87.40061667,90.27766486,92.0487993,90.27766486,87.40061667,89.70735622,87.40061667
478,87.34694416,89.7148766,87.40744947,90.28535523,92.05701761,90.28535523,87.40744947,89.7148766,87.40744947
479,87.35373451,89.72237004,87.41425778,90.29301806,92.06520649,90.29301806,87.41425778,89.72237004,87.41425778
480,87.36050057,89.72983668,87.42104175,90.30065348,92.07336607,90.30065348,87.42104175,89.72983668,87.42104175
481,87.36724248,89.73727667,87.42780149,90.30826165,92.08149653,90.30826165,87.42780149,89.73727667,87.42780149
482,87.37396037,89.74469014,87.43453715,90.3158427,92.08959801,90.3158427,87.43453715,89.74469014,87.43453715
483,87.38065435,89.75207724,87.44124885,90.32339678,92.09767067,90.32339678,87.44124885,89.75207724,87.44124885
484,87.38732457,89.75943811,87.44793671,90.33092404,92.10571467,90.33092404,87.44793671,89.75943811,87.44793671
485,87.39397114,89.76677288,87.45460087,90.33842462,92.11373015,90.33842462,87.45460087,89.76677288,87.45460087
486,87.4005942,89.7740817,87.46124145,90.34589865,92.12171727,90.34589865,87.46124145,89.7740817,87.46124145
487,87.40719386,89.78136471,87.46785857,90.35334629,92.12967618,90.35334629,87.46785857,89.78136471,87.46785857
488,87.41377025,89.78862204,87.47445237,90.36076767,92.13760703,90.36076767,87.47445237,89.78862204,87.47445237
489,87.4203235,89.79585382,87.48102295,90.36816293,92.14550996,90.36816293,87.48102295,89.79585382,87.48102295
490,87.42685372,89.8030602,87.48757045,90.3755322,92.15338513,90.3755322,87.48757045,89.8030602,87.48757045
491,87.43336103,89.8102413,87.49409498,90.38287563,92.16123267,90.38287563,87.49409498,89.8102413,87.49409498
492,87.43984557,89.81739726,87.50059667,90.39019334,92.16905274,90.39019334,87.50059667,89.81739726,87.50059667
493,87.44630744,89.8245282,87.50707563,90.39748548,92.17684548,90.39748548,87.50707563,89.8245282,87.50707563
494,87.45274676,89.83163427,87.51353199,90.40475218,92.18461103,90.40475218,87.51353199,89.83163427,87.51353199
495,87.45916365,89.83871559,87.51996586,90.41199357,92.19234953,90.41199357,87.51996586,89.83871559,87.51996586
496,87.46555824,89.84577228,87.52637737,90.41920978,92.20006112,90.41920978,87.52637737,89.84577228,87.52637737
497,87.47193063,89.85280448,87.53276662,90.42640094,92.20774595,90.42640094,87.53276662,89.85280448,87.53276662
498,87.47828094,89.85981232,87.53913373,90.43356719,92.21540415,90.43356719,87.53913373,89.85981232,87.53913373
499,87.48460928,89.86679592,87.54547882,90.44070865,92.22303587,90.44070865,87.54547882,89.86679592,87.54547882
500,87.49091578,89.87375541,87.551802,90.44782545,92.23064123,90.44782545,87.551802,89.87375541,87.551802
501,87.49720054,89.8806909,87.55810338,90.45491772,92.23822038,90.45491772,87.55810338,89.8806909,87.55810338
502,87.50346367,89.88760253,87.56438308,90.46198559,92.24577345,90.46198559,87.56438308,89.88760253,87.56438308
503,87.50970528,89.89449042,87.57064121,90.46902918,92.25330057,90.46902918,87.57064121,89.89449042,87.57064121
504,87.5159255,89.90135469,87.57687788,90.47604861,92.26080188,90.47604861,87.57687788,89.90135469,87.57687788
505,87.52212442,89.90819546,87.5830932,90.48304402,92.26827751,90.48304402,87.5830932,89.90819546,87.5830932
506,87.52830215,89.91501286,87.58928728,90.49001552,92.27572759,90.49001552,87.58928728,89.91501286,87.58928728
507,87.53445881,89.92180699,87.59546023,90.49696323,92.28315226,90.49696323,87.59546023,89.92180699,87.59546023
508,87.5405945,89.92857799,87.60161215,90.50388728,92.29055164,90.50388728,87.60161215,89.92857799,87.60161215
509,87.54670933,89.93532596,87.60774316,90.51078779,92.29792586,90.51078779,87.60774316,89.93532596,87.60774316
510,87.5528034,89.94205103,87.61385336,90.51766488,92.30527505,90.51766488,87.61385336,89.94205103,87.61385336
511,87.55887682,89.94875331,87.61994285,90.52451866,92.31259934,90.52451866,87.61994285,89.94875331,87.61994285
512,87.5649297,89.95543292,87.62601174,90.53134926,92.31989885,90.53134926,87.62601174,89.95543292,87.62601174
513,87.57096214,89.96208997,87.63206014,90.53815679,92.32717371,90.53815679,87.63206014,89.96208997,87.63206014
514,87.57697424,89.96872457,87.63808814,90.54494137,92.33442405,90.54494137,87.63808814,89.96872457,87.63808814
515,87.5829661,89.97533685,87.64409586,90.55170312,92.34164998,90.55170312,87.64409586,89.97533685,87.64409586
516,87.58893784,89.98192691,87.65008339,90.55844215,92.34885163,90.55844215,87.65008339,89.98192691,87.65008339
517,87.59488954,89.98849486,87.65605084,90.56515857,92.35602913,90.56515857,87.65605084,89.98849486,87.65605084
518,87.6008213,89.99504082,87.6619983,90.57185249,92.36318259,90.57185249,87.6619983,89.99504082,87.6619983
519,87.60673324,90.0015649,87.66792588,90.57852404,92.37031213,90.57852404,87.66792588,90.0015649,87.66792588
520,87.61262545,90.0080672,87.67383367,90.58517333,92.37741788,90.58517333,87.67383367,90.0080672,87.67383367
521,87.61849802,90.01454783,87.67972178,90.59180045,92.38449995,90.59180045,87.67972178,90.01454783,87.67972178
522,87.62435106,90.0210069,87.68559031,90.59840553,92.39155846,90.59840553,87.68559031,90.0210069,87.68559031
523,87.63018466,90.02744453,87.69143934,90.60498868,92.39859353,90.60498868,87.69143934,90.02744453,87.69143934
524,87.63599891,90.03386081,87.69726898,90.61155,92.40560528,90.61155,87.69726898,90.03386081,87.69726898
525,87.64179393,90.04025585,87.70307932,90.6180896,92.41259382,90.6180896,87.70307932,90.04025585,87.70307932
526,87.64756979,90.04662976,87.70887047,90.62460759,92.41955926,90.62460759,87.70887047,90.04662976,87.70887047
527,87.6533266,90.05298265,87.71464251,90.63110408,92.42650173,90.63110408,87.71464251,90.05298265,87.71464251
528,87.65906445,90.0593146,87.72039554,90.63757917,92.43342132,90.63757917,87.72039554,90.0593146,87.72039554
529,87.66478343,90.06562574,87.72612965,90.64403297,92.44031817,90.64403297,87.72612965,90.06562574,87.72612965
530,87.67048363,90.07191616,87.73184493,90.65046558,92.44719237,90.65046558,87.73184493,90.07191616,87.73184493
531,87.67616515,90.07818596,87.73754149,90.65687711,92.45404405,90.65687711,87.73754149,90.07818596,87.73754149
532,87.68182809,90.08443525,87.7432194,90.66326766,92.4608733,90.66326766,87.7432194,90.08443525,87.7432194
533,87.68747252,90.09066412,87.74887877,90.66963733,92.46768024,90.66963733,87.74887877,90.09066412,87.74887877
534,87.69309854,90.09687268,87.75451968,90.67598623,92.47446499,90.67598623,87.75451968,90.09687268,87.75451968
535,87.69870625,90.10306102,87.76014222,90.68231446,92.48122764,90.68231446,87.76014222,90.10306102,87.76014222
536,87.70429572,90.10922924,87.76574648,90.68862211,92.48796831,90.68862211,87.76574648,90.10922924,87.76574648
537,87.70986706,90.11537744,87.77133256,90.6949093,92.4946871,90.6949093,87.77133256,90.11537744,87.77133256
538,87.71542034,90.12150573,87.77690053,90.70117611,92.50138412,90.70117611,87.77690053,90.12150573,87.77690053
539,87.72095566,90.12761418,87.78245049,90.70742264,92.50805947,90.70742264,87.78245049,90.12761418,87.78245049
540,87.72647309,90.13370291,87.78798253,90.71364901,92.51471327,90.71364901,87.78798253,90.13370291,87.78798253
541,87.73197274,90.13977201,87.79349673,90.71985529,92.52134561,90.71985529,87.79349673,90.13977201,87.79349673
542,87.73745468,90.14582156,87.79899317,90.72604159,92.52795659,90.72604159,87.79899317,90.14582156,87.79899317
543,87.742919,90.15185167,87.80447195,90.73220801,92.53454633,90.73220801,87.80447195,90.15185167,87.80447195
544,87.74836579,90.15786243,87.80993315,90.73835464,92.54111492,90.73835464,87.80993315,90.15786243,87.80993315
545,87.75379512,90.16385393,87.81537684,90.74448158,92.54766247,90.74448158,87.81537684,90.16385393,87.81537684
546,87.75920709,90.16982627,87.82080313,90.75058892,92.55418907,90.75058892,87.82080313,90.16982627,87.82080313
547,87.76460177,90.17577953,87.82621208,90.75667675,92.56069482,90.75667675,87.82621208,90.17577953,87.82621208
548,87.76997925,90.18171381,87.83160379,90.76274517,92.56717983,90.76274517,87.83160379,90.18171381,87.83160379
549,87.77533961,90.18762919,87.83697833,90.76879428,92.5736442,90.76879428,87.83697833,90.18762919,87.83697833
550,87.78068294,90.19352578,87.84233579,90.77482415,92.58008802,90.77482415,87.84233579,90.19352578,87.84233579
551,87.7860093,90.19940365,87.84767625,90.78083489,92.58651139,90.78083489,87.84767625,90.19940365,87.84767625
552,87.79131879,90.2052629,87.85299979,90.78682658,92.59291441,90.78682658,87.85299979,90.2052629,87.85299979
553,87.79661149,90.21110361,87.85830649,90.79279933,92.59929717,90.79279933,87.85830649,90.21110361,87.85830649
554,87.80188747,90.21692587,87.86359642,90.7987532,92.60565977,90.7987532,87.86359642,90.21692587,87.86359642
555,87.80714681,90.22272978,87.86886968,90.8046883,92.61200231,90.8046883,87.86886968,90.22272978,87.86886968
556,87.81238959,90.22851541,87.87412633,90.81060472,92.61832488,90.81060472,87.87412633,90.22851541,87.87412633
557,87.81761589,90.23428285,87.87936646,90.81650253,92.62462757,90.81650253,87.87936646,90.23428285,87.87936646
558,87.82282578,90.2400322,87.88459014,90.82238184,92.63091049,90.82238184,87.88459014,90.2400322,87.88459014
559,87.82801935,90.24576352,87.88979745,90.82824272,92.63717371,90.82824272,87.88979745,90.24576352,87.88979745
560,87.83319668,90.25147692,87.89498847,90.83408526,92.64341734,90.83408526,87.89498847,90.25147692,87.89498847
561,87.83835782,90.25717246,87.90016327,90.83990956,92.64964146,90.83990956,87.90016327,90.25717246,87.90016327
562,87.84350288,90.26285025,87.90532194,90.84571568,92.65584617,90.84571568,87.90532194,90.26285025,87.90532194
563,87.8486319,90.26851035,87.91046453,90.85150373,92.66203156,90.85150373,87.91046453,90.26851035,87.91046453
564,87.85374498,90.27415285,87.91559114,90.85727378,92.66819772,90.85727378,87.91559114,90.27415285,87.91559114
565,87.85884219,90.27977783,87.92070184,90.86302591,92.67434473,90.86302591,87.92070184,90.27977783,87.92070184
566,87.8639236,90.28538538,87.92579669,90.86876022,92.68047269,90.86876022,87.92579669,90.28538538,87.92579669
567,87.86898928,90.29097557,87.93087577,90.87447678,92.68658169,90.87447678,87.93087577,90.29097557,87.93087577
568,87.87403931,90.29654849,87.93593916,90.88017567,92.6926718,90.88017567,87.93593916,90.29654849,87.93593916
569,87.87907375,90.30210422,87.94098692,90.88585698,92.69874313,90.88585698,87.94098692,90.30210422,87.94098692
570,87.88409269,90.30764283,87.94601914,90.89152079,92.70479575,90.89152079,87.94601914,90.30764283,87.94601914
571,87.88909619,90.3131644,87.95103588,90.89716718,92.71082976,90.89716718,87.95103588,90.3131644,87.95103588
572,87.89408432,90.31866902,87.95603721,90.90279623,92.71684523,90.90279623,87.95603721,90.31866902,87.95603721
573,87.89905716,90.32415676,87.9610232,90.90840801,92.72284226,90.90840801,87.9610232,90.32415676,87.9610232
574,87.90401477,90.3296277,87.96599393,90.91400262,92.72882093,90.91400262,87.96599393,90.3296277,87.96599393
575,87.90895723,90.33508191,87.97094946,90.91958012,92.73478132,90.91958012,87.97094946,90.33508191,87.97094946
576,87.9138846,90.34051947,87.97588987,90.9251406,92.74072352,90.9251406,87.97588987,90.34051947,87.97588987
577,87.91879695,90.34594046,87.98081522,90.93068413,92.74664761,90.93068413,87.98081522,90.34594046,87.98081522
578,87.92369436,90.35134495,87.98572558,90.93621079,92.75255367,90.93621079,87.98572558,90.35134495,87.98572558
579,87.92857688,90.35673303,87.99062102,90.94172066,92.75844178,90.94172066,87.99062102,90.35673303,87.99062102
580,87.93344459,90.36210475,87.99550161,90.94721381,92.76431204,90.94721381,87.99550161,90.36210475,87.99550161
581,87.93829756,90.36746021,88.00036742,90.95269032,92.7701645,90.95269032,88.00036742,90.36746021,88.00036742
582,87.94313584,90.37279946,88.00521851,90.95815027,92.77599927,90.95815027,88.00521851,90.37279946,88.00521851
583,87.94795952,90.37812259,88.01005494,90.96359373,92.78181642,90.96359373,88.01005494,90.37812259,88.01005494
584,87.95276865,90.38342967,88.0148768,90.96902077,92.78761602,90.96902077,88.0148768,90.38342967,88.0148768
585,87.9575633,90.38872077,88.01968413,90.97443148,92.79339816,90.97443148,88.01968413,90.38872077,88.01968413
586,87.96234353,90.39399596,88.02447701,90.97982591,92.79916292,90.97982591,88.02447701,90.39399596,88.02447701
587,87.96710941,90.39925531,88.0292555,90.98520415,92.80491037,90.98520415,88.0292555,90.39925531,88.0292555
588,87.97186101,90.4044989,88.03401967,90.99056627,92.81064059,90.99056627,88.03401967,90.4044989,88.03401967
589,87.97659839,90.4097268,88.03876958,90.99591234,92.81635367,90.99591234,88.03876958,90.4097268,88.03876958
590,87.98132161,90.41493907,88.0435053,91.00124244,92.82204967,91.00124244,88.0435053,90.41493907,88.0435053
591,87.98603073,90.42013579,88.04822688,91.00655663,92.82772867,91.00655663,88.04822688,90.42013579,88.04822688
592,87.99072582,90.42531703,88.05293439,91.01185498,92.83339075,91.01185498,88.05293439,90.42531703,88.05293439
593,87.99540695,90.43048284,88.0576279,91.01713757,92.83903598,91.01713757,88.0576279,90.43048284,88.0576279
594,88.00007417,90.43563332,88.06230747,91.02240447,92.84466445,91.02240447,88.06230747,90.43563332,88.06230747
595,88.00472754,90.44076851,88.06697315,91.02765575,92.85027622,91.02765575,88.06697315,90.44076851,88.06697315
596,88.00936713,90.4458885,88.07162502,91.03289147,92.85587136,91.03289147,88.07162502,90.4458885,88.07162502
597,88.013993,90.45099334,88.07626313,91.0381117,92.86144996,91.0381117,88.07626313,90.45099334,88.07626313
598,88.0186052,90.4560831,88.08088753,91.04331652,92.86701209,91.04331652,88.08088753,90.4560831,88.08088753
599,88.02320381,90.46115786,88.08549831,91.04850599,92.87255781,91.04850599,88.08549831,90.46115786,88.08549831
600,88.02778887,90.46621768,88.0900955,91.05368018,92.8780872,91.05368018,88.0900955,90.46621768,88.0900955
601,88.03236046,90.47126261,88.09467918,91.05883916,92.88360034,91.05883916,88.09467918,90.47126261,88.09467918
602,88.03691862,90.47629274,88.0992494,91.06398299,92.88909728,91.06398299,88.0992494,90.47629274,88.0992494
603,88.04146342,90.48130812,88.10380623,91.06911174,92.89457812,91.06911174,88.10380623,90.48130812,88.10380623
604,88.04599492,90.48630882,88.10834971,91.07422548,92.90004291,91.07422548,88.10834971,90.48630882,88.10834971
605,88.05051317,90.4912949,88.11287992,91.07932427,92.90549173,91.07932427,88.11287992,90.4912949,88.11287992
606,88.05501823,90.49626643,88.1173969,91.08440818,92.91092464,91.08440818,88.1173969,90.49626643,88.1173969
607,88.05951016,90.50122347,88.12190072,91.08947727,92.91634172,91.08947727,88.12190072,90.50122347,88.12190072
608,88.06398902,90.50616608,88.12639143,91.09453161,92.92174303,91.09453161,88.12639143,90.50616608,88.12639143
609,88.06845487,90.51109433,88.13086909,91.09957126,92.92712865,91.09957126,88.13086909,90.51109433,88.13086909
610,88.07290776,90.51600828,88.13533376,91.10459629,92.93249864,91.10459629,88.13533376,90.51600828,88.13533376
611,88.07734774,90.52090799,88.13978549,91.10960676,92.93785307,91.10960676,88.13978549,90.52090799,88.13978549
612,88.08177488,90.52579352,88.14422434,91.11460273,92.94319201,91.11460273,88.14422434,90.52579352,88.14422434
613,88.08618922,90.53066494,88.14865036,91.11958426,92.94851552,91.11958426,88.14865036,90.53066494,88.14865036
614,88.09059083,90.5355223,88.15306362,91.12455142,92.95382367,91.12455142,88.15306362,90.5355223,88.15306362
615,88.09497976,90.54036568,88.15746416,91.12950428,92.95911653,91.12950428,88.15746416,90.54036568,88.15746416
616,88.09935607,90.54519511,88.16185204,91.13444288,92.96439417,91.13444288,88.16185204,90.54519511,88.16185204
617,88.1037198,90.55001068,88.16622732,91.1393673,92.96965664,91.1393673,88.16622732,90.55001068,88.16622732
618,88.10807101,90.55481243,88.17059005,91.14427759,92.97490402,91.14427759,88.17059005,90.55481243,88.17059005
619,88.11240976,90.55960042,88.17494028,91.14917382,92.98013637,91.14917382,88.17494028,90.55960042,88.17494028
620,88.1167361,90.56437472,88.17927806,91.15405605,92.98535375,91.15405605,88.17927806,90.56437472,88.17927806
621,88.12105009,90.56913539,88.18360346,91.15892432,92.99055623,91.15892432,88.18360346,90.56913539,88.18360346
622,88.12535177,90.57388248,88.18791652,91.16377872,92.99574388,91.16377872,88.18791652,90.57388248,88.18791652
623,88.1296412,90.57861604,88.1922173,91.16861928,93.00091674,91.16861928,88.1922173,90.57861604,88.1922173
624,88.13391843,90.58333615,88.19650585,91.17344609,93.0060749,91.17344609,88.19650585,90.58333615,88.19650585
625,88.13818351,90.58804285,88.20078221,91.17825918,93.01121841,91.17825918,88.20078221,90.58804285,88.20078221
626,88.1424365,90.5927362,88.20504645,91.18305862,93.01634733,91.18305862,88.20504645,90.5927362,88.20504645
627,88.14667744,90.59741626,88.20929861,91.18784447,93.02146172,91.18784447,88.20929861,90.59741626,88.20929861
628,88.15090639,90.60208308,88.21353875,91.19261679,93.02656165,91.19261679,88.21353875,90.60208308,88.21353875
629,88.15512339,90.60673673,88.21776691,91.19737563,93.03164718,91.19737563,88.21776691,90.60673673,88.21776691
630,88.15932851,90.61137725,88.22198315,91.20212105,93.03671837,91.20212105,88.22198315,90.61137725,88.22198315
631,88.16352178,90.61600471,88.22618752,91.20685311,93.04177528,91.20685311,88.22618752,90.61600471,88.22618752
632,88.16770326,90.62061915,88.23038007,91.21157186,93.04681797,91.21157186,88.23038007,90.62061915,88.23038007
633,88.171873,90.62522064,88.23456084,91.21627736,93.05184649,91.21627736,88.23456084,90.62522064,88.23456084
634,88.17603105,90.62980922,88.23872989,91.22096967,93.05686092,91.22096967,88.23872989,90.62980922,88.23872989
635,88.18017746,90.63438495,88.24288726,91.22564883,93.06186131,91.22564883,88.24288726,90.63438495,88.24288726
636,88.18431226,90.63894789,88.24703301,91.23031492,93.06684771,91.23031492,88.24703301,90.63894789,88.24703301
637,88.18843553,90.64349808,88.25116718,91.23496797,93.07182019,91.23496797,88.25116718,90.64349808,88.25116718
638,88.19254729,90.64803559,88.25528983,91.23960804,93.0767788,91.23960804,88.25528983,90.64803559,88.25528983
639,88.19664761,90.65256046,88.25940099,91.2442352,93.08172361,91.2442352,88.25940099,90.65256046,88.25940099
640,88.20073652,90.65707275,88.26350072,91.24884949,93.08665466,91.24884949,88.26350072,90.65707275,88.26350072
641,88.20481408,90.66157251,88.26758907,91.25345097,93.09157202,91.25345097,88.26758907,90.66157251,88.26758907
642,88.20888033,90.6660598,88.27166608,91.25803968,93.09647575,91.25803968,88.27166608,90.6660598,88.27166608
643,88.21293532,90.67053465,88.2757318,91.26261569,93.10136589,91.26261569,88.2757318,90.67053465,88.2757318
644,88.2169791,90.67499713,88.27978628,91.26717904,93.10624252,91.26717904,88.27978628,90.67499713,88.27978628
645,88.22101171,90.67944729,88.28382956,91.2717298,93.11110567,91.2717298,88.28382956,90.67944729,88.28382956
646,88.2250332,90.68388517,88.28786168,91.276268,93.11595542,91.276268,88.28786168,90.68388517,88.28786168
647,88.22904362,90.68831084,88.29188271,91.2807937,93.12079181,91.2807937,88.29188271,90.68831084,88.29188271
648,88.233043,90.69272433,88.29589268,91.28530696,93.1256149,91.28530696,88.29589268,90.69272433,88.29589268
649,88.23703141,90.6971257,88.29989163,91.28980782,93.13042474,91.28980782,88.29989163,90.6971257,88.29989163
650,88.24100887,90.701515,88.30387962,91.29429634,93.13522139,91.29429634,88.30387962,90.701515,88.30387962
651,88.24497544,90.70589228,88.30785668,91.29877257,93.1400049,91.29877257,88.30785668,90.70589228,88.30785668
652,88.24893116,90.71025758,88.31182287,91.30323655,93.14477533,91.30323655,88.31182287,90.71025758,88.31182287
653,88.25287607,90.71461096,88.31577822,91.30768834,93.14953273,91.30768834,88.31577822,90.71461096,88.31577822
654,88.25681023,90.71895247,88.31972278,91.31212798,93.15427715,91.31212798,88.31972278,90.71895247,88.31972278
655,88.26073367,90.72328215,88.3236566,91.31655554,93.15900865,91.31655554,88.3236566,90.72328215,88.3236566
656,88.26464643,90.72760006,88.32757972,91.32097104,93.16372728,91.32097104,88.32757972,90.72760006,88.32757972
657,88.26854857,90.73190623,88.33149218,91.32537456,93.16843309,91.32537456,88.33149218,90.73190623,88.33149218
658,88.27244012,90.73620072,88.33539403,91.32976613,93.17312613,91.32976613,88.33539403,90.73620072,88.33539403
659,88.27632113,90.74048358,88.3392853,91.3341458,93.17780646,91.3341458,88.3392853,90.74048358,88.3392853
660,88.28019164,90.74475485,88.34316605,91.33851362,93.18247413,91.33851362,88.34316605,90.74475485,88.34316605
661,88.28405169,90.74901458,88.34703632,91.34286964,93.18712918,91.34286964,88.34703632,90.74901458,88.34703632
662,88.28790132,90.75326281,88.35089614,91.3472139,93.19177168,91.3472139,88.35089614,90.75326281,88.35089614
663,88.29174058,90.7574996,88.35474555,91.35154646,93.19640166,91.35154646,88.35474555,90.7574996,88.35474555
664,88.29556951,90.76172499,88.35858462,91.35586736,93.20101919,91.35586736,88.35858462,90.76172499,88.35858462
665,88.29938816,90.76593902,88.36241336,91.36017665,93.20562431,91.36017665,88.36241336,90.76593902,88.36241336
666,88.30319655,90.77014175,88.36623183,91.36447438,93.21021707,91.36447438,88.36623183,90.77014175,88.36623183
667,88.30699473,90.77433321,88.37004006,91.36876058,93.21479752,91.36876058,88.37004006,90.77433321,88.37004006
668,88.31078275,90.77851345,88.3738381,91.37303532,93.21936571,91.37303532,88.3738381,90.77851345,88.3738381
669,88.31456065,90.78268251,88.37762599,91.37729862,93.22392168,91.37729862,88.37762599,90.78268251,88.37762599
670,88.31832846,90.78684045,88.38140377,91.38155055,93.2284655,91.38155055,88.38140377,90.78684045,88.38140377
671,88.32208622,90.7909873,88.38517148,91.38579114,93.2329972,91.38579114,88.38517148,90.7909873,88.38517148
672,88.32583398,90.79512312,88.38892915,91.39002045,93.23751684,91.39002045,88.38892915,90.79512312,88.38892915
673,88.32957178,90.79924793,88.39267684,91.3942385,93.24202447,91.3942385,88.39267684,90.79924793,88.39267684
674,88.33329965,90.8033618,88.39641457,91.39844536,93.24652012,91.39844536,88.39641457,90.8033618,88.39641457
675,88.33701764,90.80746475,88.4001424,91.40264106,93.25100385,91.40264106,88.4001424,90.80746475,88.4001424
676,88.34072578,90.81155684,88.40386035,91.40682565,93.25547571,91.40682565,88.40386035,90.81155684,88.40386035
677,88.34442411,90.81563811,88.40756847,91.41099918,93.25993574,91.41099918,88.40756847,90.81563811,88.40756847
678,88.34811267,90.8197086,88.41126679,91.41516168,93.26438399,91.41516168,88.41126679,90.8197086,88.41126679
679,88.35179151,90.82376835,88.41495536,91.4193132,93.26882051,91.4193132,88.41495536,90.82376835,88.41495536
680,88.35546066,90.82781741,88.41863421,91.42345378,93.27324534,91.42345378,88.41863421,90.82781741,88.41863421
681,88.35912015,90.83185581,88.42230338,91.42758348,93.27765853,91.42758348,88.42230338,90.83185581,88.42230338
682,88.36277002,90.83588361,88.42596292,91.43170232,93.28206013,91.43170232,88.42596292,90.83588361,88.42596292
683,88.36641033,90.83990083,88.42961285,91.43581035,93.28645018,91.43581035,88.42961285,90.83990083,88.42961285
684,88.37004109,90.84390753,88.43325322,91.43990762,93.29082872,91.43990762,88.43325322,90.84390753,88.43325322
685,88.37366235,90.84790375,88.43688406,91.44399417,93.2951958,91.44399417,88.43688406,90.84790375,88.43688406
686,88.37727414,90.85188952,88.44050541,91.44807004,93.29955147,91.44807004,88.44050541,90.85188952,88.44050541
687,88.38087651,90.85586488,88.44411731,91.45213526,93.30389577,91.45213526,88.44411731,90.85586488,88.44411731
688,88.38446949,90.85982989,88.44771979,91.45618989,93.30822875,91.45618989,88.44771979,90.85982989,88.44771979
689,88.38805311,90.86378457,88.45131289,91.46023397,93.31255045,91.46023397,88.45131289,90.86378457,88.45131289
690,88.39162741,90.86772896,88.45489666,91.46426753,93.31686091,91.46426753,88.45489666,90.86772896,88.45489666
691,88.39519244,90.87166312,88.45847111,91.46829062,93.32116017,91.46829062,88.45847111,90.87166312,88.45847111
692,88.39874822,90.87558707,88.4620363,91.47230327,93.32544829,91.47230327,88.4620363,90.87558707,88.4620363
693,88.40229479,90.87950086,88.46559225,91.47630553,93.3297253,91.47630553,88.46559225,90.87950086,88.46559225
694,88.40583218,90.88340453,88.46913901,91.48029744,93.33399125,91.48029744,88.46913901,90.88340453,88.46913901
695,88.40936044,90.88729812,88.4726766,91.48427904,93.33824618,91.48427904,88.4726766,90.88729812,88.4726766
696,88.4128796,90.89118165,88.47620507,91.48825036,93.34249013,91.48825036,88.47620507,90.89118165,88.47620507
697,88.41638969,90.89505519,88.47972444,91.49221145,93.34672315,91.49221145,88.47972444,90.89505519,88.47972444
698,88.41989075,90.89891875,88.48323476,91.49616235,93.35094527,91.49616235,88.48323476,90.89891875,88.48323476
699,88.42338281,90.90277239,88.48673606,91.5001031,93.35515655,91.5001031,88.48673606,90.90277239,88.48673606
700,88.4268659,90.90661613,88.49022837,91.50403373,93.35935701,91.50403373,88.49022837,90.90661613,88.49022837
701,88.43034007,90.91045002,88.49371173,91.50795429,93.36354671,91.50795429,88.49371173,90.91045002,88.49371173
702,88.43380534,90.9142741,88.49718618,91.51186481,93.36772568,91.51186481,88.49718618,90.9142741,88.49718618
703,88.43726176,90.9180884,88.50065173,91.51576533,93.37189397,91.51576533,88.50065173,90.9180884,88.50065173
704,88.44070935,90.92189296,88.50410844,91.51965589,93.37605161,91.51965589,88.50410844,90.92189296,88.50410844
705,88.44414814,90.92568782,88.50755634,91.52353653,93.38019865,91.52353653,88.50755634,90.92568782,88.50755634
706,88.44757818,90.92947301,88.51099545,91.52740728,93.38433513,91.52740728,88.51099545,90.92947301,88.51099545
707,88.45099949,90.93324857,88.51442581,91.53126819,93.38846109,91.53126819,88.51442581,90.93324857,88.51442581
708,88.45441211,90.93701454,88.51784746,91.53511929,93.39257656,91.53511929,88.51784746,90.93701454,88.51784746
709,88.45781607,90.94077096,88.52126043,91.53896062,93.39668159,91.53896062,88.52126043,90.94077096,88.52126043
710,88.4612114,90.94451785,88.52466474,91.54279221,93.40077622,91.54279221,88.52466474,90.94451785,88.52466474
711,88.46459814,90.94825527,88.52806045,91.54661411,93.40486048,91.54661411,88.52806045,90.94825527,88.52806045
712,88.46797633,90.95198323,88.53144756,91.55042634,93.40893442,91.55042634,88.53144756,90.95198323,88.53144756
713,88.47134598,90.95570179,88.53482613,91.55422895,93.41299808,91.55422895,88.53482613,90.95570179,88.53482613
714,88.47470713,90.95941096,88.53819618,91.55802198,93.41705149,91.55802198,88.53819618,90.95941096,88.53819618
715,88.47805983,90.9631108,88.54155774,91.56180545,93.42109469,91.56180545,88.54155774,90.9631108,88.54155774
716,88.48140409,90.96680134,88.54491085,91.56557941,93.42512773,91.56557941,88.54491085,90.96680134,88.54491085
717,88.48473995,90.9704826,88.54825554,91.56934388,93.42915063,91.56934388,88.54825554,90.9704826,88.54825554
718,88.48806744,90.97415463,88.55159183,91.57309892,93.43316344,91.57309892,88.55159183,90.97415463,88.55159183
719,88.49138659,90.97781745,88.55491977,91.57684454,93.4371662,91.57684454,88.55491977,90.97781745,88.55491977
720,88.49469744,90.98147112,88.55823937,91.58058079,93.44115894,91.58058079,88.55823937,90.98147112,88.55823937
721,88.49800001,90.98511565,88.56155069,91.58430771,93.44514171,91.58430771,88.56155069,90.98511565,88.56155069
722,88.50129434,90.98875108,88.56485373,91.58802532,93.44911453,91.58802532,88.56485373,90.98875108,88.56485373
723,88.50458046,90.99237745,88.56814854,91.59173366,93.45307744,91.59173366,88.56814854,90.99237745,88.56814854
724,88.50785839,90.99599479,88.57143515,91.59543277,93.45703049,91.59543277,88.57143515,90.99599479,88.57143515
725,88.51112818,90.99960313,88.57471358,91.59912268,93.46097371,91.59912268,88.57471358,90.99960313,88.57471358
726,88.51438984,91.00320251,88.57798387,91.60280342,93.46490713,91.60280342,88.57798387,91.00320251,88.57798387
727,88.51764341,91.00679297,88.58124605,91.60647504,93.4688308,91.60647504,88.58124605,91.00679297,88.58124605
728,88.52088892,91.01037452,88.58450015,91.61013756,93.47274474,91.61013756,88.58450015,91.01037452,88.58450015
729,88.52412639,91.01394722,88.58774619,91.61379101,93.476649,91.61379101,88.58774619,91.01394722,88.58774619
730,88.52735587,91.01751108,88.59098421,91.61743543,93.48054361,91.61743543,88.59098421,91.01751108,88.59098421
731,88.53057738,91.02106615,88.59421424,91.62107086,93.48442861,91.62107086,88.59421424,91.02106615,88.59421424
732,88.53379094,91.02461245,88.5974363,91.62469733,93.48830403,91.62469733,88.5974363,91.02461245,88.5974363
733,88.53699659,91.02815002,88.60065043,91.62831487,93.49216991,91.62831487,88.60065043,91.02815002,88.60065043
734,88.54019435,91.03167889,88.60385666,91.6319235,93.49602627,91.6319235,88.60385666,91.03167889,88.60385666
735,88.54338426,91.0351991,88.60705501,91.63552328,93.49987317,91.63552328,88.60705501,91.0351991,88.60705501
736,88.54656635,91.03871066,88.61024551,91.63911422,93.50371063,91.63911422,88.61024551,91.03871066,88.61024551
737,88.54974064,91.04221362,88.6134282,91.64269637,93.50753868,91.64269637,88.6134282,91.04221362,88.6134282
738,88.55290716,91.04570801,88.6166031,91.64626975,93.51135737,91.64626975,88.6166031,91.04570801,88.6166031
739,88.55606594,91.04919386,88.61977024,91.64983439,93.51516672,91.64983439,88.61977024,91.04919386,88.61977024
740,88.559217,91.0526712,88.62292964,91.65339034,93.51896678,91.65339034,88.62292964,91.0526712,88.62292964
741,88.56236039,91.05614006,88.62608134,91.65693761,93.52275757,91.65693761,88.62608134,91.05614006,88.62608134
742,88.56549612,91.05960047,88.62922537,91.66047624,93.52653912,91.66047624,88.62922537,91.05960047,88.62922537
743,88.56862422,91.06305246,88.63236175,91.66400626,93.53031148,91.66400626,88.63236175,91.06305246,88.63236175
744,88.57174472,91.06649607,88.6354905,91.66752771,93.53407467,91.66752771,88.6354905,91.06649607,88.6354905
745,88.57485765,91.06993132,88.63861167,91.67104062,93.53782873,91.67104062,88.63861167,91.06993132,88.63861167
746,88.57796304,91.07335824,88.64172527,91.67454501,93.54157369,91.67454501,88.64172527,91.07335824,88.64172527
747,88.58106091,91.07677687,88.64483134,91.67804091,93.54530959,91.67804091,88.64483134,91.07677687,88.64483134
748,88.58415129,91.08018724,88.64792989,91.68152837,93.54903646,91.68152837,88.64792989,91.08018724,88.64792989
749,88.58723421,91.08358937,88.65102097,91.6850074,93.55275432,91.6850074,88.65102097,91.08358937,88.65102097
750,88.59030969,91.08698329,88.65410458,91.68847805,93.55646322,91.68847805,88.65410458,91.08698329,88.65410458
751,88.59337776,91.09036904,88.65718077,91.69194033,93.56016319,91.69194033,88.65718077,91.09036904,88.65718077
752,88.59643845,91.09374664,88.66024956,91.69539428,93.56385425,91.69539428,88.66024956,91.09374664,88.66024956
753,88.59949178,91.09711613,88.66331098,91.69883993,93.56753644,91.69883993,88.66331098,91.09711613,88.66331098
754,88.60253779,91.10047752,88.66636504,91.70227731,93.57120979,91.70227731,88.66636504,91.10047752,88.66636504
755,88.60557649,91.10383086,88.66941178,91.70570645,93.57487434,91.70570645,88.66941178,91.10383086,88.66941178
756,88.60860792,91.10717617,88.67245123,91.70912738,93.57853011,91.70912738,88.67245123,91.10717617,88.67245123
757,88.6116321,91.11051348,88.67548341,91.71254013,93.58217714,91.71254013,88.67548341,91.11051348,88.67548341
758,88.61464905,91.11384281,88.67850834,91.71594472,93.58581545,91.71594472,88.67850834,91.11384281,88.67850834
759,88.6176588,91.11716421,88.68152606,91.71934119,93.58944509,91.71934119,88.68152606,91.11716421,88.68152606
760,88.62066139,91.12047768,88.68453659,91.72272957,93.59306607,91.72272957,88.68453659,91.12047768,88.68453659
761,88.62365682,91.12378327,88.68753995,91.72610988,93.59667844,91.72610988,88.68753995,91.12378327,88.68753995
762,88.62664513,91.127081,88.69053616,91.72948215,93.60028221,91.72948215,88.69053616,91.127081,88.69053616
763,88.62962635,91.1303709,88.69352527,91.73284642,93.60387743,91.73284642,88.69352527,91.1303709,88.69352527
764,88.6326005,91.133653,88.69650728,91.73620271,93.60746413,91.73620271,88.69650728,91.133653,88.69650728
765,88.6355676,91.13692732,88.69948223,91.73955104,93.61104232,91.73955104,88.69948223,91.13692732,88.69948223
766,88.63852767,91.14019389,88.70245014,91.74289146,93.61461205,91.74289146,88.70245014,91.14019389,88.70245014
767,88.64148076,91.14345274,88.70541104,91.74622398,93.61817334,91.74622398,88.70541104,91.14345274,88.70541104
768,88.64442687,91.1467039,88.70836495,91.74954863,93.62172623,91.74954863,88.70836495,91.1467039,88.70836495
769,88.64736604,91.1499474,88.71131189,91.75286544,93.62527074,91.75286544,88.71131189,91.1499474,88.71131189
770,88.65029828,91.15318325,88.71425189,91.75617444,93.6288069,91.75617444,88.71425189,91.15318325,88.71425189
771,88.65322362,91.1564115,88.71718498,91.75947566,93.63233474,91.75947566,88.71718498,91.1564115,88.71718498
772,88.6561421,91.15963216,88.72011117,91.76276912,93.63585429,91.76276912,88.72011117,91.15963216,88.72011117
773,88.65905372,91.16284526,88.7230305,91.76605485,93.63936558,91.76605485,88.7230305,91.16284526,88.7230305
774,88.66195852,91.16605082,88.72594298,91.76933288,93.64286865,91.76933288,88.72594298,91.16605082,88.72594298
775,88.66485652,91.16924889,88.72884865,91.77260323,93.64636351,91.77260323,88.72884865,91.16924889,88.72884865
776,88.66774774,91.17243947,88.73174752,91.77586594,93.6498502,91.77586594,88.73174752,91.17243947,88.73174752
777,88.67063221,91.17562261,88.73463961,91.77912103,93.65332874,91.77912103,88.73463961,91.17562261,88.73463961
778,88.67350994,91.17879831,88.73752497,91.78236852,93.65679917,91.78236852,88.73752497,91.17879831,88.73752497
779,88.67638097,91.18196662,88.74040359,91.78560844,93.66026151,91.78560844,88.74040359,91.18196662,88.74040359
780,88.67924532,91.18512755,88.74327552,91.78884083,93.66371579,91.78884083,88.74327552,91.18512755,88.74327552
781,88.68210301,91.18828113,88.74614077,91.79206569,93.66716204,91.79206569,88.74614077,91.18828113,88.74614077
782,88.68495406,91.19142738,88.74899936,91.79528307,93.67060029,91.79528307,88.74899936,91.19142738,88.74899936
783,88.6877985,91.19456634,88.75185133,91.79849299,93.67403056,91.79849299,88.75185133,91.19456634,88.75185133
784,88.69063635,91.19769803,88.75469669,91.80169546,93.67745289,91.80169546,88.75469669,91.19769803,88.75469669
785,88.69346763,91.20082247,88.75753546,91.80489053,93.68086729,91.80489053,88.75753546,91.20082247,88.75753546
786,88.69629237,91.20393969,88.76036767,91.80807821,93.6842738,91.80807821,88.76036767,91.20393969,88.76036767
787,88.69911059,91.20704971,88.76319334,91.81125853,93.68767245,91.81125853,88.76319334,91.20704971,88.76319334
788,88.7019223,91.21015256,88.7660125,91.81443152,93.69106326,91.81443152,88.7660125,91.21015256,88.7660125
789,88.70472754,91.21324826,88.76882516,91.8175972,93.69444626,91.8175972,88.76882516,91.21324826,88.76882516
790,88.70752633,91.21633684,88.77163135,91.82075559,93.69782147,91.82075559,88.77163135,91.21633684,88.77163135
791,88.71031868,91.21941831,88.77443109,91.82390673,93.70118893,91.82390673,88.77443109,91.21941831,88.77443109
792,88.71310462,91.22249272,88.7772244,91.82705063,93.70454866,91.82705063,88.7772244,91.22249272,88.7772244
793,88.71588417,91.22556008,88.78001131,91.83018732,93.70790068,91.83018732,88.78001131,91.22556008,88.78001131
794,88.71865736,91.22862041,88.78279183,91.83331683,93.71124502,91.83331683,88.78279183,91.22862041,88.78279183
795,88.72142421,91.23167374,88.785566,91.83643918,93.71458172,91.83643918,88.785566,91.23167374,88.785566
796,88.72418473,91.23472009,88.78833382,91.83955439,93.71791079,91.83955439,88.78833382,91.23472009,88.78833382
797,88.72693895,91.23775949,88.79109533,91.8426625,93.72123226,91.8426625,88.79109533,91.23775949,88.79109533
798,88.72968689,91.24079196,88.79385054,91.84576352,93.72454616,91.84576352,88.79385054,91.24079196,88.79385054
799,88.73242857,91.24381752,88.79659947,91.84885747,93.72785251,91.84885747,88.79659947,91.24381752,88.79659947
800,88.73516402,91.2468362,88.79934216,91.85194439,93.73115134,91.85194439,88.79934216,91.2468362,88.79934216
801,88.73789325,91.24984802,88.80207861,91.85502429,93.73444268,91.85502429,88.80207861,91.24984802,88.80207861
802,88.74061628,91.25285301,88.80480885,91.85809721,93.73772654,91.85809721,88.80480885,91.25285301,88.80480885
803,88.74333315,91.25585118,88.8075329,91.86116315,93.74100296,91.86116315,88.8075329,91.25585118,88.8075329
804,88.74604386,91.25884257,88.81025079,91.86422216,93.74427197,91.86422216,88.81025079,91.25884257,88.81025079
805,88.74874844,91.26182719,88.81296252,91.86727424,93.74753357,91.86727424,88.81296252,91.26182719,88.81296252
806,88.75144691,91.26480506,88.81566813,91.87031943,93.75078781,91.87031943,88.81566813,91.26480506,88.81566813
807,88.75413929,91.26777622,88.81836763,91.87335775,93.75403471,91.87335775,88.81836763,91.26777622,88.81836763
808,88.7568256,91.27074068,88.82106105,91.87638922,93.75727428,91.87638922,88.82106105,91.27074068,88.82106105
809,88.75950586,91.27369846,88.8237484,91.87941386,93.76050657,91.87941386,88.8237484,91.27369846,88.8237484
810,88.7621801,91.27664959,88.82642971,91.8824317,93.76373158,91.8824317,88.82642971,91.27664959,88.82642971
811,88.76484832,91.27959409,88.829105,91.88544276,93.76694934,91.88544276,88.829105,91.27959409,88.829105
812,88.76751056,91.28253198,88.83177428,91.88844707,93.77015989,91.88844707,88.83177428,91.28253198,88.83177428
813,88.77016683,91.28546329,88.83443758,91.89144464,93.77336324,91.89144464,88.83443758,91.28546329,88.83443758
814,88.77281715,91.28838804,88.83709491,91.89443549,93.77655941,91.89443549,88.83709491,91.28838804,88.83709491
815,88.77546155,91.29130624,88.83974631,91.89741966,93.77974844,91.89741966,88.83974631,91.29130624,88.83974631
816,88.77810004,91.29421792,88.84239177,91.90039716,93.78293034,91.90039716,88.84239177,91.29421792,88.84239177
817,88.78073264,91.29712311,88.84503134,91.90336802,93.78610515,91.90336802,88.84503134,91.29712311,88.84503134
818,88.78335937,91.30002182,88.84766502,91.90633225,93.78927287,91.90633225,88.84766502,91.30002182,88.84766502
819,88.78598025,91.30291407,88.85029284,91.90928989,93.79243354,91.90928989,88.85029284,91.30291407,88.85029284
820,88.7885953,91.30579989,88.85291481,91.91224094,93.79558719,91.91224094,88.85291481,91.30579989,88.85291481
821,88.79120455,91.30867931,88.85553095,91.91518544,93.79873382,91.91518544,88.85553095,91.30867931,88.85553095
822,88.793808,91.31155233,88.8581413,91.91812341,93.80187348,91.91812341,88.8581413,91.31155233,88.8581413
823,88.79640568,91.31441898,88.86074585,91.92105486,93.80500617,91.92105486,88.86074585,91.31441898,88.86074585
824,88.79899761,91.31727928,88.86334464,91.92397982,93.80813193,91.92397982,88.86334464,91.31727928,88.86334464
825,88.80158381,91.32013326,88.86593768,91.92689831,93.81125077,91.92689831,88.86593768,91.32013326,88.86593768
826,88.80416429,91.32298094,88.86852499,91.92981036,93.81436272,91.92981036,88.86852499,91.32298094,88.86852499
827,88.80673908,91.32582232,88.87110659,91.93271597,93.81746781,91.93271597,88.87110659,91.32582232,88.87110659
828,88.80930819,91.32865745,88.8736825,91.93561519,93.82056604,91.93561519,88.8736825,91.32865745,88.8736825
829,88.81187165,91.33148633,88.87625273,91.93850801,93.82365746,91.93850801,88.87625273,91.33148633,88.87625273
830,88.81442946,91.33430899,88.87881732,91.94139448,93.82674208,91.94139448,88.87881732,91.33430899,88.87881732
831,88.81698166,91.33712544,88.88137627,91.9442746,93.82981992,91.9442746,88.88137627,91.33712544,88.88137627
832,88.81952825,91.33993572,88.8839296,91.9471484,93.832891,91.9471484,88.8839296,91.33993572,88.8839296
833,88.82206926,91.34273983,88.88647733,91.9500159,93.83595535,91.9500159,88.88647733,91.34273983,88.88647733
834,88.82460471,91.34553781,88.88901949,91.95287712,93.83901299,91.95287712,88.88901949,91.34553781,88.88901949
835,88.82713461,91.34832966,88.89155608,91.95573208,93.84206394,91.95573208,88.89155608,91.34832966,88.89155608
836,88.82965898,91.35111541,88.89408713,91.9585808,93.84510822,91.9585808,88.89408713,91.35111541,88.89408713
837,88.83217784,91.35389508,88.89661265,91.9614233,93.84814586,91.9614233,88.89661265,91.35389508,88.89661265
838,88.83469121,91.35666869,88.89913267,91.96425961,93.85117688,91.96425961,88.89913267,91.35666869,88.89913267
839,88.8371991,91.35943625,88.9016472,91.96708974,93.85420129,91.96708974,88.9016472,91.35943625,88.9016472
840,88.83970154,91.3621978,88.90415626,91.96991371,93.85721912,91.96991371,88.90415626,91.3621978,88.90415626
841,88.84219854,91.36495334,88.90665986,91.97273154,93.86023039,91.97273154,88.90665986,91.36495334,88.90665986
842,88.84469012,91.3677029,88.90915803,91.97554325,93.86323513,91.97554325,88.90915803,91.3677029,88.90915803
843,88.84717629,91.3704465,88.91165078,91.97834887,93.86623335,91.97834887,88.91165078,91.3704465,88.91165078
844,88.84965708,91.37318416,88.91413814,91.98114841,93.86922507,91.98114841,88.91413814,91.37318416,88.91413814
845,88.8521325,91.37591589,88.9166201,91.98394189,93.87221032,91.98394189,88.9166201,91.37591589,88.9166201
846,88.85460257,91.37864172,88.91909671,91.98672933,93.87518912,91.98672933,88.91909671,91.37864172,88.91909671
847,88.8570673,91.38136166,88.92156796,91.98951076,93.87816149,91.98951076,88.92156796,91.38136166,88.92156796
848,88.85952672,91.38407573,88.92403389,91.99228618,93.88112744,91.99228618,88.92403389,91.38407573,88.92403389
849,88.86198084,91.38678395,88.9264945,91.99505563,93.884087,91.99505563,88.9264945,91.38678395,88.9264945
850,88.86442968,91.38948635,88.92894982,91.99781911,93.8870402,91.99781911,88.92894982,91.38948635,88.92894982
851,88.86687325,91.39218294,88.93139986,92.00057665,93.88998704,92.00057665,88.93139986,91.39218294,88.93139986
852,88.86931158,91.39487373,88.93384463,92.00332827,93.89292756,92.00332827,88.93384463,91.39487373,88.93384463
853,88.87174467,91.39755876,88.93628417,92.00607399,93.89586176,92.00607399,88.93628417,91.39755876,88.93628417
854,88.87417255,91.40023802,88.93871847,92.00881382,93.89878968,92.00881382,88.93871847,91.40023802,88.93871847
855,88.87659523,91.40291156,88.94114756,92.01154779,93.90171133,92.01154779,88.94114756,91.40291156,88.94114756
856,88.87901273,91.40557937,88.94357146,92.01427591,93.90462674,92.01427591,88.94357146,91.40557937,88.94357146
857,88.88142507,91.40824149,88.94599017,92.0169982,93.90753591,92.0169982,88.94599017,91.40824149,88.94599017
858,88.88383226,91.41089792,88.94840373,92.01971468,93.91043888,92.01971468,88.94840373,91.41089792,88.94840373
859,88.88623431,91.41354869,88.95081214,92.02242537,93.91333565,92.02242537,88.95081214,91.41354869,88.95081214
860,88.88863126,91.41619382,88.95321543,92.02513029,93.91622626,92.02513029,88.95321543,91.41619382,88.95321543
861,88.8910231,91.41883332,88.9556136,92.02782946,93.91911073,92.02782946,88.9556136,91.41883332,88.9556136
862,88.89340986,91.42146721,88.95800668,92.03052289,93.92198906,92.03052289,88.95800668,91.42146721,88.95800668
863,88.89579156,91.42409552,88.96039467,92.03321061,93.92486128,92.03321061,88.96039467,91.42409552,88.96039467
864,88.8981682,91.42671824,88.9627776,92.03589262,93.92772741,92.03589262,88.9627776,91.42671824,88.9627776
865,88.90053981,91.42933542,88.96515549,92.03856895,93.93058747,92.03856895,88.96515549,91.42933542,88.96515549
866,88.90290641,91.43194705,88.96752834,92.04123962,93.93344148,92.04123962,88.96752834,91.43194705,88.96752834
867,88.905268,91.43455317,88.96989618,92.04390465,93.93628946,92.04390465,88.96989618,91.43455317,88.96989618
868,88.9076246,91.43715378,88.97225902,92.04656405,93.93913142,92.04656405,88.97225902,91.43715378,88.97225902
869,88.90997623,91.43974891,88.97461688,92.04921784,93.94196739,92.04921784,88.97461688,91.43974891,88.97461688
870,88.91232291,91.44233857,88.97696977,92.05186604,93.94479739,92.05186604,88.97696977,91.44233857,88.97696977
871,88.91466465,91.44492278,88.9793177,92.05450866,93.94762143,92.05450866,88.9793177,91.44492278,88.9793177
872,88.91700147,91.44750155,88.9816607,92.05714573,93.95043953,92.05714573,88.9816607,91.44750155,88.9816607
873,88.91933338,91.45007491,88.98399878,92.05977726,93.95325171,92.05977726,88.98399878,91.45007491,88.98399878
874,88.92166039,91.45264287,88.98633195,92.06240327,93.95605799,92.06240327,88.98633195,91.45264287,88.98633195
875,88.92398253,91.45520545,88.98866023,92.06502377,93.95885839,92.06502377,88.98866023,91.45520545,88.98866023
876,88.92629981,91.45776267,88.99098364,92.06763879,93.96165292,92.06763879,88.99098364,91.45776267,88.99098364
877,88.92861224,91.46031453,88.99330219,92.07024834,93.96444161,92.07024834,88.99330219,91.46031453,88.99330219
878,88.93091983,91.46286106,88.99561589,92.07285244,93.96722448,92.07285244,88.99561589,91.46286106,88.99561589
879,88.93322262,91.46540228,88.99792476,92.0754511,93.97000153,92.0754511,88.99792476,91.46540228,88.99792476
880,88.9355206,91.4679382,89.00022882,92.07804434,93.9727728,92.07804434,89.00022882,91.4679382,89.00022882
881,88.93781379,91.47046883,89.00252808,92.08063218,93.97553829,92.08063218,89.00252808,91.47046883,89.00252808
882,88.94010221,91.47299421,89.00482256,92.08321464,93.97829803,92.08321464,89.00482256,91.47299421,89.00482256
883,88.94238588,91.47551433,89.00711227,92.08579173,93.98105204,92.08579173,89.00711227,91.47551433,89.00711227
884,88.9446648,91.47802922,89.00939722,92.08836347,93.98380032,92.08836347,89.00939722,91.47802922,89.00939722
885,88.946939,91.48053889,89.01167744,92.09092987,93.98654291,92.09092987,89.01167744,91.48053889,89.01167744
886,88.94920849,91.48304337,89.01395293,92.09349096,93.98927981,92.09349096,89.01395293,91.48304337,89.01395293
887,88.95147327,91.48554265,89.01622371,92.09604674,93.99201105,92.09604674,89.01622371,91.48554265,89.01622371
888,88.95373338,91.48803678,89.01848979,92.09859724,93.99473664,92.09859724,89.01848979,91.48803678,89.01848979
889,88.95598881,91.49052575,89.02075119,92.10114247,93.99745659,92.10114247,89.02075119,91.49052575,89.02075119
890,88.9582396,91.49300958,89.02300793,92.10368245,94.00017094,92.10368245,89.02300793,91.49300958,89.02300793
891,88.96048574,91.49548829,89.02526002,92.1062172,94.00287969,92.1062172,89.02526002,91.49548829,89.02526002
892,88.96272725,91.4979619,89.02750746,92.10874672,94.00558287,92.10874672,89.02750746,91.4979619,89.02750746
893,88.96496416,91.50043042,89.02975029,92.11127104,94.00828048,92.11127104,89.02975029,91.50043042,89.02975029
894,88.96719647,91.50289387,89.0319885,92.11379018,94.01097255,92.11379018,89.0319885,91.50289387,89.0319885
895,88.96942419,91.50535226,89.03422212,92.11630414,94.01365909,92.11630414,89.03422212,91.50535226,89.03422212
896,88.97164735,91.50780561,89.03645116,92.11881294,94.01634012,92.11881294,89.03645116,91.50780561,89.03645116
897,88.97386596,91.51025393,89.03867563,92.12131661,94.01901566,92.12131661,89.03867563,91.51025393,89.03867563
898,88.97608002,91.51269724,89.04089555,92.12381515,94.02168573,92.12381515,89.04089555,91.51269724,89.04089555
899,88.97828955,91.51513556,89.04311094,92.12630859,94.02435033,92.12630859,89.04311094,91.51513556,89.04311094
900,88.98049458,91.5175689,89.04532179,92.12879693,94.0270095,92.12879693,89.04532179,91.5175689,89.04532179
901,88.9826951,91.51999727,89.04752814,92.13128019,94.02966323,92.13128019,89.04752814,91.51999727,89.04752814
902,88.98489114,91.52242069,89.04972999,92.1337584,94.03231156,92.1337584,89.04972999,91.52242069,89.04972999
903,88.98708271,91.52483918,89.05192735,92.13623155,94.0349545,92.13623155,89.05192735,91.52483918,89.05192735
904,88.98926981,91.52725275,89.05412025,92.13869968,94.03759206,92.13869968,89.05412025,91.52725275,89.05412025
905,88.99145248,91.52966141,89.05630869,92.14116279,94.04022426,92.14116279,89.05630869,91.52966141,89.05630869
906,88.99363071,91.53206518,89.05849268,92.1436209,94.04285112,92.1436209,89.05849268,91.53206518,89.05849268
907,88.99580453,91.53446408,89.06067225,92.14607402,94.04547265,92.14607402,89.06067225,91.53446408,89.06067225
908,88.99797394,91.53685812,89.0628474,92.14852218,94.04808886,92.14852218,89.0628474,91.53685812,89.0628474
909,89.00013897,91.53924732,89.06501815,92.15096538,94.05069979,92.15096538,89.06501815,91.53924732,89.06501815
910,89.00229961,91.54163168,89.06718452,92.15340364,94.05330543,92.15340364,89.06718452,91.54163168,89.06718452
911,89.00445589,91.54401123,89.0693465,92.15583698,94.05590582,92.15583698,89.0693465,91.54401123,89.0693465
912,89.00660782,91.54638597,89.07150413,92.15826541,94.05850095,92.15826541,89.07150413,91.54638597,89.07150413
913,89.00875542,91.54875593,89.0736574,92.16068894,94.06109086,92.16068894,89.0736574,91.54875593,89.0736574
914,89.01089868,91.55112112,89.07580634,92.16310759,94.06367555,92.16310759,89.07580634,91.55112112,89.07580634
915,89.01303764,91.55348155,89.07795096,92.16552138,94.06625504,92.16552138,89.07795096,91.55348155,89.07795096
916,89.0151723,91.55583724,89.08009126,92.16793032,94.06882935,92.16793032,89.08009126,91.55583724,89.08009126
917,89.01730267,91.5581882,89.08222727,92.17033442,94.07139849,92.17033442,89.08222727,91.5581882,89.08222727
918,89.01942877,91.56053444,89.084359,92.17273369,94.07396247,92.17273369,89.084359,91.56053444,89.084359
919,89.02155061,91.56287598,89.08648645,92.17512817,94.07652132,92.17512817,89.08648645,91.56287598,89.08648645
920,89.02366821,91.56521283,89.08860965,92.17751784,94.07907505,92.17751784,89.08860965,91.56521283,89.08860965
921,89.02578157,91.56754502,89.0907286,92.17990275,94.08162367,92.17990275,89.0907286,91.56754502,89.0907286
922,89.02789071,91.56987254,89.09284332,92.18228288,94.0841672,92.18228288,89.09284332,91.56987254,89.09284332
923,89.02999564,91.57219542,89.09495382,92.18465827,94.08670565,92.18465827,89.09495382,91.57219542,89.09495382
924,89.03209637,91.57451367,89.09706011,92.18702892,94.08923905,92.18702892,89.09706011,91.57451367,89.09706011
925,89.03419292,91.5768273,89.0991622,92.18939485,94.0917674,92.18939485,89.0991622,91.5768273,89.0991622
926,89.0362853,91.57913633,89.10126012,92.19175607,94.09429071,92.19175607,89.10126012,91.57913633,89.10126012
927,89.03837351,91.58144076,89.10335386,92.1941126,94.09680902,92.1941126,89.10335386,91.58144076,89.10335386
928,89.04045759,91.58374063,89.10544345,92.19646445,94.09932232,92.19646445,89.10544345,91.58374063,89.10544345
929,89.04253753,91.58603593,89.10752889,92.19881164,94.10183064,92.19881164,89.10752889,91.58603593,89.10752889
930,89.04461334,91.58832668,89.1096102,92.20115417,94.10433398,92.20115417,89.1096102,91.58832668,89.1096102
931,89.04668505,91.5906129,89.11168739,92.20349207,94.10683237,92.20349207,89.11168739,91.5906129,89.11168739
932,89.04875266,91.59289459,89.11376047,92.20582534,94.10932582,92.20582534,89.11376047,91.59289459,89.11376047
933,89.05081618,91.59517178,89.11582945,92.208154,94.11181434,92.208154,89.11582945,91.59517178,89.11582945
934,89.05287563,91.59744447,89.11789435,92.21047807,94.11429795,92.21047807,89.11789435,91.59744447,89.11789435
935,89.05493102,91.59971268,89.11995518,92.21279755,94.11677667,92.21279755,89.11995518,91.59971268,89.11995518
936,89.05698236,91.60197642,89.12201195,92.21511246,94.11925049,92.21511246,89.12201195,91.60197642,89.12201195
937,89.05902967,91.60423571,89.12406467,92.21742282,94.12171946,92.21742282,89.12406467,91.60423571,89.12406467
938,89.06107295,91.60649055,89.12611335,92.21972864,94.12418356,92.21972864,89.12611335,91.60649055,89.12611335
939,89.06311221,91.60874097,89.12815801,92.22202992,94.12664283,92.22202992,89.12815801,91.60874097,89.12815801
940,89.06514748,91.61098697,89.13019866,92.22432669,94.12909727,92.22432669,89.13019866,91.61098697,89.13019866
941,89.06717875,91.61322856,89.13223531,92.22661896,94.1315469,92.22661896,89.13223531,91.61322856,89.13223531
942,89.06920605,91.61546577,89.13426797,92.22890674,94.13399173,92.22890674,89.13426797,91.61546577,89.13426797
943,89.07122937,91.6176986,89.13629665,92.23119004,94.13643178,92.23119004,89.13629665,91.6176986,89.13629665
944,89.07324875,91.61992707,89.13832136,92.23346888,94.13886706,92.23346888,89.13832136,91.61992707,89.13832136
945,89.07526418,91.62215118,89.14034213,92.23574327,94.14129758,92.23574327,89.14034213,91.62215118,89.14034213
946,89.07727568,91.62437096,89.14235895,92.23801322,94.14372336,92.23801322,89.14235895,91.62437096,89.14235895
947,89.07928326,91.6265864,89.14437184,92.24027875,94.14614442,92.24027875,89.14437184,91.6265864,89.14437184
948,89.08128693,91.62879754,89.14638081,92.24253987,94.14856076,92.24253987,89.14638081,91.62879754,89.14638081
949,89.0832867,91.63100437,89.14838588,92.24479659,94.1509724,92.24479659,89.14838588,91.63100437,89.14838588
950,89.08528259,91.63320692,89.15038704,92.24704892,94.15337935,92.24704892,89.15038704,91.63320692,89.15038704
951,89.0872746,91.63540519,89.15238433,92.24929688,94.15578164,92.24929688,89.15238433,91.63540519,89.15238433
952,89.08926275,91.6375992,89.15437774,92.25154048,94.15817926,92.25154048,89.15437774,91.6375992,89.15437774
953,89.09124705,91.63978896,89.15636728,92.25377974,94.16057224,92.25377974,89.15636728,91.63978896,89.15636728
954,89.0932275,91.64197447,89.15835298,92.25601466,94.16296058,92.25601466,89.15835298,91.64197447,89.15835298
955,89.09520413,91.64415576,89.16033483,92.25824526,94.16534431,92.25824526,89.16033483,91.64415576,89.16033483
956,89.09717694,91.64633284,89.16231286,92.26047155,94.16772343,92.26047155,89.16231286,91.64633284,89.16231286
957,89.09914594,91.64850572,89.16428707,92.26269354,94.17009796,92.26269354,89.16428707,91.64850572,89.16428707
958,89.10111114,91.6506744,89.16625747,92.26491125,94.17246791,92.26491125,89.16625747,91.6506744,89.16625747
959,89.10307256,91.65283891,89.16822408,92.26712468,94.1748333,92.26712468,89.16822408,91.65283891,89.16822408
960,89.1050302,91.65499925,89.1701869,92.26933386,94.17719413,92.26933386,89.1701869,91.65499925,89.1701869
961,89.10698408,91.65715544,89.17214595,92.27153879,94.17955042,92.27153879,89.17214595,91.65715544,89.17214595
962,89.10893421,91.65930749,89.17410124,92.27373948,94.18190219,92.27373948,89.17410124,91.65930749,89.17410124
963,89.11088059,91.6614554,89.17605277,92.27593595,94.18424945,92.27593595,89.17605277,91.6614554,89.17605277
964,89.11282324,91.6635992,89.17800056,92.27812821,94.1865922,92.27812821,89.17800056,91.6635992,89.17800056
965,89.11476217,91.6657389,89.17994462,92.28031627,94.18893047,92.28031627,89.17994462,91.6657389,89.17994462
966,89.1166974,91.66787449,89.18188496,92.28250015,94.19126427,92.28250015,89.18188496,91.66787449,89.18188496
967,89.11862892,91.67000601,89.1838216,92.28467984,94.1935936,92.28467984,89.1838216,91.67000601,89.1838216
968,89.12055675,91.67213346,89.18575453,92.28685538,94.19591848,92.28685538,89.18575453,91.67213346,89.18575453
969,89.12248091,91.67425684,89.18768378,92.28902677,94.19823893,92.28902677,89.18768378,91.67425684,89.18768378
970,89.12440139,91.67637618,89.18960934,92.29119401,94.20055496,92.29119401,89.18960934,91.67637618,89.18960934
971,89.12631822,91.67849149,89.19153125,92.29335713,94.20286657,92.29335713,89.19153125,91.67849149,89.19153125
972,89.12823141,91.68060276,89.19344949,92.29551614,94.20517379,92.29551614,89.19344949,91.68060276,89.19344949
973,89.13014095,91.68271003,89.19536409,92.29767104,94.20747662,92.29767104,89.19536409,91.68271003,89.19536409
974,89.13204687,91.68481329,89.19727505,92.29982184,94.20977508,92.29982184,89.19727505,91.68481329,89.19727505
975,89.13394918,91.68691257,89.19918239,92.30196857,94.21206918,92.30196857,89.19918239,91.68691257,89.19918239
976,89.13584788,91.68900786,89.20108611,92.30411123,94.21435893,92.30411123,89.20108611,91.68900786,89.20108611
977,89.13774298,91.69109919,89.20298623,92.30624983,94.21664434,92.30624983,89.20298623,91.69109919,89.20298623
978,89.1396345,91.69318656,89.20488275,92.30838439,94.21892543,92.30838439,89.20488275,91.69318656,89.20488275
979,89.14152244,91.69526999,89.20677569,92.31051491,94.22120221,92.31051491,89.20677569,91.69526999,89.20677569
980,89.14340682,91.69734948,89.20866506,92.31264141,94.22347469,92.31264141,89.20866506,91.69734948,89.20866506
981,89.14528765,91.69942505,89.21055086,92.3147639,94.22574289,92.3147639,89.21055086,91.69942505,89.21055086
982,89.14716493,91.70149671,89.21243311,92.31688238,94.22800681,92.31688238,89.21243311,91.70149671,89.21243311
983,89.14903867,91.70356447,89.21431181,92.31899688,94.23026646,92.31899688,89.21431181,91.70356447,89.21431181
984,89.15090889,91.70562834,89.21618698,92.3211074,94.23252187,92.3211074,89.21618698,91.70562834,89.21618698
985,89.1527756,91.70768833,89.21805862,92.32321396,94.23477304,92.32321396,89.21805862,91.70768833,89.21805862
986,89.1546388,91.70974445,89.21992675,92.32531656,94.23701998,92.32531656,89.21992675,91.70974445,89.21992675
987,89.15649851,91.71179671,89.22179138,92.32741522,94.2392627,92.32741522,89.22179138,91.71179671,89.22179138
988,89.15835473,91.71384513,89.22365251,92.32950994,94.24150123,92.32950994,89.22365251,91.71384513,89.22365251
989,89.16020748,91.71588972,89.22551016,92.33160074,94.24373556,92.33160074,89.22551016,91.71588972,89.22551016
990,89.16205676,91.71793048,89.22736433,92.33368763,94.24596571,92.33368763,89.22736433,91.71793048,89.22736433
991,89.16390258,91.71996742,89.22921504,92.33577062,94.2481917,92.33577062,89.22921504,91.71996742,89.22921504
992,89.16574496,91.72200056,89.23106229,92.33784972,94.25041353,92.33784972,89.23106229,91.72200056,89.23106229
993,89.1675839,91.72402991,89.2329061,92.33992495,94.25263121,92.33992495,89.2329061,91.72402991,89.2329061
994,89.16941942,91.72605548,89.23474647,92.3419963,94.25484476,92.3419963,89.23474647,91.72605548,89.23474647
995,89.17125151,91.72807728,89.23658342,92.3440638,94.2570542,92.3440638,89.23658342,91.72807728,89.23658342
996,89.1730802,91.73009532,89.23841694,92.34612745,94.25925952,92.34612745,89.23841694,91.73009532,89.23841694
997,89.17490549,91.7321096,89.24024707,92.34818727,94.26146074,92.34818727,89.24024707,91.7321096,89.24024707
998,89.1767274,91.73412015,89.24207379,92.35024327,94.26365788,92.35024327,89.24207379,91.73412015,89.24207379
999,89.17854592,91.73612697,89.24389712,92.35229545,94.26585094,92.35229545,89.24389712,91.73612697,89.24389712
1000,89.18036107,91.73813007,89.24571708,92.35434383,94.26803993,92.35434383,89.24571708,91.73813007,89.24571708
1001,89.18217286,91.74012946,89.24753366,92.35638841,94.27022488,92.35638841,89.24753366,91.74012946,89.24753366
1002,89.18398131,91.74212515,89.24934689,92.35842922,94.27240578,92.35842922,89.24934689,91.74212515,89.24934689
1003,89.1857864,91.74411715,89.25115676,92.36046625,94.27458265,92.36046625,89.25115676,91.74411715,89.25115676
1004,89.18758817,91.74610548,89.2529633,92.36249952,94.27675551,92.36249952,89.2529633,91.74610548,89.2529633
1005,89.18938661,91.74809013,89.2547665,92.36452904,94.27892435,92.36452904,89.2547665,91.74809013,89.2547665
1006,89.19118174,91.75007113,89.25656637,92.36655482,94.2810892,92.36655482,89.25656637,91.75007113,89.25656637
1007,89.19297356,91.75204849,89.25836294,92.36857687,94.28325006,92.36857687,89.25836294,91.75204849,89.25836294
1008,89.19476209,91.7540222,89.2601562,92.3705952,94.28540695,92.3705952,89.2601562,91.7540222,89.2601562
1009,89.19654733,91.75599229,89.26194616,92.37260982,94.28755987,92.37260982,89.26194616,91.75599229,89.26194616
1010,89.19832929,91.75795876,89.26373284,92.37462074,94.28970884,92.37462074,89.26373284,91.75795876,89.26373284
1011,89.20010798,91.75992162,89.26551623,92.37662798,94.29185387,92.37662798,89.26551623,91.75992162,89.26551623
1012,89.20188342,91.76188089,89.26729636,92.37863153,94.29399496,92.37863153,89.26729636,91.76188089,89.26729636
1013,89.2036556,91.76383657,89.26907323,92.38063142,94.29613214,92.38063142,89.26907323,91.76383657,89.26907323
1014,89.20542454,91.76578867,89.27084685,92.38262764,94.2982654,92.38262764,89.27084685,91.76578867,89.27084685
1015,89.20719025,91.7677372,89.27261723,92.38462022,94.30039477,92.38462022,89.27261723,91.7677372,89.27261723
1016,89.20895273,91.76968217,89.27438438,92.38660916,94.30252025,92.38660916,89.27438438,91.76968217,89.27438438
1017,89.21071199,91.7716236,89.2761483,92.38859447,94.30464185,92.38859447,89.2761483,91.7716236,89.2761483
1018,89.21246805,91.77356148,89.277909,92.39057616,94.30675958,92.39057616,89.277909,91.77356148,89.277909
1019,89.21422092,91.77549584,89.2796665,92.39255425,94.30887346,92.39255425,89.2796665,91.77549584,89.2796665
1020,89.21597059,91.77742668,89.28142081,92.39452873,94.31098349,92.39452873,89.28142081,91.77742668,89.28142081
1021,89.21771708,91.77935401,89.28317192,92.39649963,94.31308968,92.39649963,89.28317192,91.77935401,89.28317192
1022,89.2194604,91.78127784,89.28491985,92.39846694,94.31519205,92.39846694,89.28491985,91.78127784,89.28491985
1023,89.22120056,91.78319817,89.28666461,92.40043069,94.3172906,92.40043069,89.28666461,91.78319817,89.28666461
1024,89.22293756,91.78511503,89.28840621,92.40239087,94.31938535,92.40239087,89.28840621,91.78511503,89.28840621
1025,89.22467141,91.78702841,89.29014465,92.40434751,94.32147631,92.40434751,89.29014465,91.78702841,89.29014465
1026,89.22640213,91.78893833,89.29187995,92.4063006,94.32356348,92.4063006,89.29187995,91.78893833,89.29187995
1027,89.22812972,91.7908448,89.29361211,92.40825017,94.32564688,92.40825017,89.29361211,91.7908448,89.29361211
1028,89.22985419,91.79274783,89.29534114,92.41019621,94.32772652,92.41019621,89.29534114,91.79274783,89.29534114
1029,89.23157555,91.79464742,89.29706705,92.41213874,94.3298024,92.41213874,89.29706705,91.79464742,89.29706705
1030,89.2332938,91.79654358,89.29878985,92.41407776,94.33187454,92.41407776,89.29878985,91.79654358,89.29878985
1031,89.23500896,91.79843633,89.30050955,92.4160133,94.33394295,92.4160133,89.30050955,91.79843633,89.30050955
1032,89.23672103,91.80032567,89.30222615,92.41794535,94.33600763,92.41794535,89.30222615,91.80032567,89.30222615
1033,89.23843002,91.80221162,89.30393966,92.41987393,94.3380686,92.41987393,89.30393966,91.80221162,89.30393966
1034,89.24013594,91.80409418,89.3056501,92.42179904,94.34012587,92.42179904,89.3056501,91.80409418,89.3056501
1035,89.2418388,91.80597335,89.30735746,92.4237207,94.34217945,92.4237207,89.30735746,91.80597335,89.30735746
1036,89.24353861,91.80784916,89.30906176,92.42563891,94.34422934,92.42563891,89.30906176,91.80784916,89.30906176
1037,89.24523537,91.80972161,89.31076301,92.42755368,94.34627556,92.42755368,89.31076301,91.80972161,89.31076301
1038,89.24692909,91.8115907,89.31246122,92.42946502,94.34831812,92.42946502,89.31246122,91.8115907,89.31246122
1039,89.24861979,91.81345646,89.31415638,92.43137295,94.35035702,92.43137295,89.31415638,91.81345646,89.31415638
1040,89.25030746,91.81531887,89.31584852,92.43327747,94.35239228,92.43327747,89.31584852,91.81531887,89.31584852
1041,89.25199212,91.81717797,89.31753764,92.43517859,94.35442391,92.43517859,89.31753764,91.81717797,89.31753764
1042,89.25367377,91.81903374,89.31922374,92.43707631,94.35645191,92.43707631,89.31922374,91.81903374,89.31922374
1043,89.25535243,91.82088621,89.32090684,92.43897066,94.3584763,92.43897066,89.32090684,91.82088621,89.32090684
1044,89.2570281,91.82273539,89.32258694,92.44086163,94.36049708,92.44086163,89.32258694,91.82273539,89.32258694
1045,89.25870078,91.82458127,89.32426405,92.44274923,94.36251427,92.44274923,89.32426405,91.82458127,89.32426405
1046,89.2603705,91.82642387,89.32593818,92.44463349,94.36452788,92.44463349,89.32593818,91.82642387,89.32593818
1047,89.26203725,91.8282632,89.32760934,92.44651439,94.3665379,92.44651439,89.32760934,91.8282632,89.32760934
1048,89.26370104,91.83009926,89.32927754,92.44839196,94.36854437,92.44839196,89.32927754,91.83009926,89.32927754
1049,89.26536188,91.83193207,89.33094277,92.4502662,94.37054727,92.4502662,89.33094277,91.83193207,89.33094277
1050,89.26701978,91.83376163,89.33260506,92.45213712,94.37254663,92.45213712,89.33260506,91.83376163,89.33260506
1051,89.26867475,91.83558796,89.33426441,92.45400473,94.37454245,92.45400473,89.33426441,91.83558796,89.33426441
1052,89.27032679,91.83741106,89.33592082,92.45586904,94.37653474,92.45586904,89.33592082,91.83741106,89.33592082
1053,89.27197591,91.83923094,89.3375743,92.45773006,94.37852351,92.45773006,89.3375743,91.83923094,89.3375743
1054,89.27362213,91.8410476,89.33922487,92.45958779,94.38050877,92.45958779,89.33922487,91.8410476,89.33922487
1055,89.27526544,91.84286106,89.34087253,92.46144224,94.38249053,92.46144224,89.34087253,91.84286106,89.34087253
1056,89.27690585,91.84467133,89.34251728,92.46329343,94.3844688,92.46329343,89.34251728,91.84467133,89.34251728
1057,89.27854338,91.84647841,89.34415914,92.46514136,94.38644359,92.46514136,89.34415914,91.84647841,89.34415914
1058,89.28017802,91.84828231,89.34579812,92.46698604,94.38841491,92.46698604,89.34579812,91.84828231,89.34579812
1059,89.2818098,91.85008305,89.34743421,92.46882748,94.39038276,92.46882748,89.34743421,91.85008305,89.34743421
1060,89.28343871,91.85188062,89.34906743,92.47066568,94.39234715,92.47066568,89.34906743,91.85188062,89.34906743
1061,89.28506476,91.85367504,89.35069778,92.47250066,94.3943081,92.47250066,89.35069778,91.85367504,89.35069778
1062,89.28668797,91.85546631,89.35232528,92.47433243,94.39626562,92.47433243,89.35232528,91.85546631,89.35232528
1063,89.28830833,91.85725445,89.35394993,92.47616099,94.3982197,92.47616099,89.35394993,91.85725445,89.35394993
1064,89.28992585,91.85903946,89.35557174,92.47798634,94.40017037,92.47798634,89.35557174,91.85903946,89.35557174
1065,89.29154055,91.86082135,89.35719071,92.47980851,94.40211763,92.47980851,89.35719071,91.86082135,89.35719071
1066,89.29315243,91.86260012,89.35880685,92.4816275,94.40406149,92.4816275,89.35880685,91.86260012,89.35880685
1067,89.2947615,91.8643758,89.36042017,92.48344331,94.40600195,92.48344331,89.36042017,91.8643758,89.36042017
1068,89.29636776,91.86614838,89.36203069,92.48525596,94.40793903,92.48525596,89.36203069,91.86614838,89.36203069
1069,89.29797122,91.86791787,89.36363839,92.48706545,94.40987274,92.48706545,89.36363839,91.86791787,89.36363839
1070,89.2995719,91.86968428,89.3652433,92.48887179,94.41180309,92.48887179,89.3652433,91.86968428,89.3652433
1071,89.30116979,91.87144762,89.36684542,92.49067499,94.41373007,92.49067499,89.36684542,91.87144762,89.36684542
1072,89.3027649,91.87320789,89.36844475,92.49247505,94.41565371,92.49247505,89.36844475,91.87320789,89.36844475
1073,89.30435725,91.87496511,89.37004131,92.494272,94.41757401,92.494272,89.37004131,91.87496511,89.37004131
1074,89.30594683,91.87671929,89.3716351,92.49606582,94.41949098,92.49606582,89.3716351,91.87671929,89.3716351
1075,89.30753366,91.87847042,89.37322613,92.49785654,94.42140463,92.49785654,89.37322613,91.87847042,89.37322613
1076,89.30911774,91.88021852,89.3748144,92.49964416,94.42331497,92.49964416,89.3748144,91.88021852,89.3748144
1077,89.31069909,91.8819636,89.37639993,92.50142868,94.425222,92.50142868,89.37639993,91.8819636,89.37639993
1078,89.3122777,91.88370567,89.37798271,92.50321013,94.42712574,92.50321013,89.37798271,91.88370567,89.37798271
1079,89.31385358,91.88544472,89.37956277,92.50498849,94.42902618,92.50498849,89.37956277,91.88544472,89.37956277
1080,89.31542674,91.88718077,89.38114009,92.50676379,94.43092335,92.50676379,89.38114009,91.88718077,89.38114009
1081,89.3169972,91.88891383,89.3827147,92.50853602,94.43281725,92.50853602,89.3827147,91.88891383,89.3827147
1082,89.31856494,91.89064391,89.3842866,92.51030521,94.43470789,92.51030521,89.3842866,91.89064391,89.3842866
1083,89.32012999,91.89237101,89.38585579,92.51207135,94.43659527,92.51207135,89.38585579,91.89237101,89.38585579
1084,89.32169235,91.89409514,89.38742228,92.51383445,94.43847941,92.51383445,89.38742228,91.89409514,89.38742228
1085,89.32325203,91.89581631,89.38898608,92.51559453,94.44036031,92.51559453,89.38898608,91.89581631,89.38898608
1086,89.32480903,91.89753452,89.3905472,92.51735158,94.44223798,92.51735158,89.3905472,91.89753452,89.3905472
1087,89.32636336,91.89924979,89.39210564,92.51910562,94.44411244,92.51910562,89.39210564,91.89924979,89.39210564
1088,89.32791502,91.90096212,89.39366141,92.52085665,94.44598368,92.52085665,89.39366141,91.90096212,89.39366141
1089,89.32946403,91.90267151,89.39521452,92.52260469,94.44785172,92.52260469,89.39521452,91.90267151,89.39521452
1090,89.33101039,91.90437799,89.39676497,92.52434974,94.44971656,92.52434974,89.39676497,91.90437799,89.39676497
1091,89.3325541,91.90608154,89.39831277,92.5260918,94.45157821,92.5260918,89.39831277,91.90608154,89.39831277
1092,89.33409518,91.90778219,89.39985792,92.52783089,94.45343669,92.52783089,89.39985792,91.90778219,89.39985792
1093,89.33563363,91.90947993,89.40140044,92.52956702,94.455292,92.52956702,89.40140044,91.90947993,89.40140044
1094,89.33716946,91.91117479,89.40294034,92.53130018,94.45714414,92.53130018,89.40294034,91.91117479,89.40294034
1095,89.33870267,91.91286675,89.4044776,92.53303039,94.45899313,92.53303039,89.4044776,91.91286675,89.4044776
1096,89.34023328,91.91455584,89.40601226,92.53475766,94.46083897,92.53475766,89.40601226,91.91455584,89.40601226
1097,89.34176128,91.91624205,89.4075443,92.53648199,94.46268167,92.53648199,89.4075443,91.91624205,89.4075443
1098,89.34328668,91.9179254,89.40907374,92.53820339,94.46452124,92.53820339,89.40907374,91.9179254,89.40907374
1099,89.3448095,91.91960589,89.41060058,92.53992186,94.46635769,92.53992186,89.41060058,91.91960589,89.41060058
1100,89.34632973,91.92128353,89.41212484,92.54163743,94.46819103,92.54163743,89.41212484,91.92128353,89.41212484
1101,89.34784738,91.92295833,89.41364651,92.54335008,94.47002126,92.54335008,89.41364651,91.92295833,89.41364651
1102,89.34936247,91.92463029,89.41516561,92.54505984,94.47184839,92.54505984,89.41516561,91.92463029,89.41516561
1103,89.35087499,91.92629942,89.41668213,92.54676671,94.47367243,92.54676671,89.41668213,91.92629942,89.41668213
1104,89.35238496,91.92796574,89.41819609,92.54847068,94.47549338,92.54847068,89.41819609,91.92796574,89.41819609
1105,89.35389238,91.92962924,89.4197075,92.55017179,94.47731126,92.55017179,89.4197075,91.92962924,89.4197075
1106,89.35539725,91.93128993,89.42121635,92.55187002,94.47912607,92.55187002,89.42121635,91.93128993,89.42121635
1107,89.35689959,91.93294782,89.42272266,92.55356538,94.48093783,92.55356538,89.42272266,91.93294782,89.42272266
1108,89.35839939,91.93460292,89.42422643,92.5552579,94.48274653,92.5552579,89.42422643,91.93460292,89.42422643
1109,89.35989667,91.93625523,89.42572768,92.55694756,94.48455218,92.55694756,89.42572768,91.93625523,89.42572768
1110,89.36139143,91.93790476,89.42722639,92.55863438,94.4863548,92.55863438,89.42722639,91.93790476,89.42722639
1111,89.36288369,91.93955152,89.42872259,92.56031837,94.48815439,92.56031837,89.42872259,91.93955152,89.42872259
1112,89.36437343,91.94119552,89.43021628,92.56199953,94.48995096,92.56199953,89.43021628,91.94119552,89.43021628
1113,89.36586068,91.94283676,89.43170746,92.56367786,94.49174452,92.56367786,89.43170746,91.94283676,89.43170746
1114,89.36734543,91.94447525,89.43319614,92.56535339,94.49353507,92.56535339,89.43319614,91.94447525,89.43319614
1115,89.3688277,91.94611099,89.43468233,92.56702611,94.49532262,92.56702611,89.43468233,91.94611099,89.43468233
1116,89.37030748,91.947744,89.43616603,92.56869603,94.49710718,92.56869603,89.43616603,91.947744,89.43616603
1117,89.3717848,91.94937428,89.43764725,92.57036316,94.49888875,92.57036316,89.43764725,91.94937428,89.43764725
1118,89.37325964,91.95100183,89.439126,92.5720275,94.50066735,92.5720275,89.439126,91.95100183,89.439126
1119,89.37473202,91.95262667,89.44060228,92.57368907,94.50244298,92.57368907,89.44060228,91.95262667,89.44060228
1120,89.37620195,91.9542488,89.44207609,92.57534787,94.50421565,92.57534787,89.44207609,91.9542488,89.44207609
1121,89.37766943,91.95586822,89.44354745,92.5770039,94.50598537,92.5770039,89.44354745,91.95586822,89.44354745
1122,89.37913446,91.95748495,89.44501637,92.57865717,94.50775213,92.57865717,89.44501637,91.95748495,89.44501637
1123,89.38059706,91.95909899,89.44648283,92.58030769,94.50951596,92.58030769,89.44648283,91.95909899,89.44648283
1124,89.38205723,91.96071034,89.44794686,92.58195547,94.51127686,92.58195547,89.44794686,91.96071034,89.44794686
1125,89.38351497,91.96231902,89.44940846,92.58360052,94.51303484,92.58360052,89.44940846,91.96231902,89.44940846
1126,89.38497029,91.96392503,89.45086763,92.58524283,94.51478989,92.58524283,89.45086763,91.96392503,89.45086763
1127,89.3864232,91.96552838,89.45232439,92.58688242,94.51654204,92.58688242,89.45232439,91.96552838,89.45232439
1128,89.3878737,91.96712907,89.45377873,92.58851929,94.51829128,92.58851929,89.45377873,91.96712907,89.45377873
1129,89.3893218,91.96872711,89.45523066,92.59015346,94.52003763,92.59015346,89.45523066,91.96872711,89.45523066
1130,89.39076751,91.97032251,89.45668019,92.59178492,94.52178109,92.59178492,89.45668019,91.97032251,89.45668019
1131,89.39221083,91.97191527,89.45812732,92.59341369,94.52352167,92.59341369,89.45812732,91.97191527,89.45812732
1132,89.39365176,91.9735054,89.45957207,92.59503976,94.52525937,92.59503976,89.45957207,91.9735054,89.45957207
1133,89.39509032,91.97509291,89.46101443,92.59666316,94.52699421,92.59666316,89.46101443,91.97509291,89.46101443
1134,89.3965265,91.9766778,89.46245442,92.59828387,94.52872619,92.59828387,89.46245442,91.9766778,89.46245442
1135,89.39796032,91.97826008,89.46389203,92.59990192,94.53045531,92.59990192,89.46389203,91.97826008,89.46389203
1136,89.39939178,91.97983976,89.46532728,92.6015173,94.53218159,92.6015173,89.46532728,91.97983976,89.46532728
1137,89.40082089,91.98141684,89.46676016,92.60313003,94.53390503,92.60313003,89.46676016,91.98141684,89.46676016
1138,89.40224764,91.98299132,89.4681907,92.60474011,94.53562564,92.60474011,89.4681907,91.98299132,89.4681907
1139,89.40367206,91.98456323,89.46961888,92.60634755,94.53734342,92.60634755,89.46961888,91.98456323,89.46961888
1140,89.40509414,91.98613255,89.47104472,92.60795234,94.53905839,92.60795234,89.47104472,91.98613255,89.47104472
1141,89.40651388,91.9876993,89.47246822,92.60955451,94.54077054,92.60955451,89.47246822,91.9876993,89.47246822
1142,89.40793131,91.98926349,89.4738894,92.61115406,94.5424799,92.61115406,89.4738894,91.98926349,89.4738894
1143,89.40934641,91.99082512,89.47530824,92.61275098,94.54418645,92.61275098,89.47530824,91.99082512,89.47530824
1144,89.4107592,91.99238419,89.47672477,92.6143453,94.54589021,92.6143453,89.47672477,91.99238419,89.47672477
1145,89.41216968,91.99394071,89.47813898,92.61593701,94.54759119,92.61593701,89.47813898,91.99394071,89.47813898
1146,89.41357786,91.9954947,89.47955089,92.61752612,94.5492894,92.61752612,89.47955089,91.9954947,89.47955089
1147,89.41498374,91.99704615,89.48096049,92.61911264,94.55098483,92.61911264,89.48096049,91.99704615,89.48096049
1148,89.41638733,91.99859507,89.4823678,92.62069658,94.5526775,92.62069658,89.4823678,91.99859507,89.4823678
1149,89.41778864,92.00014147,89.48377281,92.62227794,94.55436742,92.62227794,89.48377281,92.00014147,89.48377281
1150,89.41918766,92.00168536,89.48517554,92.62385672,94.55605458,92.62385672,89.48517554,92.00168536,89.48517554
1151,89.42058442,92.00322673,89.48657598,92.62543294,94.557739,92.62543294,89.48657598,92.00322673,89.48657598
1152,89.4219789,92.0047656,89.48797415,92.62700659,94.55942069,92.62700659,89.48797415,92.0047656,89.48797415
1153,89.42337112,92.00630198,89.48937006,92.62857769,94.56109965,92.62857769,89.48937006,92.00630198,89.48937006
1154,89.42476108,92.00783586,89.49076369,92.63014625,94.56277588,92.63014625,89.49076369,92.00783586,89.49076369
1155,89.42614879,92.00936725,89.49215508,92.63171226,94.5644494,92.63171226,89.49215508,92.00936725,89.49215508
1156,89.42753425,92.01089617,89.4935442,92.63327574,94.5661202,92.63327574,89.4935442,92.01089617,89.4935442
1157,89.42891747,92.01242261,89.49493108,92.63483668,94.56778831,92.63483668,89.49493108,92.01242261,89.49493108
1158,89.43029845,92.01394659,89.49631572,92.63639511,94.56945372,92.63639511,89.49631572,92.01394659,89.49631572
1159,89.43167721,92.0154681,89.49769812,92.63795101,94.57111643,92.63795101,89.49769812,92.0154681,89.49769812
1160,89.43305374,92.01698716,89.49907829,92.63950441,94.57277647,92.63950441,89.49907829,92.01698716,89.49907829
1161,89.43442804,92.01850376,89.50045624,92.6410553,94.57443383,92.6410553,89.50045624,92.01850376,89.50045624
1162,89.43580014,92.02001793,89.50183196,92.64260369,94.57608851,92.64260369,89.50183196,92.02001793,89.50183196
1163,89.43717002,92.02152966,89.50320547,92.64414959,94.57774054,92.64414959,89.50320547,92.02152966,89.50320547
1164,89.43853771,92.02303895,89.50457677,92.645693,94.5793899,92.645693,89.50457677,92.02303895,89.50457677
1165,89.43990319,92.02454582,89.50594587,92.64723394,94.58103662,92.64723394,89.50594587,92.02454582,89.50594587
1166,89.44126648,92.02605027,89.50731276,92.64877239,94.58268069,92.64877239,89.50731276,92.02605027,89.50731276
1167,89.44262758,92.0275523,89.50867747,92.65030838,94.58432212,92.65030838,89.50867747,92.0275523,89.50867747
1168,89.4439865,92.02905193,89.51003998,92.6518419,94.58596092,92.6518419,89.51003998,92.02905193,89.51003998
1169,89.44534324,92.03054915,89.51140031,92.65337297,94.58759709,92.65337297,89.51140031,92.03054915,89.51140031
1170,89.44669781,92.03204398,89.51275847,92.65490159,94.58923064,92.65490159,89.51275847,92.03204398,89.51275847
1171,89.44805022,92.03353641,89.51411445,92.65642776,94.59086158,92.65642776,89.51411445,92.03353641,89.51411445
1172,89.44940046,92.03502646,89.51546826,92.65795149,94.59248992,92.65795149,89.51546826,92.03502646,89.51546826
1173,89.45074854,92.03651413,89.51681991,92.65947278,94.59411565,92.65947278,89.51681991,92.03651413,89.51681991
1174,89.45209448,92.03799942,89.51816941,92.66099165,94.59573879,92.66099165,89.51816941,92.03799942,89.51816941
1175,89.45343826,92.03948235,89.51951675,92.6625081,94.59735934,92.6625081,89.51951675,92.03948235,89.51951675
1176,89.45477991,92.04096291,89.52086195,92.66402213,94.5989773,92.66402213,89.52086195,92.04096291,89.52086195
1177,89.45611942,92.04244112,89.522205,92.66553375,94.6005927,92.66553375,89.522205,92.04244112,89.522205
1178,89.4574568,92.04391697,89.52354592,92.66704297,94.60220552,92.66704297,89.52354592,92.04391697,89.52354592
1179,89.45879205,92.04539048,89.52488471,92.66854979,94.60381578,92.66854979,89.52488471,92.04539048,89.52488471
1180,89.46012518,92.04686165,89.52622137,92.67005421,94.60542348,92.67005421,89.52622137,92.04686165,89.52622137
1181,89.4614562,92.04833048,89.5275559,92.67155625,94.60702863,92.67155625,89.5275559,92.04833048,89.5275559
1182,89.46278511,92.04979699,89.52888833,92.6730559,94.60863123,92.6730559,89.52888833,92.04979699,89.52888833
1183,89.46411191,92.05126117,89.53021864,92.67455318,94.6102313,92.67455318,89.53021864,92.05126117,89.53021864
1184,89.46543661,92.05272303,89.53154684,92.67604809,94.61182883,92.67604809,89.53154684,92.05272303,89.53154684
1185,89.46675921,92.05418258,89.53287295,92.67754063,94.61342383,92.67754063,89.53287295,92.05418258,89.53287295
1186,89.46807973,92.05563983,89.53419695,92.67903081,94.61501632,92.67903081,89.53419695,92.05563983,89.53419695
1187,89.46939815,92.05709477,89.53551887,92.68051864,94.61660628,92.68051864,89.53551887,92.05709477,89.53551887
1188,89.4707145,92.05854741,89.5368387,92.68200413,94.61819374,92.68200413,89.5368387,92.05854741,89.5368387
1189,89.47202877,92.05999777,89.53815645,92.68348726,94.6197787,92.68348726,89.53815645,92.05999777,89.53815645
1190,89.47334097,92.06144584,89.53947212,92.68496807,94.62136115,92.68496807,89.53947212,92.06144584,89.53947212
1191,89.47465111,92.06289162,89.54078572,92.68644654,94.62294112,92.68644654,89.54078572,92.06289162,89.54078572
1192,89.47595918,92.06433514,89.54209725,92.68792268,94.6245186,92.68792268,89.54209725,92.06433514,89.54209725
1193,89.4772652,92.06577638,89.54340673,92.68939651,94.6260936,92.68939651,89.54340673,92.06577638,89.54340673
1194,89.47856916,92.06721536,89.54471414,92.69086801,94.62766613,92.69086801,89.54471414,92.06721536,89.54471414
1195,89.47987108,92.06865209,89.5460195,92.69233721,94.62923618,92.69233721,89.5460195,92.06865209,89.5460195
1196,89.48117096,92.07008656,89.54732282,92.69380411,94.63080378,92.69380411,89.54732282,92.07008656,89.54732282
1197,89.4824688,92.07151878,89.54862409,92.6952687,94.63236892,92.6952687,89.54862409,92.07151878,89.54862409
1198,89.4837646,92.07294875,89.54992333,92.69673101,94.63393161,92.69673101,89.54992333,92.07294875,89.54992333
1199,89.48505838,92.0743765,89.55122053,92.69819102,94.63549185,92.69819102,89.55122053,92.0743765,89.55122053
1200,89.48635014,92.075802,89.55251571,92.69964875,94.63704965,92.69964875,89.55251571,92.075802,89.55251571
1201,89.48763988,92.07722529,89.55380886,92.70110421,94.63860502,92.70110421,89.55380886,92.07722529,89.55380886
1202,89.48892761,92.07864635,89.55509999,92.70255739,94.64015796,92.70255739,89.55509999,92.07864635,89.55509999
1203,89.49021332,92.08006519,89.55638911,92.70400831,94.64170848,92.70400831,89.55638911,92.08006519,89.55638911
1204,89.49149704,92.08148182,89.55767622,92.70545696,94.64325659,92.70545696,89.55767622,92.08148182,89.55767622
1205,89.49277875,92.08289625,89.55896132,92.70690336,94.64480228,92.70690336,89.55896132,92.08289625,89.55896132
1206,89.49405847,92.08430847,89.56024443,92.70834751,94.64634557,92.70834751,89.56024443,92.08430847,89.56024443
1207,89.4953362,92.0857185,89.56152554,92.70978941,94.64788645,92.70978941,89.56152554,92.0857185,89.56152554
1208,89.49661194,92.08712634,89.56280466,92.71122907,94.64942495,92.71122907,89.56280466,92.08712634,89.56280466
1209,89.49788571,92.08853199,89.56408179,92.7126665,94.65096105,92.7126665,89.56408179,92.08853199,89.56408179
1210,89.4991575,92.08993546,89.56535694,92.7141017,94.65249477,92.7141017,89.56535694,92.08993546,89.56535694
1211,89.50042731,92.09133676,89.56663012,92.71553467,94.65402612,92.71553467,89.56663012,92.09133676,89.56663012
1212,89.50169516,92.09273589,89.56790132,92.71696542,94.65555509,92.71696542,89.56790132,92.09273589,89.56790132
1213,89.50296105,92.09413285,89.56917056,92.71839396,94.6570817,92.71839396,89.56917056,92.09413285,89.56917056
1214,89.50422498,92.09552765,89.57043783,92.71982029,94.65860594,92.71982029,89.57043783,92.09552765,89.57043783
1215,89.50548695,92.09692029,89.57170315,92.72124441,94.66012783,92.72124441,89.57170315,92.09692029,89.57170315
1216,89.50674698,92.09831079,89.57296651,92.72266634,94.66164737,92.72266634,89.57296651,92.09831079,89.57296651
1217,89.50800507,92.09969913,89.57422792,92.72408607,94.66316456,92.72408607,89.57422792,92.09969913,89.57422792
1218,89.50926121,92.10108534,89.57548739,92.72550361,94.66467942,92.72550361,89.57548739,92.10108534,89.57548739
1219,89.51051542,92.10246941,89.57674492,92.72691897,94.66619194,92.72691897,89.57674492,92.10246941,89.57674492
1220,89.5117677,92.10385136,89.57800051,92.72833215,94.66770214,92.72833215,89.57800051,92.10385136,89.57800051
1221,89.51301805,92.10523117,89.57925417,92.72974316,94.66921001,92.72974316,89.57925417,92.10523117,89.57925417
1222,89.51426648,92.10660887,89.5805059,92.731152,94.67071556,92.731152,89.5805059,92.10660887,89.5805059
1223,89.51551299,92.10798445,89.58175571,92.73255867,94.6722188,92.73255867,89.58175571,92.10798445,89.58175571
1224,89.51675759,92.10935792,89.5830036,92.73396319,94.67371974,92.73396319,89.5830036,92.10935792,89.5830036
1225,89.51800028,92.11072928,89.58424958,92.73536555,94.67521837,92.73536555,89.58424958,92.11072928,89.58424958
1226,89.51924107,92.11209854,89.58549365,92.73676576,94.6767147,92.73676576,89.58549365,92.11209854,89.58549365
1227,89.52047996,92.1134657,89.58673582,92.73816383,94.67820875,92.73816383,89.58673582,92.1134657,89.58673582
1228,89.52171695,92.11483078,89.58797608,92.73955976,94.67970051,92.73955976,89.58797608,92.11483078,89.58797608
1229,89.52295205,92.11619376,89.58921445,92.74095356,94.68118999,92.74095356,89.58921445,92.11619376,89.58921445
1230,89.52418526,92.11755467,89.59045093,92.74234522,94.68267719,92.74234522,89.59045093,92.11755467,89.59045093
1231,89.52541659,92.11891349,89.59168552,92.74373477,94.68416212,92.74373477,89.59168552,92.11891349,89.59168552
1232,89.52664605,92.12027025,89.59291822,92.74512219,94.68564479,92.74512219,89.59291822,92.12027025,89.59291822
1233,89.52787363,92.12162493,89.59414905,92.7465075,94.6871252,92.7465075,89.59414905,92.12162493,89.59414905
1234,89.52909934,92.12297756,89.595378,92.7478907,94.68860335,92.7478907,89.595378,92.12297756,89.595378
1235,89.53032318,92.12432812,89.59660508,92.74927179,94.69007926,92.74927179,89.59660508,92.12432812,89.59660508
1236,89.53154516,92.12567663,89.5978303,92.75065078,94.69155292,92.75065078,89.5978303,92.12567663,89.5978303
1237,89.53276529,92.12702309,89.59905366,92.75202768,94.69302434,92.75202768,89.59905366,92.12702309,89.59905366
1238,89.53398356,92.12836751,89.60027515,92.75340249,94.69449352,92.75340249,89.60027515,92.12836751,89.60027515
1239,89.53519999,92.12970989,89.6014948,92.75477521,94.69596048,92.75477521,89.6014948,92.12970989,89.6014948
1240,89.53641457,92.13105023,89.60271259,92.75614585,94.69742521,92.75614585,89.60271259,92.13105023,89.60271259
1241,89.53762731,92.13238854,89.60392854,92.75751442,94.69888773,92.75751442,89.60392854,92.13238854,89.60392854
1242,89.53883822,92.13372483,89.60514265,92.75888091,94.70034803,92.75888091,89.60514265,92.13372483,89.60514265
1243,89.54004729,92.13505909,89.60635493,92.76024533,94.70180612,92.76024533,89.60635493,92.13505909,89.60635493
1244,89.54125454,92.13639134,89.60756537,92.7616077,94.70326201,92.7616077,89.60756537,92.13639134,89.60756537
1245,89.54245996,92.13772158,89.60877398,92.762968,94.7047157,92.762968,89.60877398,92.13772158,89.60877398
1246,89.54366357,92.13904981,89.60998077,92.76432626,94.70616719,92.76432626,89.60998077,92.13904981,89.60998077
1247,89.54486536,92.14037603,89.61118574,92.76568246,94.7076165,92.76568246,89.61118574,92.14037603,89.61118574
1248,89.54606534,92.14170026,89.61238889,92.76703662,94.70906362,92.76703662,89.61238889,92.14170026,89.61238889
1249,89.54726351,92.14302249,89.61359023,92.76838874,94.71050857,92.76838874,89.61359023,92.14302249,89.61359023
1250,89.54845988,92.14434274,89.61478977,92.76973883,94.71195133,92.76973883,89.61478977,92.14434274,89.61478977
1251,89.54965445,92.14566099,89.6159875,92.77108689,94.71339194,92.77108689,89.6159875,92.14566099,89.6159875
1252,89.55084722,92.14697727,89.61718343,92.77243292,94.71483037,92.77243292,89.61718343,92.14697727,89.61718343
1253,89.55203821,92.14829158,89.61837756,92.77377693,94.71626665,92.77377693,89.61837756,92.14829158,89.61837756
1254,89.5532274,92.14960391,89.61956991,92.77511893,94.71770077,92.77511893,89.61956991,92.14960391,89.61956991
1255,89.55441482,92.15091427,89.62076046,92.77645891,94.71913274,92.77645891,89.62076046,92.15091427,89.62076046
1256,89.55560046,92.15222267,89.62194924,92.77779689,94.72056257,92.77779689,89.62194924,92.15222267,89.62194924
1257,89.55678432,92.15352911,89.62313623,92.77913286,94.72199026,92.77913286,89.62313623,92.15352911,89.62313623
1258,89.55796641,92.1548336,89.62432145,92.78046684,94.72341581,92.78046684,89.62432145,92.1548336,89.62432145
1259,89.55914673,92.15613614,89.6255049,92.78179882,94.72483923,92.78179882,89.6255049,92.15613614,89.6255049
1260,89.5603253,92.15743673,89.62668658,92.78312881,94.72626052,92.78312881,89.62668658,92.15743673,89.62668658
1261,89.5615021,92.15873538,89.62786649,92.78445682,94.7276797,92.78445682,89.62786649,92.15873538,89.62786649
1262,89.56267715,92.1600321,89.62904465,92.78578285,94.72909676,92.78578285,89.62904465,92.1600321,89.62904465
1263,89.56385045,92.16132688,89.63022105,92.7871069,94.7305117,92.7871069,89.63022105,92.16132688,89.63022105
1264,89.565022,92.16261974,89.6313957,92.78842898,94.73192454,92.78842898,89.6313957,92.16261974,89.6313957
1265,89.5661918,92.16391067,89.63256861,92.78974909,94.73333528,92.78974909,89.63256861,92.16391067,89.63256861
1266,89.56735987,92.16519969,89.63373977,92.79106725,94.73474392,92.79106725,89.63373977,92.16519969,89.63373977
1267,89.56852621,92.16648678,89.63490918,92.79238344,94.73615047,92.79238344,89.63490918,92.16648678,89.63490918
1268,89.56969081,92.16777197,89.63607687,92.79369768,94.73755493,92.79369768,89.63607687,92.16777197,89.63607687
1269,89.57085368,92.16905525,89.63724282,92.79500997,94.73895731,92.79500997,89.63724282,92.16905525,89.63724282
1270,89.57201483,92.17033663,89.63840704,92.79632031,94.7403576,92.79632031,89.63840704,92.17033663,89.63840704
1271,89.57317426,92.17161611,89.63956954,92.79762871,94.74175583,92.79762871,89.63956954,92.17161611,89.63956954
1272,89.57433198,92.1728937,89.64073032,92.79893518,94.74315198,92.79893518,89.64073032,92.1728937,89.64073032
1273,89.57548798,92.1741694,89.64188938,92.80023971,94.74454607,92.80023971,89.64188938,92.1741694,89.64188938
1274,89.57664227,92.17544321,89.64304672,92.80154232,94.7459381,92.80154232,89.64304672,92.17544321,89.64304672
1275,89.57779486,92.17671514,89.64420236,92.802843,94.74732807,92.802843,89.64420236,92.17671514,89.64420236
1276,89.57894575,92.17798519,89.64535629,92.80414176,94.74871599,92.80414176,89.64535629,92.17798519,89.64535629
1277,89.58009494,92.17925337,89.64650853,92.80543861,94.75010187,92.80543861,89.64650853,92.17925337,89.64650853
1278,89.58124244,92.18051968,89.64765906,92.80673355,94.7514857,92.80673355,89.64765906,92.18051968,89.64765906
1279,89.58238824,92.18178413,89.6488079,92.80802658,94.75286749,92.80802658,89.6488079,92.18178413,89.6488079
1280,89.58353237,92.18304672,89.64995505,92.80931771,94.75424725,92.80931771,89.64995505,92.18304672,89.64995505
1281,89.5846748,92.18430745,89.65110051,92.81060693,94.75562499,92.81060693,89.65110051,92.18430745,89.65110051
1282,89.58581556,92.18556633,89.65224429,92.81189427,94.7570007,92.81189427,89.65224429,92.18556633,89.65224429
1283,89.58695465,92.18682336,89.65338639,92.81317971,94.75837439,92.81317971,89.65338639,92.18682336,89.65338639
1284,89.58809207,92.18807854,89.65452681,92.81446327,94.75974606,92.81446327,89.65452681,92.18807854,89.65452681
1285,89.58922781,92.18933189,89.65566556,92.81574495,94.76111572,92.81574495,89.65566556,92.18933189,89.65566556
1286,89.5903619,92.1905834,89.65680265,92.81702475,94.76248338,92.81702475,89.65680265,92.1905834,89.65680265
1287,89.59149432,92.19183307,89.65793806,92.81830267,94.76384903,92.81830267,89.65793806,92.19183307,89.65793806
1288,89.59262509,92.19308092,89.65907182,92.81957873,94.76521269,92.81957873,89.65907182,92.19308092,89.65907182
1289,89.5937542,92.19432695,89.66020392,92.82085292,94.76657435,92.82085292,89.66020392,92.19432695,89.66020392
1290,89.59488166,92.19557115,89.66133437,92.82212525,94.76793402,92.82212525,89.66133437,92.19557115,89.66133437
1291,89.59600748,92.19681354,89.66246317,92.82339572,94.76929171,92.82339572,89.66246317,92.19681354,89.66246317
1292,89.59713166,92.19805412,89.66359032,92.82466434,94.77064742,92.82466434,89.66359032,92.19805412,89.66359032
1293,89.5982542,92.19929289,89.66471583,92.82593111,94.77200116,92.82593111,89.66471583,92.19929289,89.66471583
1294,89.5993751,92.20052985,89.6658397,92.82719604,94.77335292,92.82719604,89.6658397,92.20052985,89.6658397
1295,89.60049437,92.20176501,89.66696193,92.82845913,94.77470271,92.82845913,89.66696193,92.20176501,89.66696193
1296,89.60161202,92.20299838,89.66808253,92.82972037,94.77605054,92.82972037,89.66808253,92.20299838,89.66808253
1297,89.60272804,92.20422996,89.6692015,92.83097979,94.77739642,92.83097979,89.6692015,92.20422996,89.6692015
1298,89.60384244,92.20545975,89.67031885,92.83223737,94.77874033,92.83223737,89.67031885,92.20545975,89.67031885
1299,89.60495522,92.20668775,89.67143458,92.83349314,94.7800823,92.83349314,89.67143458,92.20668775,89.67143458
1300,89.60606639,92.20791397,89.67254869,92.83474708,94.78142232,92.83474708,89.67254869,92.20791397,89.67254869
1301,89.60717595,92.20913842,89.67366118,92.8359992,94.7827604,92.8359992,89.67366118,92.20913842,89.67366118
1302,89.6082839,92.21036109,89.67477207,92.83724951,94.78409655,92.83724951,89.67477207,92.21036109,89.67477207
1303,89.60939025,92.21158199,89.67588134,92.83849801,94.78543075,92.83849801,89.67588134,92.21158199,89.67588134
1304,89.610495,92.21280113,89.67698901,92.83974471,94.78676304,92.83974471,89.67698901,92.21280113,89.67698901
1305,89.61159815,92.2140185,89.67809508,92.8409896,94.78809339,92.8409896,89.67809508,92.2140185,89.67809508
1306,89.61269971,92.21523412,89.67919956,92.8422327,94.78942182,92.8422327,89.67919956,92.21523412,89.67919956
1307,89.61379968,92.21644799,89.68030244,92.843474,94.79074834,92.843474,89.68030244,92.21644799,89.68030244
1308,89.61489807,92.2176601,89.68140373,92.84471352,94.79207295,92.84471352,89.68140373,92.2176601,89.68140373
1309,89.61599487,92.21887047,89.68250344,92.84595124,94.79339565,92.84595124,89.68250344,92.21887047,89.68250344
1310,89.61709009,92.2200791,89.68360156,92.84718719,94.79471644,92.84718719,89.68360156,92.2200791,89.68360156
1311,89.61818374,92.22128598,89.6846981,92.84842136,94.79603533,92.84842136,89.6846981,92.22128598,89.6846981
1312,89.61927582,92.22249113,89.68579306,92.84965375,94.79735233,92.84965375,89.68579306,92.22249113,89.68579306
1313,89.62036632,92.22369456,89.68688646,92.85088438,94.79866743,92.85088438,89.68688646,92.22369456,89.68688646
1314,89.62145526,92.22489625,89.68797828,92.85211324,94.79998065,92.85211324,89.68797828,92.22489625,89.68797828
1315,89.62254264,92.22609622,89.68906854,92.85334033,94.80129198,92.85334033,89.68906854,92.22609622,89.68906854
1316,89.62362847,92.22729447,89.69015723,92.85456566,94.80260144,92.85456566,89.69015723,92.22729447,89.69015723
1317,89.62471273,92.228491,89.69124436,92.85578925,94.80390901,92.85578925,89.69124436,92.228491,89.69124436
1318,89.62579544,92.22968582,89.69232994,92.85701107,94.80521472,92.85701107,89.69232994,92.22968582,89.69232994
1319,89.62687661,92.23087893,89.69341397,92.85823116,94.80651856,92.85823116,89.69341397,92.23087893,89.69341397
1320,89.62795623,92.23207034,89.69449644,92.85944949,94.80782053,92.85944949,89.69449644,92.23207034,89.69449644
1321,89.62903431,92.23326004,89.69557737,92.86066609,94.80912065,92.86066609,89.69557737,92.23326004,89.69557737
1322,89.63011084,92.23444805,89.69665676,92.86188095,94.81041891,92.86188095,89.69665676,92.23444805,89.69665676
1323,89.63118585,92.23563436,89.6977346,92.86309408,94.81171531,92.86309408,89.6977346,92.23563436,89.6977346
1324,89.63225932,92.23681898,89.69881092,92.86430548,94.81300987,92.86430548,89.69881092,92.23681898,89.69881092
1325,89.63333126,92.23800191,89.69988569,92.86551515,94.81430259,92.86551515,89.69988569,92.23800191,89.69988569
1326,89.63440168,92.23918316,89.70095894,92.8667231,94.81559347,92.8667231,89.70095894,92.23918316,89.70095894
1327,89.63547057,92.24036273,89.70203066,92.86792934,94.81688251,92.86792934,89.70203066,92.24036273,89.70203066
1328,89.63653794,92.24154063,89.70310086,92.86913385,94.81816972,92.86913385,89.70310086,92.24154063,89.70310086
1329,89.6376038,92.24271685,89.70416954,92.87033666,94.8194551,92.87033666,89.70416954,92.24271685,89.70416954
1330,89.63866815,92.2438914,89.7052367,92.87153777,94.82073865,92.87153777,89.7052367,92.2438914,89.7052367
1331,89.63973099,92.24506428,89.70630235,92.87273716,94.82202039,92.87273716,89.70630235,92.24506428,89.70630235
1332,89.64079232,92.24623551,89.70736649,92.87393486,94.82330031,92.87393486,89.70736649,92.24623551,89.70736649
1333,89.64185214,92.24740507,89.70842912,92.87513086,94.82457841,92.87513086,89.70842912,92.24740507,89.70842912
1334,89.64291047,92.24857298,89.70949025,92.87632517,94.82585471,92.87632517,89.70949025,92.24857298,89.70949025
1335,89.6439673,92.24973924,89.71054988,92.87751779,94.8271292,92.87751779,89.71054988,92.24973924,89.71054988
1336,89.64502264,92.25090385,89.71160801,92.87870873,94.82840189,92.87870873,89.71160801,92.25090385,89.71160801
1337,89.64607649,92.25206681,89.71266464,92.87989798,94.82967279,92.87989798,89.71266464,92.25206681,89.71266464
1338,89.64712885,92.25322814,89.71371979,92.88108556,94.83094189,92.88108556,89.71371979,92.25322814,89.71371979
1339,89.64817972,92.25438782,89.71477344,92.88227146,94.8322092,92.88227146,89.71477344,92.25438782,89.71477344
1340,89.64922912,92.25554587,89.71582561,92.88345569,94.83347473,92.88345569,89.71582561,92.25554587,89.71582561
1341,89.65027703,92.2567023,89.7168763,92.88463825,94.83473847,92.88463825,89.7168763,92.2567023,89.7168763
1342,89.65132348,92.25785709,89.71792551,92.88581915,94.83600043,92.88581915,89.71792551,92.25785709,89.71792551
1343,89.65236845,92.25901026,89.71897325,92.88699838,94.83726062,92.88699838,89.71897325,92.25901026,89.71897325
1344,89.65341195,92.26016181,89.72001951,92.88817596,94.83851904,92.88817596,89.72001951,92.26016181,89.72001951
1345,89.65445399,92.26131174,89.72106431,92.88935189,94.83977569,92.88935189,89.72106431,92.26131174,89.72106431
1346,89.65549456,92.26246006,89.72210763,92.89052617,94.84103058,92.89052617,89.72210763,92.26246006,89.72210763
1347,89.65653368,92.26360677,89.7231495,92.89169879,94.84228371,92.89169879,89.7231495,92.26360677,89.7231495
1348,89.65757134,92.26475187,89.7241899,92.89286978,94.84353509,92.89286978,89.7241899,92.26475187,89.7241899
1349,89.65860754,92.26589537,89.72522885,92.89403913,94.84478471,92.89403913,89.72522885,92.26589537,89.72522885
1350,89.6596423,92.26703726,89.72626634,92.89520684,94.84603258,92.89520684,89.72626634,92.26703726,89.72626634
1351,89.66067561,92.26817756,89.72730239,92.89637291,94.8472787,92.89637291,89.72730239,92.26817756,89.72730239
1352,89.66170747,92.26931627,89.72833698,92.89753736,94.84852309,92.89753736,89.72833698,92.26931627,89.72833698
1353,89.6627379,92.27045339,89.72937013,92.89870018,94.84976574,92.89870018,89.72937013,92.27045339,89.72937013
1354,89.66376688,92.27158892,89.73040184,92.89986138,94.85100665,92.89986138,89.73040184,92.27158892,89.73040184
1355,89.66479444,92.27272287,89.73143211,92.90102096,94.85224583,92.90102096,89.73143211,92.27272287,89.73143211
1356,89.66582056,92.27385523,89.73246095,92.90217892,94.85348329,92.90217892,89.73246095,92.27385523,89.73246095
1357,89.66684525,92.27498602,89.73348835,92.90333528,94.85471902,92.90333528,89.73348835,92.27498602,89.73348835
1358,89.66786851,92.27611524,89.73451432,92.90449002,94.85595304,92.90449002,89.73451432,92.27611524,89.73451432
1359,89.66889035,92.27724288,89.73553887,92.90564315,94.85718534,92.90564315,89.73553887,92.27724288,89.73553887
1360,89.66991078,92.27836896,89.73656199,92.90679469,94.85841592,92.90679469,89.73656199,92.27836896,89.73656199
1361,89.67092978,92.27949348,89.73758369,92.90794462,94.8596448,92.90794462,89.73758369,92.27949348,89.73758369
1362,89.67194737,92.28061643,89.73860397,92.90909296,94.86087197,92.90909296,89.73860397,92.28061643,89.73860397
1363,89.67296355,92.28173783,89.73962284,92.91023971,94.86209744,92.91023971,89.73962284,92.28173783,89.73962284
1364,89.67397832,92.28285767,89.7406403,92.91138486,94.86332121,92.91138486,89.7406403,92.28285767,89.7406403
1365,89.67499169,92.28397597,89.74165634,92.91252844,94.86454328,92.91252844,89.74165634,92.28397597,89.74165634
1366,89.67600365,92.28509271,89.74267099,92.91367042,94.86576367,92.91367042,89.74267099,92.28509271,89.74267099
1367,89.67701422,92.28620791,89.74368422,92.91481083,94.86698237,92.91481083,89.74368422,92.28620791,89.74368422
1368,89.67802339,92.28732157,89.74469606,92.91594967,94.86819938,92.91594967,89.74469606,92.28732157,89.74469606
1369,89.67903116,92.28843369,89.7457065,92.91708693,94.86941471,92.91708693,89.7457065,92.28843369,89.7457065
1370,89.68003754,92.28954428,89.74671555,92.91822262,94.87062837,92.91822262,89.74671555,92.28954428,89.74671555
1371,89.68104254,92.29065334,89.7477232,92.91935675,94.87184035,92.91935675,89.7477232,92.29065334,89.7477232
1372,89.68204615,92.29176086,89.74872947,92.92048931,94.87305066,92.92048931,89.74872947,92.29176086,89.74872947
1373,89.68304838,92.29286687,89.74973435,92.92162031,94.87425931,92.92162031,89.74973435,92.29286687,89.74973435
1374,89.68404923,92.29397135,89.75073785,92.92274976,94.87546629,92.92274976,89.75073785,92.29397135,89.75073785
1375,89.6850487,92.29507431,89.75173996,92.92387765,94.87667161,92.92387765,89.75173996,92.29507431,89.75173996
1376,89.6860468,92.29617575,89.7527407,92.92500399,94.87787527,92.92500399,89.7527407,92.29617575,89.7527407
1377,89.68704353,92.29727568,89.75374007,92.92612879,94.87907728,92.92612879,89.75374007,92.29727568,89.75374007
1378,89.68803889,92.2983741,89.75473806,92.92725204,94.88027765,92.92725204,89.75473806,92.2983741,89.75473806
1379,89.68903288,92.29947102,89.75573469,92.92837375,94.88147636,92.92837375,89.75573469,92.29947102,89.75573469
1380,89.69002551,92.30056643,89.75672994,92.92949392,94.88267343,92.92949392,89.75672994,92.30056643,89.75672994
1381,89.69101679,92.30166034,89.75772384,92.93061256,94.88386887,92.93061256,89.75772384,92.30166034,89.75772384
1382,89.6920067,92.30275276,89.75871638,92.93172967,94.88506266,92.93172967,89.75871638,92.30275276,89.75871638
1383,89.69299527,92.30384368,89.75970755,92.93284525,94.88625483,92.93284525,89.75970755,92.30384368,89.75970755
1384,89.69398248,92.30493311,89.76069738,92.93395931,94.88744536,92.93395931,89.76069738,92.30493311,89.76069738
1385,89.69496834,92.30602105,89.76168585,92.93507184,94.88863427,92.93507184,89.76168585,92.30602105,89.76168585
1386,89.69595286,92.30710751,89.76267297,92.93618286,94.88982156,92.93618286,89.76267297,92.30710751,89.76267297
1387,89.69693603,92.30819248,89.76365874,92.93729236,94.89100722,92.93729236,89.76365874,92.30819248,89.76365874
1388,89.69791786,92.30927598,89.76464318,92.93840034,94.89219127,92.93840034,89.76464318,92.30927598,89.76464318
1389,89.69889836,92.310358,89.76562627,92.93950682,94.89337371,92.93950682,89.76562627,92.310358,89.76562627
1390,89.69987752,92.31143854,89.76660802,92.9406118,94.89455454,92.9406118,89.76660802,92.31143854,89.76660802
1391,89.70085535,92.31251762,89.76758844,92.94171526,94.89573376,92.94171526,89.76758844,92.31251762,89.76758844
1392,89.70183185,92.31359523,89.76856752,92.94281723,94.89691137,92.94281723,89.76856752,92.31359523,89.76856752
1393,89.70280703,92.31467138,89.76954527,92.9439177,94.89808739,92.9439177,89.76954527,92.31467138,89.76954527
1394,89.70378088,92.31574606,89.7705217,92.94501668,94.89926181,92.94501668,89.7705217,92.31574606,89.7705217
1395,89.70475341,92.31681929,89.7714968,92.94611417,94.90043464,92.94611417,89.7714968,92.31681929,89.7714968
1396,89.70572462,92.31789106,89.77247058,92.94721017,94.90160588,92.94721017,89.77247058,92.31789106,89.77247058
1397,89.70669451,92.31896138,89.77344304,92.94830468,94.90277553,92.94830468,89.77344304,92.31896138,89.77344304
1398,89.70766309,92.32003025,89.77441419,92.94939772,94.9039436,92.94939772,89.77441419,92.32003025,89.77441419
1399,89.70863036,92.32109767,89.77538402,92.95048927,94.90511009,92.95048927,89.77538402,92.32109767,89.77538402
1400,89.70959633,92.32216366,89.77635254,92.95157935,94.906275,92.95157935,89.77635254,92.32216366,89.77635254
1401,89.71056099,92.3232282,89.77731975,92.95266795,94.90743833,92.95266795,89.77731975,92.3232282,89.77731975
1402,89.71152434,92.3242913,89.77828565,92.95375509,94.9086001,92.95375509,89.77828565,92.3242913,89.77828565
1403,89.7124864,92.32535297,89.77925025,92.95484076,94.9097603,92.95484076,89.77925025,92.32535297,89.77925025
1404,89.71344716,92.32641321,89.78021355,92.95592496,94.91091893,92.95592496,89.78021355,92.32641321,89.78021355
1405,89.71440662,92.32747202,89.78117556,92.9570077,94.912076,92.9570077,89.78117556,92.32747202,89.78117556
1406,89.71536479,92.3285294,89.78213626,92.95808899,94.91323152,92.95808899,89.78213626,92.3285294,89.78213626
1407,89.71632167,92.32958536,89.78309568,92.95916882,94.91438548,92.95916882,89.78309568,92.32958536,89.78309568
1408,89.71727727,92.3306399,89.7840538,92.9602472,94.91553788,92.9602472,89.7840538,92.3306399,89.7840538
1409,89.71823158,92.33169302,89.78501064,92.96132412,94.91668874,92.96132412,89.78501064,92.33169302,89.78501064
1410,89.71918461,92.33274473,89.78596619,92.96239961,94.91783806,92.96239961,89.78596619,92.33274473,89.78596619
1411,89.72013636,92.33379503,89.78692046,92.96347365,94.91898583,92.96347365,89.78692046,92.33379503,89.78692046
1412,89.72108684,92.33484392,89.78787345,92.96454624,94.92013206,92.96454624,89.78787345,92.33484392,89.78787345
1413,89.72203604,92.3358914,89.78882516,92.96561741,94.92127675,92.96561741,89.78882516,92.3358914,89.78882516
1414,89.72298396,92.33693748,89.78977559,92.96668713,94.92241991,92.96668713,89.78977559,92.33693748,89.78977559
1415,89.72393062,92.33798216,89.79072476,92.96775543,94.92356155,92.96775543,89.79072476,92.33798216,89.79072476
1416,89.72487602,92.33902545,89.79167265,92.96882229,94.92470165,92.96882229,89.79167265,92.33902545,89.79167265
1417,89.72582015,92.34006733,89.79261928,92.96988773,94.92584023,92.96988773,89.79261928,92.34006733,89.79261928
1418,89.72676302,92.34110783,89.79356465,92.97095175,94.92697729,92.97095175,89.79356465,92.34110783,89.79356465
1419,89.72770463,92.34214694,89.79450875,92.97201434,94.92811283,92.97201434,89.79450875,92.34214694,89.79450875
1420,89.72864498,92.34318466,89.79545159,92.97307552,94.92924686,92.97307552,89.79545159,92.34318466,89.79545159
1421,89.72958408,92.344221,89.79639318,92.97413529,94.93037938,92.97413529,89.79639318,92.344221,89.79639318
1422,89.73052193,92.34525595,89.79733351,92.97519364,94.93151038,92.97519364,89.79733351,92.34525595,89.79733351
1423,89.73145853,92.34628953,89.79827259,92.97625058,94.93263988,92.97625058,89.79827259,92.34628953,89.79827259
1424,89.73239389,92.34732174,89.79921042,92.97730612,94.93376788,92.97730612,89.79921042,92.34732174,89.79921042
1425,89.733328,92.34835257,89.800147,92.97836025,94.93489438,92.97836025,89.800147,92.34835257,89.800147
1426,89.73426087,92.34938203,89.80108234,92.97941298,94.93601938,92.97941298,89.80108234,92.34938203,89.80108234
1427,89.7351925,92.35041012,89.80201643,92.98046432,94.93714289,92.98046432,89.80201643,92.35041012,89.80201643
1428,89.7361229,92.35143685,89.80294929,92.98151426,94.93826491,92.98151426,89.80294929,92.35143685,89.80294929
1429,89.73705206,92.35246222,89.80388091,92.98256281,94.93938544,92.98256281,89.80388091,92.35246222,89.80388091
1430,89.73797999,92.35348623,89.80481129,92.98360996,94.94050448,92.98360996,89.80481129,92.35348623,89.80481129
1431,89.73890669,92.35450889,89.80574045,92.98465573,94.94162204,92.98465573,89.80574045,92.35450889,89.80574045
1432,89.73983217,92.35553019,89.80666837,92.98570012,94.94273812,92.98570012,89.80666837,92.35553019,89.80666837
1433,89.74075642,92.35655014,89.80759507,92.98674313,94.94385273,92.98674313,89.80759507,92.35655014,89.80759507
1434,89.74167945,92.35756874,89.80852054,92.98778475,94.94496587,92.98778475,89.80852054,92.35756874,89.80852054
1435,89.74260126,92.358586,89.80944479,92.98882501,94.94607753,92.98882501,89.80944479,92.358586,89.80944479
1436,89.74352185,92.35960191,89.81036782,92.98986389,94.94718773,92.98986389,89.81036782,92.35960191,89.81036782
1437,89.74444123,92.36061649,89.81128963,92.99090139,94.94829646,92.99090139,89.81128963,92.36061649,89.81128963
1438,89.7453594,92.36162972,89.81221022,92.99193753,94.94940373,92.99193753,89.81221022,92.36162972,89.81221022
1439,89.74627635,92.36264162,89.81312961,92.99297231,94.95050954,92.99297231,89.81312961,92.36264162,89.81312961
1440,89.7471921,92.36365219,89.81404778,92.99400572,94.9516139,92.99400572,89.81404778,92.36365219,89.81404778
1441,89.74810665,92.36466143,89.81496475,92.99503778,94.9527168,92.99503778,89.81496475,92.36466143,89.81496475
1442,89.74901999,92.36566935,89.81588051,92.99606847,94.95381825,92.99606847,89.81588051,92.36566935,89.81588051
1443,89.74993214,92.36667594,89.81679506,92.99709782,94.95491826,92.99709782,89.81679506,92.36667594,89.81679506
1444,89.75084308,92.3676812,89.81770842,92.99812581,94.95601682,92.99812581,89.81770842,92.3676812,89.81770842
1445,89.75175283,92.36868515,89.81862058,92.99915245,94.95711394,92.99915245,89.81862058,92.36868515,89.81862058
1446,89.75266139,92.36968778,89.81953154,93.00017775,94.95820962,93.00017775,89.81953154,92.36968778,89.81953154
1447,89.75356876,92.3706891,89.82044131,93.0012017,94.95930387,93.0012017,89.82044131,92.3706891,89.82044131
1448,89.75447494,92.37168911,89.82134988,93.00222431,94.96039668,93.00222431,89.82134988,92.37168911,89.82134988
1449,89.75537993,92.37268781,89.82225727,93.00324558,94.96148806,93.00324558,89.82225727,92.37268781,89.82225727
1450,89.75628374,92.3736852,89.82316347,93.00426552,94.96257802,93.00426552,89.82316347,92.3736852,89.82316347
1451,89.75718637,92.37468129,89.82406849,93.00528413,94.96366655,93.00528413,89.82406849,92.37468129,89.82406849
1452,89.75808782,92.37567607,89.82497232,93.0063014,94.96475366,93.0063014,89.82497232,92.37567607,89.82497232
1453,89.75898809,92.37666956,89.82587497,93.00731735,94.96583935,93.00731735,89.82587497,92.37666956,89.82587497
1454,89.75988719,92.37766176,89.82677645,93.00833197,94.96692362,93.00833197,89.82677645,92.37766176,89.82677645
1455,89.76078511,92.37865266,89.82767675,93.00934527,94.96800648,93.00934527,89.82767675,92.37865266,89.82767675
1456,89.76168187,92.37964226,89.82857588,93.01035724,94.96908793,93.01035724,89.82857588,92.37964226,89.82857588
1457,89.76257746,92.38063058,89.82947384,93.0113679,94.97016797,93.0113679,89.82947384,92.38063058,89.82947384
1458,89.76347188,92.38161762,89.83037063,93.01237725,94.97124661,93.01237725,89.83037063,92.38161762,89.83037063
1459,89.76436514,92.38260337,89.83126625,93.01338528,94.97232384,93.01338528,89.83126625,92.38260337,89.83126625
1460,89.76525724,92.38358784,89.83216071,93.01439201,94.97339968,93.01439201,89.83216071,92.38358784,89.83216071
1461,89.76614818,92.38457103,89.83305401,93.01539742,94.97447411,93.01539742,89.83305401,92.38457103,89.83305401
1462,89.76703797,92.38555295,89.83394615,93.01640154,94.97554716,93.01640154,89.83394615,92.38555295,89.83394615
1463,89.7679266,92.38653359,89.83483713,93.01740435,94.97661881,93.01740435,89.83483713,92.38653359,89.83483713
1464,89.76881408,92.38751296,89.83572696,93.01840586,94.97768907,93.01840586,89.83572696,92.38751296,89.83572696
1465,89.76970041,92.38849106,89.83661564,93.01940607,94.97875795,93.01940607,89.83661564,92.38849106,89.83661564
1466,89.77058559,92.3894679,89.83750316,93.02040499,94.97982544,93.02040499,89.83750316,92.3894679,89.83750316
1467,89.77146963,92.39044348,89.83838954,93.02140261,94.98089155,93.02140261,89.83838954,92.39044348,89.83838954
1468,89.77235253,92.39141779,89.83927477,93.02239895,94.98195629,93.02239895,89.83927477,92.39141779,89.83927477
1469,89.77323428,92.39239084,89.84015886,93.023394,94.98301965,93.023394,89.84015886,92.39239084,89.84015886
1470,89.7741149,92.39336264,89.84104181,93.02438777,94.98408163,93.02438777,89.84104181,92.39336264,89.84104181
1471,89.77499438,92.39433318,89.84192361,93.02538025,94.98514225,93.02538025,89.84192361,92.39433318,89.84192361
1472,89.77587273,92.39530248,89.84280428,93.02637145,94.9862015,93.02637145,89.84280428,92.39530248,89.84280428
1473,89.77674994,92.39627052,89.84368382,93.02736138,94.98725938,93.02736138,89.84368382,92.39627052,89.84368382
1474,89.77762603,92.39723732,89.84456222,93.02835003,94.9883159,93.02835003,89.84456222,92.39723732,89.84456222
1475,89.77850098,92.39820287,89.8454395,93.02933741,94.98937106,93.02933741,89.8454395,92.39820287,89.8454395
1476,89.77937482,92.39916718,89.84631564,93.03032352,94.99042487,93.03032352,89.84631564,92.39916718,89.84631564
1477,89.78024753,92.40013026,89.84719066,93.03130836,94.99147732,93.03130836,89.84719066,92.40013026,89.84719066
1478,89.78111912,92.40109209,89.84806455,93.03229194,94.99252842,93.03229194,89.84806455,92.40109209,89.84806455
1479,89.78198959,92.40205269,89.84893733,93.03327425,94.99357817,93.03327425,89.84893733,92.40205269,89.84893733
1480,89.78285894,92.40301206,89.84980898,93.03425531,94.99462657,93.03425531,89.84980898,92.40301206,89.84980898
1481,89.78372718,92.4039702,89.85067952,93.03523511,94.99567363,93.03523511,89.85067952,92.4039702,89.85067952
1482,89.78459431,92.40492711,89.85154894,93.03621365,94.99671935,93.03621365,89.85154894,92.40492711,89.85154894
1483,89.78546032,92.4058828,89.85241725,93.03719094,94.99776373,93.03719094,89.85241725,92.4058828,89.85241725
1484,89.78632523,92.40683726,89.85328444,93.03816698,94.99880677,93.03816698,89.85328444,92.40683726,89.85328444
1485,89.78718904,92.40779051,89.85415053,93.03914177,94.99984848,93.03914177,89.85415053,92.40779051,89.85415053
1486,89.78805173,92.40874253,89.85501551,93.04011532,95.00088886,93.04011532,89.85501551,92.40874253,89.85501551
1487,89.78891333,92.40969334,89.85587939,93.04108762,95.00192791,93.04108762,89.85587939,92.40969334,89.85587939
1488,89.78977383,92.41064294,89.85674217,93.04205868,95.00296563,93.04205868,89.85674217,92.41064294,89.85674217
1489,89.79063323,92.41159132,89.85760384,93.0430285,95.00400203,93.0430285,89.85760384,92.41159132,89.85760384
1490,89.79149154,92.4125385,89.85846442,93.04399709,95.00503711,93.04399709,89.85846442,92.4125385,89.85846442
1491,89.79234875,92.41348447,89.8593239,93.04496444,95.00607088,93.04496444,89.8593239,92.41348447,89.8593239
1492,89.79320487,92.41442924,89.86018228,93.04593057,95.00710332,93.04593057,89.86018228,92.41442924,89.86018228
1493,89.7940599,92.4153728,89.86103958,93.04689546,95.00813445,93.04689546,89.86103958,92.4153728,89.86103958
1494,89.79491385,92.41631517,89.86189578,93.04785913,95.00916427,93.04785913,89.86189578,92.41631517,89.86189578
1495,89.79576671,92.41725633,89.8627509,93.04882157,95.01019279,93.04882157,89.8627509,92.41725633,89.8627509
1496,89.79661849,92.41819631,89.86360493,93.04978279,95.01121999,93.04978279,89.86360493,92.41819631,89.86360493
1497,89.79746918,92.41913508,89.86445788,93.05074279,95.0122459,93.05074279,89.86445788,92.41913508,89.86445788
1498,89.7983188,92.42007267,89.86530974,93.05170157,95.0132705,93.05170157,89.86530974,92.42007267,89.86530974
1499,89.79916734,92.42100908,89.86616053,93.05265914,95.01429381,93.05265914,89.86616053,92.42100908,89.86616053
1500,89.80001481,92.42194429,89.86701024,93.0536155,95.01531581,93.0536155,89.86701024,92.42194429,89.86701024
1501,89.8008612,92.42287832,89.86785887,93.05457064,95.01633653,93.05457064,89.86785887,92.42287832,89.86785887
1502,89.80170653,92.42381117,89.86870643,93.05552458,95.01735595,93.05552458,89.86870643,92.42381117,89.86870643
1503,89.80255078,92.42474284,89.86955292,93.05647731,95.01837409,93.05647731,89.86955292,92.42474284,89.86955292
1504,89.80339397,92.42567334,89.87039834,93.05742884,95.01939094,93.05742884,89.87039834,92.42567334,89.87039834
1505,89.80423609,92.42660266,89.87124269,93.05837917,95.0204065,93.05837917,89.87124269,92.42660266,89.87124269
1506,89.80507715,92.42753081,89.87208598,93.05932829,95.02142079,93.05932829,89.87208598,92.42753081,89.87208598
1507,89.80591716,92.42845778,89.8729282,93.06027622,95.02243379,93.06027622,89.8729282,92.42845778,89.8729282
1508,89.8067561,92.42938359,89.87376936,93.06122296,95.02344552,93.06122296,89.87376936,92.42938359,89.87376936
1509,89.80759398,92.43030823,89.87460947,93.06216851,95.02445598,93.06216851,89.87460947,92.43030823,89.87460947
1510,89.80843082,92.43123171,89.87544851,93.06311286,95.02546516,93.06311286,89.87544851,92.43123171,89.87544851
1511,89.80926659,92.43215403,89.8762865,93.06405603,95.02647307,93.06405603,89.8762865,92.43215403,89.8762865
1512,89.81010132,92.43307519,89.87712344,93.06499801,95.02747972,93.06499801,89.87712344,92.43307519,89.87712344
1513,89.810935,92.43399519,89.87795933,93.06593881,95.0284851,93.06593881,89.87795933,92.43399519,89.87795933
1514,89.81176764,92.43491404,89.87879416,93.06687842,95.02948922,93.06687842,89.87879416,92.43491404,89.87879416
1515,89.81259923,92.43583173,89.87962795,93.06781686,95.03049208,93.06781686,89.87962795,92.43583173,89.87962795
1516,89.81342977,92.43674828,89.8804607,93.06875412,95.03149369,93.06875412,89.8804607,92.43674828,89.8804607
1517,89.81425928,92.43766367,89.8812924,93.06969021,95.03249404,93.06969021,89.8812924,92.43766367,89.8812924
1518,89.81508775,92.43857792,89.88212306,93.07062512,95.03349313,93.07062512,89.88212306,92.43857792,89.88212306
1519,89.81591518,92.43949102,89.88295268,93.07155887,95.03449098,93.07155887,89.88295268,92.43949102,89.88295268
1520,89.81674157,92.44040299,89.88378126,93.07249145,95.03548758,93.07249145,89.88378126,92.44040299,89.88378126
1521,89.81756694,92.44131381,89.8846088,93.07342286,95.03648293,93.07342286,89.8846088,92.44131381,89.8846088
1522,89.81839127,92.44222349,89.88543532,93.07435311,95.03747704,93.07435311,89.88543532,92.44222349,89.88543532
1523,89.81921457,92.44313204,89.8862608,93.0752822,95.03846991,93.0752822,89.8862608,92.44313204,89.8862608
1524,89.82003685,92.44403946,89.88708525,93.07621012,95.03946154,93.07621012,89.88708525,92.44403946,89.88708525
1525,89.8208581,92.44494575,89.88790867,93.07713689,95.04045193,93.07713689,89.88790867,92.44494575,89.88790867
1526,89.82167832,92.4458509,89.88873107,93.07806251,95.04144109,93.07806251,89.88873107,92.4458509,89.88873107
1527,89.82249753,92.44675493,89.88955244,93.07898698,95.04242902,93.07898698,89.88955244,92.44675493,89.88955244
1528,89.82331572,92.44765783,89.8903728,93.07991029,95.04341571,93.07991029,89.8903728,92.44765783,89.8903728
1529,89.82413289,92.44855962,89.89119213,93.08083246,95.04440119,93.08083246,89.89119213,92.44855962,89.89119213
1530,89.82494904,92.44946028,89.89201044,93.08175347,95.04538543,93.08175347,89.89201044,92.44946028,89.89201044
1531,89.82576418,92.45035982,89.89282774,93.08267335,95.04636846,93.08267335,89.89282774,92.45035982,89.89282774
1532,89.82657831,92.45125824,89.89364402,93.08359208,95.04735026,93.08359208,89.89364402,92.45125824,89.89364402
1533,89.82739143,92.45215555,89.89445929,93.08450968,95.04833085,93.08450968,89.89445929,92.45215555,89.89445929
1534,89.82820354,92.45305175,89.89527355,93.08542613,95.04931022,93.08542613,89.89527355,92.45305175,89.89527355
1535,89.82901464,92.45394684,89.8960868,93.08634146,95.05028837,93.08634146,89.8960868,92.45394684,89.8960868
1536,89.82982474,92.45484082,89.89689904,93.08725564,95.05126532,93.08725564,89.89689904,92.45484082,89.89689904
1537,89.83063384,92.45573369,89.89771028,93.0881687,95.05224105,93.0881687,89.89771028,92.45573369,89.89771028
1538,89.83144193,92.45662546,89.89852051,93.08908063,95.05321558,93.08908063,89.89852051,92.45662546,89.89852051
1539,89.83224903,92.45751613,89.89932975,93.08999143,95.05418891,93.08999143,89.89932975,92.45751613,89.89932975
1540,89.83305513,92.45840569,89.90013798,93.0909011,95.05516103,93.0909011,89.90013798,92.45840569,89.90013798
1541,89.83386024,92.45929416,89.90094522,93.09180965,95.05613196,93.09180965,89.90094522,92.45929416,89.90094522
1542,89.83466435,92.46018154,89.90175146,93.09271709,95.05710168,93.09271709,89.90175146,92.46018154,89.90175146
1543,89.83546747,92.46106781,89.9025567,93.0936234,95.05807021,93.0936234,89.9025567,92.46106781,89.9025567
1544,89.83626961,92.461953,89.90336096,93.09452859,95.05903755,93.09452859,89.90336096,92.461953,89.90336096
1545,89.83707075,92.4628371,89.90416422,93.09543268,95.06000369,93.09543268,89.90416422,92.4628371,89.90416422
1546,89.83787091,92.46372011,89.9049665,93.09633564,95.06096865,93.09633564,89.9049665,92.46372011,89.9049665
1547,89.83867008,92.46460203,89.90576778,93.0972375,95.06193242,93.0972375,89.90576778,92.46460203,89.90576778
1548,89.83946827,92.46548287,89.90656809,93.09813825,95.06289501,93.09813825,89.90656809,92.46548287,89.90656809
1549,89.84026549,92.46636262,89.90736741,93.0990379,95.06385641,93.0990379,89.90736741,92.46636262,89.90736741
1550,89.84106172,92.4672413,89.90816575,93.09993643,95.06481663,93.09993643,89.90816575,92.4672413,89.90816575
1551,89.84185697,92.4681189,89.90896311,93.10083387,95.06577568,93.10083387,89.90896311,92.4681189,89.90896311
1552,89.84265126,92.46899542,89.90975949,93.10173021,95.06673354,93.10173021,89.90975949,92.46899542,89.90975949
1553,89.84344456,92.46987087,89.9105549,93.10262545,95.06769024,93.10262545,89.9105549,92.46987087,89.9105549
1554,89.8442369,92.47074525,89.91134933,93.10351959,95.06864576,93.10351959,89.91134933,92.47074525,89.91134933
1555,89.84502827,92.47161855,89.91214279,93.10441264,95.06960012,93.10441264,89.91214279,92.47161855,89.91214279
1556,89.84581866,92.47249079,89.91293528,93.10530459,95.0705533,93.10530459,89.91293528,92.47249079,89.91293528
1557,89.8466081,92.47336197,89.9137268,93.10619546,95.07150533,93.10619546,89.9137268,92.47336197,89.9137268
1558,89.84739657,92.47423207,89.91451736,93.10708523,95.07245619,93.10708523,89.91451736,92.47423207,89.91451736
1559,89.84818407,92.47510112,89.91530694,93.10797392,95.07340588,93.10797392,89.91530694,92.47510112,89.91530694
1560,89.84897062,92.47596911,89.91609557,93.10886153,95.07435442,93.10886153,89.91609557,92.47596911,89.91609557
1561,89.8497562,92.47683603,89.91688323,93.10974805,95.07530181,93.10974805,89.91688323,92.47683603,89.91688323
1562,89.85054083,92.4777019,89.91766994,93.1106335,95.07624803,93.1106335,89.91766994,92.4777019,89.91766994
1563,89.8513245,92.47856672,89.91845568,93.11151786,95.07719311,93.11151786,89.91845568,92.47856672,89.91845568
1564,89.85210722,92.47943048,89.91924047,93.11240115,95.07813704,93.11240115,89.91924047,92.47943048,89.91924047
1565,89.85288899,92.4802932,89.92002431,93.11328337,95.07907981,93.11328337,89.92002431,92.4802932,89.92002431
1566,89.85366981,92.48115486,89.92080719,93.11416451,95.08002144,93.11416451,89.92080719,92.48115486,89.92080719
1567,89.85444967,92.48201548,89.92158912,93.11504458,95.08096193,93.11504458,89.92158912,92.48201548,89.92158912
1568,89.85522859,92.48287505,89.92237011,93.11592358,95.08190128,93.11592358,89.92237011,92.48287505,89.92237011
1569,89.85600657,92.48373358,89.92315014,93.11680152,95.08283948,93.11680152,89.92315014,92.48373358,89.92315014
1570,89.8567836,92.48459107,89.92392923,93.11767839,95.08377655,93.11767839,89.92392923,92.48459107,89.92392923
1571,89.85755969,92.48544752,89.92470737,93.1185542,95.08471248,93.1185542,89.92470737,92.48544752,89.92470737
1572,89.85833484,92.48630293,89.92548457,93.11942895,95.08564728,93.11942895,89.92548457,92.48630293,89.92548457
1573,89.85910906,92.48715731,89.92626083,93.12030264,95.08658095,93.12030264,89.92626083,92.48715731,89.92626083
1574,89.85988233,92.48801065,89.92703616,93.12117527,95.08751349,93.12117527,89.92703616,92.48801065,89.92703616
1575,89.86065467,92.48886296,89.92781054,93.12204685,95.0884449,93.12204685,89.92781054,92.48886296,89.92781054
1576,89.86142608,92.48971424,89.92858399,93.12291737,95.08937518,93.12291737,89.92858399,92.48971424,89.92858399
1577,89.86219656,92.49056449,89.9293565,93.12378684,95.09030434,93.12378684,89.9293565,92.49056449,89.9293565
1578,89.8629661,92.49141372,89.93012809,93.12465527,95.09123238,93.12465527,89.93012809,92.49141372,89.93012809
1579,89.86373472,92.49226192,89.93089874,93.12552264,95.0921593,93.12552264,89.93089874,92.49226192,89.93089874
1580,89.86450241,92.4931091,89.93166846,93.12638897,95.09308511,93.12638897,89.93166846,92.4931091,89.93166846
1581,89.86526918,92.49395526,89.93243726,93.12725426,95.0940098,93.12725426,89.93243726,92.49395526,89.93243726
1582,89.86603503,92.49480041,89.93320513,93.12811851,95.09493337,93.12811851,89.93320513,92.49480041,89.93320513
1583,89.86679995,92.49564453,89.93397207,93.12898171,95.09585583,93.12898171,89.93397207,92.49564453,89.93397207
1584,89.86756395,92.49648764,89.9347381,93.12984388,95.09677719,93.12984388,89.9347381,92.49648764,89.9347381
1585,89.86832703,92.49732974,89.9355032,93.13070501,95.09769744,93.13070501,89.9355032,92.49732974,89.9355032
1586,89.8690892,92.49817082,89.93626738,93.13156511,95.09861658,93.13156511,89.93626738,92.49817082,89.93626738
1587,89.86985046,92.4990109,89.93703065,93.13242417,95.09953462,93.13242417,89.93703065,92.4990109,89.93703065
1588,89.8706108,92.49984996,89.937793,93.13328221,95.10045155,93.13328221,89.937793,92.49984996,89.937793
1589,89.87137022,92.50068802,89.93855444,93.13413921,95.10136739,93.13413921,89.93855444,92.50068802,89.93855444
1590,89.87212874,92.50152508,89.93931497,93.13499519,95.10228213,93.13499519,89.93931497,92.50152508,89.93931497
1591,89.87288635,92.50236114,89.94007458,93.13585015,95.10319578,93.13585015,89.94007458,92.50236114,89.94007458
1592,89.87364306,92.50319619,89.94083329,93.13670408,95.10410833,93.13670408,89.94083329,92.50319619,89.94083329
1593,89.87439885,92.50403025,89.94159108,93.13755699,95.10501979,93.13755699,89.94159108,92.50403025,89.94159108
1594,89.87515375,92.50486331,89.94234798,93.13840887,95.10593016,93.13840887,89.94234798,92.50486331,89.94234798
1595,89.87590774,92.50569537,89.94310396,93.13925975,95.10683944,93.13925975,89.94310396,92.50569537,89.94310396
1596,89.87666084,92.50652644,89.94385905,93.1401096,95.10774764,93.1401096,89.94385905,92.50652644,89.94385905
1597,89.87741303,92.50735652,89.94461323,93.14095845,95.10865476,93.14095845,89.94461323,92.50735652,89.94461323
1598,89.87816433,92.50818561,89.94536652,93.14180628,95.10956079,93.14180628,89.94536652,92.50818561,89.94536652
1599,89.87891473,92.50901371,89.94611891,93.1426531,95.11046574,93.1426531,89.94611891,92.50901371,89.94611891
1600,89.87966424,92.50984082,89.9468704,93.14349891,95.11136962,93.14349891,89.9468704,92.50984082,89.9468704
1601,89.88041285,92.51066695,89.947621,93.14434371,95.11227242,93.14434371,89.947621,92.51066695,89.947621
1602,89.88116058,92.5114921,89.9483707,93.14518751,95.11317414,93.14518751,89.9483707,92.5114921,89.9483707
1603,89.88190742,92.51231626,89.94911951,93.14603031,95.1140748,93.14603031,89.94911951,92.51231626,89.94911951
1604,89.88265337,92.51313945,89.94986744,93.1468721,95.11497438,93.1468721,89.94986744,92.51313945,89.94986744
1605,89.88339843,92.51396166,89.95061447,93.1477129,95.11587289,93.1477129,89.95061447,92.51396166,89.95061447
1606,89.88414261,92.51478289,89.95136062,93.14855269,95.11677034,93.14855269,89.95136062,92.51478289,89.95136062
1607,89.88488591,92.51560315,89.95210588,93.1493915,95.11766673,93.1493915,89.95210588,92.51560315,89.95210588
1608,89.88562832,92.51642244,89.95285026,93.1502293,95.11856205,93.1502293,89.95285026,92.51642244,89.95285026
1609,89.88636986,92.51724076,89.95359376,93.15106612,95.11945631,93.15106612,89.95359376,92.51724076,89.95359376
1610,89.88711052,92.51805811,89.95433638,93.15190194,95.12034951,93.15190194,89.95433638,92.51805811,89.95433638
1611,89.8878503,92.51887449,89.95507812,93.15273678,95.12124166,93.15273678,89.95507812,92.51887449,89.95507812
1612,89.8885892,92.5196899,89.95581898,93.15357062,95.12213275,93.15357062,89.95581898,92.5196899,89.95581898
1613,89.88932724,92.52050435,89.95655896,93.15440348,95.12302278,93.15440348,89.95655896,92.52050435,89.95655896
1614,89.8900644,92.52131784,89.95729808,93.15523536,95.12391177,93.15523536,89.95729808,92.52131784,89.95729808
1615,89.89080069,92.52213037,89.95803632,93.15606626,95.1247997,93.15606626,89.95803632,92.52213037,89.95803632
1616,89.89153611,92.52294194,89.95877369,93.15689617,95.12568659,93.15689617,89.95877369,92.52294194,89.95877369
1617,89.89227067,92.52375256,89.95951018,93.15772511,95.12657244,93.15772511,89.95951018,92.52375256,89.95951018
1618,89.89300436,92.52456221,89.96024582,93.15855307,95.12745723,93.15855307,89.96024582,92.52456221,89.96024582
1619,89.89373719,92.52537092,89.96098058,93.15938006,95.12834099,93.15938006,89.96098058,92.52537092,89.96098058
1620,89.89446915,92.52617867,89.96171448,93.16020607,95.12922371,93.16020607,89.96171448,92.52617867,89.96171448
1621,89.89520025,92.52698547,89.96244752,93.16103111,95.13010539,93.16103111,89.96244752,92.52698547,89.96244752
1622,89.8959305,92.52779133,89.96317969,93.16185518,95.13098603,93.16185518,89.96317969,92.52779133,89.96317969
1623,89.89665988,92.52859624,89.96391101,93.16267828,95.13186564,93.16267828,89.96391101,92.52859624,89.96391101
1624,89.89738841,92.5294002,89.96464146,93.16350042,95.13274421,93.16350042,89.96464146,92.5294002,89.96464146
1625,89.89811608,92.53020322,89.96537106,93.16432159,95.13362175,93.16432159,89.96537106,92.53020322,89.96537106
1626,89.8988429,92.53100529,89.96609981,93.1651418,95.13449827,93.1651418,89.96609981,92.53100529,89.96609981
1627,89.89956887,92.53180643,89.9668277,93.16596104,95.13537376,93.16596104,89.9668277,92.53180643,89.9668277
1628,89.90029399,92.53260663,89.96755473,93.16677933,95.13624822,93.16677933,89.96755473,92.53260663,89.96755473
1629,89.90101826,92.53340589,89.96828092,93.16759666,95.13712165,93.16759666,89.96828092,92.53340589,89.96828092
1630,89.90174168,92.53420422,89.96900625,93.16841303,95.13799407,93.16841303,89.96900625,92.53420422,89.96900625
1631,89.90246426,92.53500161,89.96973074,93.16922845,95.13886546,93.16922845,89.96973074,92.53500161,89.96973074
1632,89.90318599,92.53579807,89.97045438,93.17004291,95.13973584,93.17004291,89.97045438,92.53579807,89.97045438
1633,89.90390688,92.5365936,89.97117717,93.17085643,95.1406052,93.17085643,89.97117717,92.5365936,89.97117717
1634,89.90462692,92.5373882,89.97189913,93.17166899,95.14147355,93.17166899,89.97189913,92.5373882,89.97189913
1635,89.90534613,92.53818188,89.97262024,93.17248061,95.14234088,93.17248061,89.97262024,92.53818188,89.97262024
1636,89.9060645,92.53897463,89.9733405,93.17329127,95.1432072,93.17329127,89.9733405,92.53897463,89.9733405
1637,89.90678203,92.53976645,89.97405993,93.174101,95.14407251,93.174101,89.97405993,92.53976645,89.97405993
1638,89.90749872,92.54055736,89.97477852,93.17490978,95.14493681,93.17490978,89.97477852,92.54055736,89.97477852
1639,89.90821458,92.54134734,89.97549628,93.17571762,95.14580011,93.17571762,89.97549628,92.54134734,89.97549628
1640,89.90892961,92.5421364,89.9762132,93.17652452,95.1466624,93.17652452,89.9762132,92.5421364,89.9762132
1641,89.90964381,92.54292455,89.97692928,93.17733048,95.14752369,93.17733048,89.97692928,92.54292455,89.97692928
1642,89.91035717,92.54371178,89.97764454,93.17813551,95.14838398,93.17813551,89.97764454,92.54371178,89.97764454
1643,89.91106971,92.54449809,89.97835896,93.1789396,95.14924327,93.1789396,89.97835896,92.54449809,89.97835896
1644,89.91178142,92.5452835,89.97907256,93.17974276,95.15010157,93.17974276,89.97907256,92.5452835,89.97907256
1645,89.91249231,92.54606799,89.97978532,93.18054498,95.15095886,93.18054498,89.97978532,92.54606799,89.97978532
1646,89.91320237,92.54685157,89.98049726,93.18134628,95.15181517,93.18134628,89.98049726,92.54685157,89.98049726
1647,89.91391161,92.54763425,89.98120838,93.18214665,95.15267048,93.18214665,89.98120838,92.54763425,89.98120838
1648,89.91462003,92.54841602,89.98191867,93.18294609,95.1535248,93.18294609,89.98191867,92.54841602,89.98191867
1649,89.91532762,92.54919688,89.98262814,93.1837446,95.15437813,93.1837446,89.98262814,92.54919688,89.98262814
1650,89.9160344,92.54997684,89.98333679,93.18454219,95.15523048,93.18454219,89.98333679,92.54997684,89.98333679
1651,89.91674036,92.5507559,89.98404462,93.18533886,95.15608184,93.18533886,89.98404462,92.5507559,89.98404462
1652,89.91744551,92.55153406,89.98475163,93.18613461,95.15693222,93.18613461,89.98475163,92.55153406,89.98475163
1653,89.91814984,92.55231132,89.98545783,93.18692944,95.15778161,93.18692944,89.98545783,92.55231132,89.98545783
1654,89.91885336,92.55308769,89.98616321,93.18772336,95.15863003,93.18772336,89.98616321,92.55308769,89.98616321
1655,89.91955607,92.55386316,89.98686778,93.18851636,95.15947746,93.18851636,89.98686778,92.55386316,89.98686778
1656,89.92025797,92.55463773,89.98757153,93.18930844,95.16032392,93.18930844,89.98757153,92.55463773,89.98757153
1657,89.92095906,92.55541141,89.98827448,93.19009961,95.16116941,93.19009961,89.98827448,92.55541141,89.98827448
1658,89.92165935,92.55618421,89.98897661,93.19088987,95.16201392,93.19088987,89.98897661,92.55618421,89.98897661
1659,89.92235882,92.55695611,89.98967794,93.19167922,95.16285746,93.19167922,89.98967794,92.55695611,89.98967794
1660,89.9230575,92.55772712,89.99037846,93.19246767,95.16370003,93.19246767,89.99037846,92.55772712,89.99037846
1661,89.92375537,92.55849725,89.99107818,93.19325521,95.16454163,93.19325521,89.99107818,92.55849725,89.99107818
1662,89.92445243,92.5592665,89.99177709,93.19404184,95.16538226,93.19404184,89.99177709,92.5592665,89.99177709
1663,89.9251487,92.56003486,89.9924752,93.19482757,95.16622193,93.19482757,89.9924752,92.56003486,89.9924752
1664,89.92584417,92.56080234,89.99317251,93.1956124,95.16706064,93.1956124,89.99317251,92.56080234,89.99317251
1665,89.92653884,92.56156894,89.99386902,93.19639633,95.16789838,93.19639633,89.99386902,92.56156894,89.99386902
1666,89.92723272,92.56233466,89.99456473,93.19717936,95.16873517,93.19717936,89.99456473,92.56233466,89.99456473
1667,89.9279258,92.56309951,89.99525965,93.19796149,95.169571,93.19796149,89.99525965,92.56309951,89.99525965
1668,89.92861809,92.56386347,89.99595377,93.19874273,95.17040587,93.19874273,89.99595377,92.56386347,89.99595377
1669,89.92930958,92.56462657,89.99664709,93.19952307,95.17123978,93.19952307,89.99664709,92.56462657,89.99664709
1670,89.93000029,92.56538879,89.99733962,93.20030253,95.17207274,93.20030253,89.99733962,92.56538879,89.99733962
1671,89.9306902,92.56615014,89.99803137,93.20108109,95.17290475,93.20108109,89.99803137,92.56615014,89.99803137
1672,89.93137933,92.56691063,89.99872232,93.20185876,95.17373581,93.20185876,89.99872232,92.56691063,89.99872232
1673,89.93206767,92.56767024,89.99941248,93.20263554,95.17456592,93.20263554,89.99941248,92.56767024,89.99941248
1674,89.93275523,92.56842899,90.00010185,93.20341144,95.17539508,93.20341144,90.00010185,92.56842899,90.00010185
1675,89.933442,92.56918687,90.00079044,93.20418646,95.1762233,93.20418646,90.00079044,92.56918687,90.00079044
1676,89.93412799,92.56994389,90.00147825,93.20496059,95.17705057,93.20496059,90.00147825,92.56994389,90.00147825
1677,89.9348132,92.57070005,90.00216527,93.20573384,95.17787691,93.20573384,90.00216527,92.57070005,90.00216527
1678,89.93549763,92.57145534,90.00285151,93.20650621,95.1787023,93.20650621,90.00285151,92.57145534,90.00285151
1679,89.93618128,92.57220978,90.00353697,93.2072777,95.17952675,93.2072777,90.00353697,92.57220978,90.00353697
1680,89.93686415,92.57296336,90.00422165,93.20804831,95.18035027,93.20804831,90.00422165,92.57296336,90.00422165
1681,89.93754625,92.57371608,90.00490555,93.20881805,95.18117285,93.20881805,90.00490555,92.57371608,90.00490555
1682,89.93822757,92.57446795,90.00558867,93.20958691,95.18199449,93.20958691,90.00558867,92.57446795,90.00558867
1683,89.93890812,92.57521896,90.00627102,93.21035491,95.1828152,93.21035491,90.00627102,92.57521896,90.00627102
1684,89.9395879,92.57596913,90.0069526,93.21112203,95.18363499,93.21112203,90.0069526,92.57596913,90.0069526
1685,89.94026691,92.57671844,90.0076334,93.21188828,95.18445384,93.21188828,90.0076334,92.57671844,90.0076334
1686,89.94094514,92.5774669,90.00831343,93.21265366,95.18527177,93.21265366,90.00831343,92.5774669,90.00831343
1687,89.94162261,92.57821452,90.0089927,93.21341817,95.18608876,93.21341817,90.0089927,92.57821452,90.0089927
1688,89.94229931,92.57896129,90.00967119,93.21418183,95.18690484,93.21418183,90.00967119,92.57896129,90.00967119
1689,89.94297525,92.57970721,90.01034891,93.21494461,95.18771999,93.21494461,90.01034891,92.57970721,90.01034891
1690,89.94365042,92.5804523,90.01102587,93.21570654,95.18853422,93.21570654,90.01102587,92.5804523,90.01102587
1691,89.94432483,92.58119654,90.01170207,93.2164676,95.18934753,93.2164676,90.01170207,92.58119654,90.01170207
1692,89.94499848,92.58193994,90.0123775,93.2172278,95.19015992,93.2172278,90.0123775,92.58193994,90.0123775
1693,89.94567137,92.5826825,90.01305217,93.21798715,95.1909714,93.21798715,90.01305217,92.5826825,90.01305217
1694,89.9463435,92.58342422,90.01372608,93.21874564,95.19178196,93.21874564,90.01372608,92.58342422,90.01372608
1695,89.94701487,92.58416511,90.01439922,93.21950328,95.1925916,93.21950328,90.01439922,92.58416511,90.01439922
1696,89.94768549,92.58490516,90.01507161,93.22026006,95.19340033,93.22026006,90.01507161,92.58490516,90.01507161
1697,89.94835535,92.58564438,90.01574325,93.22101599,95.19420816,93.22101599,90.01574325,92.58564438,90.01574325
1698,89.94902446,92.58638277,90.01641412,93.22177107,95.19501507,93.22177107,90.01641412,92.58638277,90.01641412
1699,89.94969281,92.58712033,90.01708425,93.2225253,95.19582108,93.2225253,90.01708425,92.58712033,90.01708425
1700,89.95036041,92.58785705,90.01775362,93.22327868,95.19662618,93.22327868,90.01775362,92.58785705,90.01775362
1701,89.95102727,92.58859295,90.01842223,93.22403121,95.19743037,93.22403121,90.01842223,92.58859295,90.01842223
1702,89.95169337,92.58932803,90.0190901,93.2247829,95.19823367,93.2247829,90.0190901,92.58932803,90.0190901
1703,89.95235873,92.59006228,90.01975722,93.22553375,95.19903606,93.22553375,90.01975722,92.59006228,90.01975722
1704,89.95302334,92.5907957,90.02042358,93.22628375,95.19983755,93.22628375,90.02042358,92.5907957,90.02042358
1705,89.9536872,92.59152831,90.02108921,93.22703292,95.20063814,93.22703292,90.02108921,92.59152831,90.02108921
1706,89.95435032,92.59226009,90.02175408,93.22778124,95.20143784,93.22778124,90.02175408,92.59226009,90.02175408
1707,89.9550127,92.59299105,90.02241821,93.22852873,95.20223664,93.22852873,90.02241821,92.59299105,90.02241821
1708,89.95567434,92.5937212,90.0230816,93.22927538,95.20303455,93.22927538,90.0230816,92.5937212,90.0230816
1709,89.95633524,92.59445053,90.02374425,93.23002119,95.20383156,93.23002119,90.02374425,92.59445053,90.02374425
1710,89.9569954,92.59517904,90.02440615,93.23076618,95.20462769,93.23076618,90.02440615,92.59517904,90.02440615
1711,89.95765482,92.59590674,90.02506732,93.23151033,95.20542292,93.23151033,90.02506732,92.59590674,90.02506732
1712,89.9583135,92.59663363,90.02572775,93.23225364,95.20621727,93.23225364,90.02572775,92.59663363,90.02572775
1713,89.95897145,92.5973597,90.02638744,93.23299613,95.20701073,93.23299613,90.02638744,92.5973597,90.02638744
1714,89.95962867,92.59808497,90.02704639,93.23373779,95.2078033,93.23373779,90.02704639,92.59808497,90.02704639
1715,89.96028516,92.59880943,90.02770462,93.23447863,95.20859499,93.23447863,90.02770462,92.59880943,90.02770462
1716,89.96094091,92.59953308,90.0283621,93.23521864,95.2093858,93.23521864,90.0283621,92.59953308,90.0283621
1717,89.96159593,92.60025592,90.02901886,93.23595782,95.21017573,93.23595782,90.02901886,92.60025592,90.02901886
1718,89.96225022,92.60097797,90.02967488,93.23669618,95.21096478,93.23669618,90.02967488,92.60097797,90.02967488
1719,89.96290379,92.6016992,90.03033018,93.23743372,95.21175295,93.23743372,90.03033018,92.6016992,90.03033018
1720,89.96355663,92.60241964,90.03098474,93.23817044,95.21254025,93.23817044,90.03098474,92.60241964,90.03098474
1721,89.96420874,92.60313927,90.03163858,93.23890635,95.21332667,93.23890635,90.03163858,92.60313927,90.03163858
1722,89.96486013,92.60385811,90.0322917,93.23964143,95.21411222,93.23964143,90.0322917,92.60385811,90.0322917
1723,89.9655108,92.60457615,90.03294409,93.2403757,95.2148969,93.2403757,90.03294409,92.60457615,90.03294409
1724,89.96616074,92.60529339,90.03359575,93.24110916,95.2156807,93.24110916,90.03359575,92.60529339,90.03359575
1725,89.96680997,92.60600984,90.03424669,93.2418418,95.21646364,93.2418418,90.03424669,92.60600984,90.03424669
1726,89.96745848,92.60672549,90.03489691,93.24257363,95.21724571,93.24257363,90.03489691,92.60672549,90.03489691
1727,89.96810626,92.60744035,90.03554642,93.24330465,95.21802691,93.24330465,90.03554642,92.60744035,90.03554642
1728,89.96875333,92.60815442,90.0361952,93.24403486,95.21880725,93.24403486,90.0361952,92.60815442,90.0361952
1729,89.96939969,92.6088677,90.03684326,93.24476427,95.21958673,93.24476427,90.03684326,92.6088677,90.03684326
1730,89.97004533,92.60958019,90.03749061,93.24549286,95.22036534,93.24549286,90.03749061,92.60958019,90.03749061
1731,89.97069026,92.6102919,90.03813725,93.24622066,95.2211431,93.24622066,90.03813725,92.6102919,90.03813725
1732,89.97133447,92.61100282,90.03878316,93.24694764,95.22191999,93.24694764,90.03878316,92.61100282,90.03878316
1733,89.97197797,92.61171295,90.03942837,93.24767383,95.22269603,93.24767383,90.03942837,92.61171295,90.03942837
1734,89.97262077,92.6124223,90.04007287,93.24839922,95.22347121,93.24839922,90.04007287,92.6124223,90.04007287
1735,89.97326285,92.61313087,90.04071665,93.2491238,95.22424554,93.2491238,90.04071665,92.61313087,90.04071665
1736,89.97390423,92.61383866,90.04135973,93.24984759,95.22501902,93.24984759,90.04135973,92.61383866,90.04135973
1737,89.9745449,92.61454567,90.04200209,93.25057058,95.22579164,93.25057058,90.04200209,92.61454567,90.04200209
1738,89.97518487,92.6152519,90.04264375,93.25129277,95.22656341,93.25129277,90.04264375,92.6152519,90.04264375
1739,89.97582413,92.61595735,90.04328471,93.25201417,95.22733434,93.25201417,90.04328471,92.61595735,90.04328471
1740,89.97646269,92.61666203,90.04392496,93.25273478,95.22810441,93.25273478,90.04392496,92.61666203,90.04392496
1741,89.97710055,92.61736593,90.0445645,93.2534546,95.22887364,93.2534546,90.0445645,92.61736593,90.0445645
1742,89.97773771,92.61806907,90.04520335,93.25417362,95.22964203,93.25417362,90.04520335,92.61806907,90.04520335
1743,89.97837417,92.61877142,90.04584149,93.25489186,95.23040957,93.25489186,90.04584149,92.61877142,90.04584149
1744,89.97900993,92.61947301,90.04647893,93.25560931,95.23117627,93.25560931,90.04647893,92.61947301,90.04647893
1745,89.97964499,92.62017383,90.04711567,93.25632597,95.23194213,93.25632597,90.04711567,92.62017383,90.04711567
1746,89.98027936,92.62087388,90.04775172,93.25704184,95.23270715,93.25704184,90.04775172,92.62087388,90.04775172
1747,89.98091303,92.62157317,90.04838707,93.25775694,95.23347133,93.25775694,90.04838707,92.62157317,90.04838707
1748,89.98154601,92.62227169,90.04902172,93.25847124,95.23423468,93.25847124,90.04902172,92.62227169,90.04902172
1749,89.9821783,92.62296944,90.04965568,93.25918477,95.23499719,93.25918477,90.04965568,92.62296944,90.04965568
1750,89.98280989,92.62366644,90.05028895,93.25989752,95.23575886,93.25989752,90.05028895,92.62366644,90.05028895
1751,89.9834408,92.62436267,90.05092152,93.26060949,95.23651971,93.26060949,90.05092152,92.62436267,90.05092152
1752,89.98407102,92.62505814,90.05155341,93.26132068,95.23727972,93.26132068,90.05155341,92.62505814,90.05155341
1753,89.98470054,92.62575285,90.0521846,93.2620311,95.23803891,93.2620311,90.0521846,92.62575285,90.0521846
1754,89.98532939,92.6264468,90.05281511,93.26274074,95.23879726,93.26274074,90.05281511,92.6264468,90.05281511
1755,89.98595754,92.62714,90.05344492,93.2634496,95.23955479,93.2634496,90.05344492,92.62714,90.05344492
1756,89.98658501,92.62783244,90.05407406,93.2641577,95.2403115,93.2641577,90.05407406,92.62783244,90.05407406
1757,89.9872118,92.62852413,90.0547025,93.26486502,95.24106737,93.26486502,90.0547025,92.62852413,90.0547025
1758,89.98783791,92.62921506,90.05533026,93.26557157,95.24182243,93.26557157,90.05533026,92.62921506,90.05533026
1759,89.98846333,92.62990524,90.05595734,93.26627735,95.24257667,93.26627735,90.05595734,92.62990524,90.05595734
1760,89.98908808,92.63059467,90.05658374,93.26698237,95.24333008,93.26698237,90.05658374,92.63059467,90.05658374
1761,89.98971214,92.63128336,90.05720946,93.26768662,95.24408268,93.26768662,90.05720946,92.63128336,90.05720946
1762,89.99033553,92.63197129,90.05783449,93.26839011,95.24483446,93.26839011,90.05783449,92.63197129,90.05783449
1763,89.99095824,92.63265848,90.05845885,93.26909283,95.24558542,93.26909283,90.05845885,92.63265848,90.05845885
1764,89.99158027,92.63334492,90.05908253,93.26979479,95.24633557,93.26979479,90.05908253,92.63334492,90.05908253
1765,89.99220163,92.63403062,90.05970554,93.27049598,95.2470849,93.27049598,90.05970554,92.63403062,90.05970554
1766,89.99282232,92.63471557,90.06032786,93.27119642,95.24783342,93.27119642,90.06032786,92.63471557,90.06032786
1767,89.99344234,92.63539979,90.06094952,93.2718961,95.24858113,93.2718961,90.06094952,92.63539979,90.06094952
1768,89.99406168,92.63608326,90.0615705,93.27259502,95.24932803,93.27259502,90.0615705,92.63608326,90.0615705
1769,89.99468035,92.63676599,90.06219081,93.27329319,95.25007413,93.27329319,90.06219081,92.63676599,90.06219081
1770,89.99529836,92.63744798,90.06281045,93.2739906,95.25081941,93.2739906,90.06281045,92.63744798,90.06281045
1771,89.99591569,92.63812924,90.06342942,93.27468725,95.25156389,93.27468725,90.06342942,92.63812924,90.06342942
1772,89.99653236,92.63880976,90.06404772,93.27538315,95.25230757,93.27538315,90.06404772,92.63880976,90.06404772
1773,89.99714836,92.63948954,90.06466535,93.27607831,95.25305044,93.27607831,90.06466535,92.63948954,90.06466535
1774,89.9977637,92.6401686,90.06528232,93.27677271,95.25379251,93.27677271,90.06528232,92.6401686,90.06528232
1775,89.99837838,92.64084692,90.06589862,93.27746636,95.25453379,93.27746636,90.06589862,92.64084692,90.06589862
1776,89.99899239,92.6415245,90.06651426,93.27815927,95.25527426,93.27815927,90.06651426,92.6415245,90.06651426
1777,89.99960574,92.64220136,90.06712923,93.27885142,95.25601393,93.27885142,90.06712923,92.64220136,90.06712923
1778,90.00021843,92.64287749,90.06774354,93.27954284,95.25675281,93.27954284,90.06774354,92.64287749,90.06774354
1779,90.00083046,92.64355289,90.06835719,93.28023351,95.25749089,93.28023351,90.06835719,92.64355289,90.06835719
1780,90.00144183,92.64422757,90.06897018,93.28092343,95.25822818,93.28092343,90.06897018,92.64422757,90.06897018
1781,90.00205254,92.64490152,90.06958251,93.28161262,95.25896468,93.28161262,90.06958251,92.64490152,90.06958251
1782,90.0026626,92.64557474,90.07019418,93.28230106,95.25970038,93.28230106,90.07019418,92.64557474,90.07019418
1783,90.00327201,92.64624725,90.0708052,93.28298876,95.2604353,93.28298876,90.0708052,92.64624725,90.0708052
1784,90.00388076,92.64691903,90.07141556,93.28367573,95.26116942,93.28367573,90.07141556,92.64691903,90.07141556
1785,90.00448885,92.64759009,90.07202526,93.28436196,95.26190276,93.28436196,90.07202526,92.64759009,90.07202526
1786,90.0050963,92.64826043,90.07263431,93.28504745,95.26263531,93.28504745,90.07263431,92.64826043,90.07263431
1787,90.00570309,92.64893005,90.07324271,93.28573221,95.26336708,93.28573221,90.07324271,92.64893005,90.07324271
1788,90.00630923,92.64959895,90.07385046,93.28641624,95.26409806,93.28641624,90.07385046,92.64959895,90.07385046
1789,90.00691473,92.65026714,90.07445755,93.28709953,95.26482826,93.28709953,90.07445755,92.65026714,90.07445755
1790,90.00751957,92.65093462,90.075064,93.28778209,95.26555768,93.28778209,90.075064,92.65093462,90.075064
1791,90.00812377,92.65160137,90.0756698,93.28846392,95.26628632,93.28846392,90.0756698,92.65160137,90.0756698
1792,90.00872733,92.65226742,90.07627495,93.28914502,95.26701418,93.28914502,90.07627495,92.65226742,90.07627495
1793,90.00933023,92.65293276,90.07687945,93.2898254,95.26774126,93.2898254,90.07687945,92.65293276,90.07687945
1794,90.0099325,92.65359738,90.07748331,93.29050505,95.26846757,93.29050505,90.07748331,92.65359738,90.07748331
1795,90.01053412,92.6542613,90.07808653,93.29118397,95.2691931,93.29118397,90.07808653,92.6542613,90.07808653
1796,90.0111351,92.65492451,90.0786891,93.29186217,95.26991785,93.29186217,90.0786891,92.65492451,90.0786891
1797,90.01173544,92.65558701,90.07929103,93.29253965,95.27064184,93.29253965,90.07929103,92.65558701,90.07929103
1798,90.01233514,92.6562488,90.07989231,93.2932164,95.27136505,93.2932164,90.07989231,92.6562488,90.07989231
1799,90.01293421,92.65690989,90.08049296,93.29389244,95.27208749,93.29389244,90.08049296,92.65690989,90.08049296
1800,90.01353263,92.65757028,90.08109297,93.29456775,95.27280917,93.29456775,90.08109297,92.65757028,90.08109297
1801,90.01413042,92.65822997,90.08169234,93.29524235,95.27353008,93.29524235,90.08169234,92.65822997,90.08169234
1802,90.01472757,92.65888895,90.08229107,93.29591623,95.27425022,93.29591623,90.08229107,92.65888895,90.08229107
1803,90.01532409,92.65954723,90.08288917,93.29658939,95.27496959,93.29658939,90.08288917,92.65954723,90.08288917
1804,90.01591997,92.66020482,90.08348663,93.29726184,95.2756882,93.29726184,90.08348663,92.66020482,90.08348663
1805,90.01651523,92.6608617,90.08408346,93.29793358,95.27640605,93.29793358,90.08408346,92.6608617,90.08408346
1806,90.01710985,92.66151789,90.08467965,93.2986046,95.27712314,93.2986046,90.08467965,92.66151789,90.08467965
1807,90.01770384,92.66217338,90.08527521,93.29927491,95.27783946,93.29927491,90.08527521,92.66217338,90.08527521
1808,90.0182972,92.66282818,90.08587014,93.29994451,95.27855503,93.29994451,90.08587014,92.66282818,90.08587014
1809,90.01888993,92.66348229,90.08646444,93.3006134,95.27926984,93.3006134,90.08646444,92.66348229,90.08646444
1810,90.01948203,92.6641357,90.08705811,93.30128158,95.27998389,93.30128158,90.08705811,92.6641357,90.08705811
1811,90.02007351,92.66478842,90.08765116,93.30194906,95.28069719,93.30194906,90.08765116,92.66478842,90.08765116
1812,90.02066436,92.66544045,90.08824357,93.30261583,95.28140973,93.30261583,90.08824357,92.66544045,90.08824357
1813,90.02125459,92.66609179,90.08883536,93.30328189,95.28212152,93.30328189,90.08883536,92.66609179,90.08883536
1814,90.0218442,92.66674245,90.08942653,93.30394725,95.28283256,93.30394725,90.08942653,92.66674245,90.08942653
1815,90.02243318,92.66739241,90.09001707,93.30461191,95.28354285,93.30461191,90.09001707,92.66739241,90.09001707
1816,90.02302154,92.66804169,90.09060698,93.30527587,95.28425239,93.30527587,90.09060698,92.66804169,90.09060698
1817,90.02360928,92.66869029,90.09119628,93.30593913,95.28496118,93.30593913,90.09119628,92.66869029,90.09119628
1818,90.0241964,92.6693382,90.09178495,93.30660169,95.28566922,93.30660169,90.09178495,92.6693382,90.09178495
1819,90.0247829,92.66998543,90.092373,93.30726355,95.28637651,93.30726355,90.092373,92.66998543,90.092373
1820,90.02536879,92.67063198,90.09296044,93.30792471,95.28708307,93.30792471,90.09296044,92.67063198,90.09296044
1821,90.02595405,92.67127785,90.09354725,93.30858518,95.28778887,93.30858518,90.09354725,92.67127785,90.09354725
1822,90.02653871,92.67192304,90.09413345,93.30924495,95.28849394,93.30924495,90.09413345,92.67192304,90.09413345
1823,90.02712274,92.67256755,90.09471904,93.30990403,95.28919826,93.30990403,90.09471904,92.67256755,90.09471904
1824,90.02770617,92.67321138,90.095304,93.31056241,95.28990184,93.31056241,90.095304,92.67321138,90.095304
1825,90.02828898,92.67385453,90.09588836,93.31122011,95.29060469,93.31122011,90.09588836,92.67385453,90.09588836
1826,90.02887118,92.67449702,90.09647209,93.31187711,95.2913068,93.31187711,90.09647209,92.67449702,90.09647209
1827,90.02945276,92.67513882,90.09705522,93.31253343,95.29200817,93.31253343,90.09705522,92.67513882,90.09705522
1828,90.03003374,92.67577996,90.09763774,93.31318905,95.2927088,93.31318905,90.09763774,92.67577996,90.09763774
1829,90.03061411,92.67642042,90.09821964,93.31384399,95.2934087,93.31384399,90.09821964,92.67642042,90.09821964
1830,90.03119387,92.67706021,90.09880094,93.31449825,95.29410787,93.31449825,90.09880094,92.67706021,90.09880094
1831,90.03177303,92.67769933,90.09938162,93.31515182,95.2948063,93.31515182,90.09938162,92.67769933,90.09938162
1832,90.03235157,92.67833778,90.0999617,93.3158047,95.29550401,93.3158047,90.0999617,92.67833778,90.0999617
1833,90.03292952,92.67897557,90.10054117,93.3164569,95.29620098,93.3164569,90.10054117,92.67897557,90.10054117
1834,90.03350686,92.67961269,90.10112004,93.31710842,95.29689723,93.31710842,90.10112004,92.67961269,90.10112004
1835,90.03408359,92.68024914,90.1016983,93.31775926,95.29759275,93.31775926,90.1016983,92.68024914,90.1016983
1836,90.03465972,92.68088493,90.10227596,93.31840942,95.29828754,93.31840942,90.10227596,92.68088493,90.10227596
1837,90.03523526,92.68152005,90.10285301,93.3190589,95.29898161,93.3190589,90.10285301,92.68152005,90.10285301
1838,90.03581019,92.68215451,90.10342947,93.3197077,95.29967495,93.3197077,90.10342947,92.68215451,90.10342947
1839,90.03638452,92.68278831,90.10400532,93.32035583,95.30036757,93.32035583,90.10400532,92.68278831,90.10400532
1840,90.03695825,92.68342145,90.10458057,93.32100328,95.30105947,93.32100328,90.10458057,92.68342145,90.10458057
1841,90.03753139,92.68405393,90.10515522,93.32165006,95.30175065,93.32165006,90.10515522,92.68405393,90.10515522
1842,90.03810393,92.68468575,90.10572928,93.32229616,95.3024411,93.32229616,90.10572928,92.68468575,90.10572928
1843,90.03867587,92.68531692,90.10630273,93.3229416,95.30313084,93.3229416,90.10630273,92.68531692,90.10630273
1844,90.03924722,92.68594743,90.10687559,93.32358636,95.30381987,93.32358636,90.10687559,92.68594743,90.10687559
1845,90.03981798,92.68657728,90.10744786,93.32423045,95.30450817,93.32423045,90.10744786,92.68657728,90.10744786
1846,90.04038814,92.68720648,90.10801953,93.32487387,95.30519576,93.32487387,90.10801953,92.68720648,90.10801953
1847,90.04095771,92.68783502,90.10859061,93.32551662,95.30588264,93.32551662,90.10859061,92.68783502,90.10859061
1848,90.04152669,92.68846291,90.10916109,93.32615871,95.30656881,93.32615871,90.10916109,92.68846291,90.10916109
1849,90.04209508,92.68909016,90.10973099,93.32680013,95.30725426,93.32680013,90.10973099,92.68909016,90.10973099
1850,90.04266288,92.68971675,90.11030029,93.32744088,95.307939,93.32744088,90.11030029,92.68971675,90.11030029
1851,90.04323009,92.69034269,90.110869,93.32808097,95.30862303,93.32808097,90.110869,92.69034269,90.110869
1852,90.04379672,92.69096798,90.11143712,93.3287204,95.30930636,93.3287204,90.11143712,92.69096798,90.11143712
1853,90.04436275,92.69159263,90.11200466,93.32935917,95.30998898,93.32935917,90.11200466,92.69159263,90.11200466
1854,90.0449282,92.69221663,90.11257161,93.32999727,95.31067089,93.32999727,90.11257161,92.69221663,90.11257161
1855,90.04549307,92.69283999,90.11313797,93.33063472,95.31135209,93.33063472,90.11313797,92.69283999,90.11313797
1856,90.04605736,92.6934627,90.11370374,93.33127151,95.31203259,93.33127151,90.11370374,92.6934627,90.11370374
1857,90.04662106,92.69408476,90.11426894,93.33190764,95.31271239,93.33190764,90.11426894,92.69408476,90.11426894
1858,90.04718418,92.69470619,90.11483355,93.33254311,95.31339149,93.33254311,90.11483355,92.69470619,90.11483355
1859,90.04774671,92.69532697,90.11539757,93.33317793,95.31406989,93.33317793,90.11539757,92.69532697,90.11539757
1860,90.04830867,92.69594712,90.11596102,93.33381209,95.31474758,93.33381209,90.11596102,92.69594712,90.11596102
1861,90.04887005,92.69656662,90.11652388,93.3344456,95.31542458,93.3344456,90.11652388,92.69656662,90.11652388
1862,90.04943085,92.69718549,90.11708616,93.33507845,95.31610088,93.33507845,90.11708616,92.69718549,90.11708616
1863,90.04999107,92.69780372,90.11764787,93.33571066,95.31677649,93.33571066,90.11764787,92.69780372,90.11764787
1864,90.05055072,92.69842131,90.11820899,93.33634221,95.3174514,93.33634221,90.11820899,92.69842131,90.11820899
1865,90.05110979,92.69903827,90.11876954,93.33697311,95.31812561,93.33697311,90.11876954,92.69903827,90.11876954
1866,90.05166828,92.69965459,90.11932952,93.33760337,95.31879913,93.33760337,90.11932952,92.69965459,90.11932952
1867,90.0522262,92.70027028,90.11988891,93.33823298,95.31947196,93.33823298,90.11988891,92.70027028,90.11988891
1868,90.05278355,92.70088534,90.12044774,93.33886194,95.3201441,93.33886194,90.12044774,92.70088534,90.12044774
1869,90.05334033,92.70149977,90.12100599,93.33949025,95.32081555,93.33949025,90.12100599,92.70149977,90.12100599
1870,90.05389653,92.70211356,90.12156366,93.34011792,95.32148631,93.34011792,90.12156366,92.70211356,90.12156366
1871,90.05445217,92.70272673,90.12212077,93.34074495,95.32215638,93.34074495,90.12212077,92.70272673,90.12212077
1872,90.05500723,92.70333927,90.1226773,93.34137133,95.32282576,93.34137133,90.1226773,92.70333927,90.1226773
1873,90.05556173,92.70395118,90.12323326,93.34199708,95.32349446,93.34199708,90.12323326,92.70395118,90.12323326
1874,90.05611566,92.70456246,90.12378866,93.34262218,95.32416248,93.34262218,90.12378866,92.70456246,90.12378866
1875,90.05666902,92.70517312,90.12434348,93.34324664,95.32482981,93.34324664,90.12434348,92.70517312,90.12434348
1876,90.05722181,92.70578315,90.12489774,93.34387046,95.32549645,93.34387046,90.12489774,92.70578315,90.12489774
1877,90.05777404,92.70639256,90.12545143,93.34449365,95.32616242,93.34449365,90.12545143,92.70639256,90.12545143
1878,90.05832571,92.70700135,90.12600456,93.3451162,95.32682771,93.3451162,90.12600456,92.70700135,90.12600456
1879,90.05887681,92.70760951,90.12655712,93.34573811,95.32749231,93.34573811,90.12655712,92.70760951,90.12655712
1880,90.05942735,92.70821706,90.12710912,93.34635939,95.32815624,93.34635939,90.12710912,92.70821706,90.12710912
1881,90.05997733,92.70882398,90.12766055,93.34698003,95.32881949,93.34698003,90.12766055,92.70882398,90.12766055
1882,90.06052675,92.70943029,90.12821142,93.34760004,95.32948206,93.34760004,90.12821142,92.70943029,90.12821142
1883,90.06107561,92.71003598,90.12876173,93.34821942,95.33014396,93.34821942,90.12876173,92.71003598,90.12876173
1884,90.06162391,92.71064105,90.12931148,93.34883817,95.33080519,93.34883817,90.12931148,92.71064105,90.12931148
1885,90.06217165,92.7112455,90.12986067,93.34945629,95.33146574,93.34945629,90.12986067,92.7112455,90.12986067
1886,90.06271883,92.71184934,90.1304093,93.35007378,95.33212562,93.35007378,90.1304093,92.71184934,90.1304093
1887,90.06326545,92.71245256,90.13095737,93.35069064,95.33278483,93.35069064,90.13095737,92.71245256,90.13095737
1888,90.06381153,92.71305518,90.13150489,93.35130687,95.33344336,93.35130687,90.13150489,92.71305518,90.13150489
1889,90.06435704,92.71365718,90.13205185,93.35192248,95.33410123,93.35192248,90.13205185,92.71365718,90.13205185
1890,90.064902,92.71425856,90.13259825,93.35253746,95.33475843,93.35253746,90.13259825,92.71425856,90.13259825
1891,90.06544641,92.71485934,90.1331441,93.35315182,95.33541496,93.35315182,90.1331441,92.71485934,90.1331441
1892,90.06599027,92.71545951,90.13368939,93.35376555,95.33607083,93.35376555,90.13368939,92.71545951,90.13368939
1893,90.06653357,92.71605907,90.13423413,93.35437867,95.33672603,93.35437867,90.13423413,92.71605907,90.13423413
1894,90.06707632,92.71665802,90.13477832,93.35499116,95.33738057,93.35499116,90.13477832,92.71665802,90.13477832
1895,90.06761853,92.71725637,90.13532196,93.35560303,95.33803445,93.35560303,90.13532196,92.71725637,90.13532196
1896,90.06816018,92.71785411,90.13586505,93.35621428,95.33868766,93.35621428,90.13586505,92.71785411,90.13586505
1897,90.06870129,92.71845124,90.13640759,93.35682491,95.33934021,93.35682491,90.13640759,92.71845124,90.13640759
1898,90.06924185,92.71904777,90.13694958,93.35743493,95.3399921,93.35743493,90.13694958,92.71904777,90.13694958
1899,90.06978186,92.7196437,90.13749102,93.35804432,95.34064333,93.35804432,90.13749102,92.7196437,90.13749102
1900,90.07032133,92.72023902,90.13803191,93.35865311,95.34129391,93.35865311,90.13803191,92.72023902,90.13803191
1901,90.07086025,92.72083375,90.13857226,93.35926127,95.34194383,93.35926127,90.13857226,92.72083375,90.13857226
1902,90.07139863,92.72142787,90.13911207,93.35986883,95.34259309,93.35986883,90.13911207,92.72142787,90.13911207
1903,90.07193647,92.72202139,90.13965132,93.36047577,95.34324169,93.36047577,90.13965132,92.72202139,90.13965132
1904,90.07247376,92.72261432,90.14019004,93.36108209,95.34388965,93.36108209,90.14019004,92.72261432,90.14019004
1905,90.07301051,92.72320665,90.14072821,93.36168781,95.34453694,93.36168781,90.14072821,92.72320665,90.14072821
1906,90.07354672,92.72379838,90.14126584,93.36229292,95.34518359,93.36229292,90.14126584,92.72379838,90.14126584
1907,90.07408239,92.72438951,90.14180293,93.36289742,95.34582959,93.36289742,90.14180293,92.72438951,90.14180293
1908,90.07461752,92.72498005,90.14233947,93.36350131,95.34647493,93.36350131,90.14233947,92.72498005,90.14233947
1909,90.07515211,92.72557,90.14287548,93.36410459,95.34711963,93.36410459,90.14287548,92.72557,90.14287548
1910,90.07568617,92.72615935,90.14341095,93.36470726,95.34776368,93.36470726,90.14341095,92.72615935,90.14341095
1911,90.07621969,92.72674811,90.14394588,93.36530933,95.34840708,93.36530933,90.14394588,92.72674811,90.14394588
1912,90.07675267,92.72733628,90.14448027,93.3659108,95.34904983,93.3659108,90.14448027,92.72733628,90.14448027
1913,90.07728512,92.72792386,90.14501413,93.36651166,95.34969194,93.36651166,90.14501413,92.72792386,90.14501413
1914,90.07781703,92.72851085,90.14554745,93.36711192,95.35033341,93.36711192,90.14554745,92.72851085,90.14554745
1915,90.07834841,92.72909725,90.14608024,93.36771157,95.35097423,93.36771157,90.14608024,92.72909725,90.14608024
1916,90.07887926,92.72968306,90.14661249,93.36831063,95.35161441,93.36831063,90.14661249,92.72968306,90.14661249
1917,90.07940958,92.73026829,90.14714421,93.36890908,95.35225395,93.36890908,90.14714421,92.73026829,90.14714421
1918,90.07993936,92.73085293,90.14767539,93.36950694,95.35289284,93.36950694,90.14767539,92.73085293,90.14767539
1919,90.08046862,92.73143699,90.14820605,93.3701042,95.3535311,93.3701042,90.14820605,92.73143699,90.14820605
1920,90.08099734,92.73202046,90.14873617,93.37070085,95.35416872,93.37070085,90.14873617,92.73202046,90.14873617
1921,90.08152554,92.73260334,90.14926577,93.37129692,95.3548057,93.37129692,90.14926577,92.73260334,90.14926577
1922,90.08205321,92.73318565,90.14979483,93.37189239,95.35544205,93.37189239,90.14979483,92.73318565,90.14979483
1923,90.08258035,92.73376737,90.15032337,93.37248726,95.35607776,93.37248726,90.15032337,92.73376737,90.15032337
1924,90.08310696,92.73434851,90.15085137,93.37308154,95.35671284,93.37308154,90.15085137,92.73434851,90.15085137
1925,90.08363305,92.73492907,90.15137886,93.37367522,95.35734728,93.37367522,90.15137886,92.73492907,90.15137886
1926,90.08415862,92.73550906,90.15190581,93.37426832,95.35798109,93.37426832,90.15190581,92.73550906,90.15190581
1927,90.08468366,92.73608846,90.15243224,93.37486082,95.35861426,93.37486082,90.15243224,92.73608846,90.15243224
1928,90.08520818,92.73666729,90.15295815,93.37545273,95.35924681,93.37545273,90.15295815,92.73666729,90.15295815
1929,90.08573217,92.73724554,90.15348353,93.37604405,95.35987872,93.37604405,90.15348353,92.73724554,90.15348353
1930,90.08625565,92.73782322,90.15400839,93.37663479,95.36051001,93.37663479,90.15400839,92.73782322,90.15400839
1931,90.0867786,92.73840032,90.15453272,93.37722493,95.36114067,93.37722493,90.15453272,92.73840032,90.15453272
1932,90.08730103,92.73897685,90.15505654,93.37781449,95.3617707,93.37781449,90.15505654,92.73897685,90.15505654
1933,90.08782295,92.7395528,90.15557983,93.37840347,95.36240011,93.37840347,90.15557983,92.7395528,90.15557983
1934,90.08834434,92.74012818,90.15610261,93.37899185,95.36302889,93.37899185,90.15610261,92.74012818,90.15610261
1935,90.08886522,92.74070299,90.15662486,93.37957966,95.36365704,93.37957966,90.15662486,92.74070299,90.15662486
1936,90.08938558,92.74127723,90.1571466,93.38016688,95.36428458,93.38016688,90.1571466,92.74127723,90.1571466
1937,90.08990542,92.7418509,90.15766782,93.38075352,95.36491149,93.38075352,90.15766782,92.7418509,90.15766782
1938,90.09042475,92.742424,90.15818852,93.38133957,95.36553778,93.38133957,90.15818852,92.742424,90.15818852
1939,90.09094357,92.74299654,90.15870871,93.38192505,95.36616344,93.38192505,90.15870871,92.74299654,90.15870871
1940,90.09146187,92.7435685,90.15922838,93.38250994,95.36678849,93.38250994,90.15922838,92.7435685,90.15922838
1941,90.09197965,92.7441399,90.15974754,93.38309426,95.36741292,93.38309426,90.15974754,92.7441399,90.15974754
1942,90.09249693,92.74471074,90.16026618,93.383678,95.36803673,93.383678,90.16026618,92.74471074,90.16026618
1943,90.09301369,92.74528101,90.16078432,93.38426116,95.36865993,93.38426116,90.16078432,92.74528101,90.16078432
1944,90.09352995,92.74585072,90.16130193,93.38484375,95.36928251,93.38484375,90.16130193,92.74585072,90.16130193
1945,90.09404569,92.74641986,90.16181904,93.38542575,95.36990447,93.38542575,90.16181904,92.74641986,90.16181904
1946,90.09456092,92.74698844,90.16233564,93.38600719,95.37052582,93.38600719,90.16233564,92.74698844,90.16233564
1947,90.09507565,92.74755646,90.16285172,93.38658805,95.37114655,93.38658805,90.16285172,92.74755646,90.16285172
1948,90.09558986,92.74812392,90.1633673,93.38716834,95.37176668,93.38716834,90.1633673,92.74812392,90.1633673
1949,90.09610357,92.74869082,90.16388237,93.38774805,95.37238619,93.38774805,90.16388237,92.74869082,90.16388237
1950,90.09661678,92.74925717,90.16439693,93.3883272,95.37300509,93.3883272,90.16439693,92.74925717,90.16439693
1951,90.09712947,92.74982295,90.16491099,93.38890577,95.37362338,93.38890577,90.16491099,92.74982295,90.16491099
1952,90.09764167,92.75038818,90.16542453,93.38948377,95.37424107,93.38948377,90.16542453,92.75038818,90.16542453
1953,90.09815336,92.75095285,90.16593758,93.39006121,95.37485814,93.39006121,90.16593758,92.75095285,90.16593758
1954,90.09866454,92.75151696,90.16645011,93.39063807,95.37547461,93.39063807,90.16645011,92.75151696,90.16645011
1955,90.09917523,92.75208052,90.16696215,93.39121437,95.37609047,93.39121437,90.16696215,92.75208052,90.16696215
1956,90.09968541,92.75264353,90.16747368,93.39179011,95.37670573,93.39179011,90.16747368,92.75264353,90.16747368
1957,90.10019509,92.75320598,90.16798471,93.39236528,95.37732038,93.39236528,90.16798471,92.75320598,90.16798471
1958,90.10070427,92.75376788,90.16849524,93.39293988,95.37793443,93.39293988,90.16849524,92.75376788,90.16849524
1959,90.10121295,92.75432923,90.16900526,93.39351392,95.37854788,93.39351392,90.16900526,92.75432923,90.16900526
1960,90.10172113,92.75489003,90.16951479,93.39408739,95.37916072,93.39408739,90.16951479,92.75489003,90.16951479
1961,90.10222881,92.75545028,90.17002381,93.39466031,95.37977297,93.39466031,90.17002381,92.75545028,90.17002381
1962,90.102736,92.75600999,90.17053234,93.39523266,95.38038461,93.39523266,90.17053234,92.75600999,90.17053234
1963,90.10324269,92.75656914,90.17104037,93.39580445,95.38099566,93.39580445,90.17104037,92.75656914,90.17104037
1964,90.10374888,92.75712774,90.1715479,93.39637569,95.3816061,93.39637569,90.1715479,92.75712774,90.1715479
1965,90.10425458,92.7576858,90.17205494,93.39694636,95.38221595,93.39694636,90.17205494,92.7576858,90.17205494
1966,90.10475978,92.75824332,90.17256148,93.39751648,95.38282521,93.39751648,90.17256148,92.75824332,90.17256148
1967,90.10526449,92.75880028,90.17306752,93.39808603,95.38343386,93.39808603,90.17306752,92.75880028,90.17306752
1968,90.10576871,92.75935671,90.17357307,93.39865504,95.38404193,93.39865504,90.17357307,92.75935671,90.17357307
1969,90.10627243,92.75991259,90.17407813,93.39922348,95.3846494,93.39922348,90.17407813,92.75991259,90.17407813
1970,90.10677566,92.76046793,90.1745827,93.39979138,95.38525627,93.39979138,90.1745827,92.76046793,90.1745827
1971,90.1072784,92.76102272,90.17508677,93.40035871,95.38586256,93.40035871,90.17508677,92.76102272,90.17508677
1972,90.10778066,92.76157698,90.17559035,93.4009255,95.38646825,93.4009255,90.17559035,92.76157698,90.17559035
1973,90.10828242,92.7621307,90.17609344,93.40149173,95.38707336,93.40149173,90.17609344,92.7621307,90.17609344
1974,90.10878369,92.76268387,90.17659604,93.40205741,95.38767787,93.40205741,90.17659604,92.76268387,90.17659604
1975,90.10928448,92.76323651,90.17709815,93.40262254,95.3882818,93.40262254,90.17709815,92.76323651,90.17709815
1976,90.10978477,92.76378861,90.17759977,93.40318712,95.38888513,93.40318712,90.17759977,92.76378861,90.17759977
1977,90.11028458,92.76434017,90.1781009,93.40375115,95.38948788,93.40375115,90.1781009,92.76434017,90.1781009
1978,90.11078391,92.7648912,90.17860155,93.40431463,95.39009005,93.40431463,90.17860155,92.7648912,90.17860155
1979,90.11128275,92.76544169,90.17910171,93.40487757,95.39069163,93.40487757,90.17910171,92.76544169,90.17910171
1980,90.11178111,92.76599165,90.17960138,93.40543996,95.39129262,93.40543996,90.17960138,92.76599165,90.17960138
1981,90.11227898,92.76654107,90.18010057,93.4060018,95.39189304,93.4060018,90.18010057,92.76654107,90.18010057
1982,90.11277637,92.76708996,90.18059927,93.4065631,95.39249287,93.4065631,90.18059927,92.76708996,90.18059927
1983,90.11327327,92.76763832,90.1810975,93.40712385,95.39309211,93.40712385,90.1810975,92.76763832,90.1810975
1984,90.1137697,92.76818614,90.18159523,93.40768406,95.39369078,93.40768406,90.18159523,92.76818614,90.18159523
1985,90.11426564,92.76873344,90.18209249,93.40824372,95.39428887,93.40824372,90.18209249,92.76873344,90.18209249
1986,90.1147611,92.7692802,90.18258926,93.40880285,95.39488637,93.40880285,90.18258926,92.7692802,90.18258926
1987,90.11525609,92.76982644,90.18308556,93.40936143,95.3954833,93.40936143,90.18308556,92.76982644,90.18308556
1988,90.11575059,92.77037214,90.18358137,93.40991947,95.39607966,93.40991947,90.18358137,92.77037214,90.18358137
1989,90.11624462,92.77091732,90.1840767,93.41047698,95.39667543,93.41047698,90.1840767,92.77091732,90.1840767
1990,90.11673817,92.77146198,90.18457156,93.41103394,95.39727063,93.41103394,90.18457156,92.77146198,90.18457156
1991,90.11723124,92.7720061,90.18506594,93.41159037,95.39786525,93.41159037,90.18506594,92.7720061,90.18506594
1992,90.11772384,92.7725497,90.18555984,93.41214626,95.3984593,93.41214626,90.18555984,92.7725497,90.18555984
1993,90.11821596,92.77309278,90.18605326,93.41270161,95.39905278,93.41270161,90.18605326,92.77309278,90.18605326
1994,90.1187076,92.77363533,90.18654621,93.41325643,95.39964568,93.41325643,90.18654621,92.77363533,90.18654621
1995,90.11919878,92.77417736,90.18703868,93.41381071,95.40023802,93.41381071,90.18703868,92.77417736,90.18703868
1996,90.11968948,92.77471887,90.18753067,93.41436445,95.40082978,93.41436445,90.18753067,92.77471887,90.18753067
1997,90.1201797,92.77525985,90.1880222,93.41491767,95.40142097,93.41491767,90.1880222,92.77525985,90.1880222
1998,90.12066946,92.77580032,90.18851325,93.41547035,95.40201159,93.41547035,90.18851325,92.77580032,90.18851325
1999,90.12115874,92.77634026,90.18900382,93.4160225,95.40260165,93.4160225,90.18900382,92.77634026,90.18900382
2000,90.12164755,92.77687969,90.18949393,93.41657412,95.40319113,93.41657412,90.18949393,92.77687969,90.18949393
2001,90.12213589,92.77741859,90.18998356,93.41712521,95.40378005,93.41712521,90.18998356,92.77741859,90.18998356
2002,90.12262377,92.77795698,90.19047273,93.41767576,95.40436841,93.41767576,90.19047273,92.77795698,90.19047273
2003,90.12311117,92.77849485,90.19096142,93.41822579,95.4049562,93.41822579,90.19096142,92.77849485,90.19096142
2004,90.12359811,92.77903221,90.19144965,93.4187753,95.40554342,93.4187753,90.19144965,92.77903221,90.19144965
2005,90.12408457,92.77956905,90.1919374,93.41932427,95.40613008,93.41932427,90.1919374,92.77956905,90.1919374
2006,90.12457058,92.78010537,90.19242469,93.41987272,95.40671618,93.41987272,90.19242469,92.78010537,90.19242469
2007,90.12505611,92.78064118,90.19291151,93.42042064,95.40730172,93.42042064,90.19291151,92.78064118,90.19291151
2008,90.12554118,92.78117648,90.19339787,93.42096804,95.40788669,93.42096804,90.19339787,92.78117648,90.19339787
2009,90.12602579,92.78171126,90.19388375,93.42151491,95.40847111,93.42151491,90.19388375,92.78171126,90.19388375
2010,90.12650993,92.78224554,90.19436918,93.42206126,95.40905496,93.42206126,90.19436918,92.78224554,90.19436918
2011,90.12699361,92.7827793,90.19485414,93.42260709,95.40963826,93.42260709,90.19485414,92.7827793,90.19485414
2012,90.12747683,92.78331255,90.19533863,93.42315239,95.410221,93.42315239,90.19533863,92.78331255,90.19533863
2013,90.12795959,92.78384529,90.19582266,93.42369717,95.41080318,93.42369717,90.19582266,92.78384529,90.19582266
2014,90.12844188,92.78437752,90.19630623,93.42424144,95.4113848,93.42424144,90.19630623,92.78437752,90.19630623
2015,90.12892371,92.78490924,90.19678934,93.42478518,95.41196587,93.42478518,90.19678934,92.78490924,90.19678934
2016,90.12940509,92.78544046,90.19727199,93.4253284,95.41254639,93.4253284,90.19727199,92.78544046,90.19727199
2017,90.129886,92.78597117,90.19775418,93.42587111,95.41312635,93.42587111,90.19775418,92.78597117,90.19775418
2018,90.13036646,92.78650137,90.1982359,93.4264133,95.41370576,93.4264133,90.1982359,92.78650137,90.1982359
2019,90.13084645,92.78703107,90.19871717,93.42695497,95.41428462,93.42695497,90.19871717,92.78703107,90.19871717
2020,90.13132599,92.78756026,90.19919798,93.42749612,95.41486292,93.42749612,90.19919798,92.78756026,90.19919798
2021,90.13180508,92.78808895,90.19967833,93.42803676,95.41544068,93.42803676,90.19967833,92.78808895,90.19967833
2022,90.1322837,92.78861714,90.20015822,93.42857689,95.41601788,93.42857689,90.20015822,92.78861714,90.20015822
2023,90.13276188,92.78914482,90.20063766,93.4291165,95.41659453,93.4291165,90.20063766,92.78914482,90.20063766
2024,90.13323959,92.789672,90.20111664,93.4296556,95.41717064,93.4296556,90.20111664,92.789672,90.20111664
2025,90.13371686,92.79019868,90.20159517,93.43019418,95.4177462,93.43019418,90.20159517,92.79019868,90.20159517
2026,90.13419367,92.79072486,90.20207324,93.43073226,95.41832121,93.43073226,90.20207324,92.79072486,90.20207324
2027,90.13467002,92.79125054,90.20255086,93.43126982,95.41889568,93.43126982,90.20255086,92.79125054,90.20255086
2028,90.13514593,92.79177572,90.20302802,93.43180687,95.4194696,93.43180687,90.20302802,92.79177572,90.20302802
2029,90.13562138,92.79230041,90.20350473,93.43234342,95.42004298,93.43234342,90.20350473,92.79230041,90.20350473
2030,90.13609639,92.79282459,90.20398099,93.43287945,95.42061581,93.43287945,90.20398099,92.79282459,90.20398099
2031,90.13657094,92.79334828,90.2044568,93.43341498,95.4211881,93.43341498,90.2044568,92.79334828,90.2044568
2032,90.13704504,92.79387147,90.20493216,93.43395,95.42175985,93.43395,90.20493216,92.79387147,90.20493216
2033,90.1375187,92.79439417,90.20540706,93.43448451,95.42233106,93.43448451,90.20540706,92.79439417,90.20540706
2034,90.1379919,92.79491637,90.20588152,93.43501852,95.42290172,93.43501852,90.20588152,92.79491637,90.20588152
2035,90.13846466,92.79543808,90.20635553,93.43555202,95.42347185,93.43555202,90.20635553,92.79543808,90.20635553
2036,90.13893697,92.7959593,90.20682909,93.43608502,95.42404143,93.43608502,90.20682909,92.7959593,90.20682909
2037,90.13940884,92.79648002,90.20730221,93.43661751,95.42461048,93.43661751,90.20730221,92.79648002,90.20730221
2038,90.13988025,92.79700025,90.20777487,93.4371495,95.42517899,93.4371495,90.20777487,92.79700025,90.20777487
2039,90.14035123,92.79751999,90.20824709,93.43768099,95.42574697,93.43768099,90.20824709,92.79751999,90.20824709
2040,90.14082176,92.79803924,90.20871887,93.43821198,95.42631441,93.43821198,90.20871887,92.79803924,90.20871887
2041,90.14129184,92.798558,90.2091902,93.43874246,95.42688131,93.43874246,90.2091902,92.798558,90.2091902
2042,90.14176149,92.79907627,90.20966108,93.43927245,95.42744768,93.43927245,90.20966108,92.79907627,90.20966108
2043,90.14223069,92.79959405,90.21013152,93.43980194,95.42801351,93.43980194,90.21013152,92.79959405,90.21013152
2044,90.14269944,92.80011135,90.21060152,93.44033092,95.42857882,93.44033092,90.21060152,92.80011135,90.21060152
2045,90.14316776,92.80062815,90.21107108,93.44085941,95.42914359,93.44085941,90.21107108,92.80062815,90.21107108
2046,90.14363564,92.80114447,90.21154019,93.4413874,95.42970782,93.4413874,90.21154019,92.80114447,90.21154019
2047,90.14410307,92.80166031,90.21200886,93.4419149,95.43027153,93.4419149,90.21200886,92.80166031,90.21200886
2048,90.14457007,92.80217566,90.21247709,93.4424419,95.43083471,93.4424419,90.21247709,92.80217566,90.21247709
2049,90.14503663,92.80269053,90.21294488,93.4429684,95.43139736,93.4429684,90.21294488,92.80269053,90.21294488
2050,90.14550274,92.80320491,90.21341224,93.44349441,95.43195948,93.44349441,90.21341224,92.80320491,90.21341224
2051,90.14596843,92.80371881,90.21387915,93.44401993,95.43252107,93.44401993,90.21387915,92.80371881,90.21387915
2052,90.14643367,92.80423222,90.21434563,93.44454495,95.43308213,93.44454495,90.21434563,92.80423222,90.21434563
2053,90.14689848,92.80474516,90.21481166,93.44506948,95.43364267,93.44506948,90.21481166,92.80474516,90.21481166
2054,90.14736285,92.80525761,90.21527726,93.44559352,95.43420269,93.44559352,90.21527726,92.80525761,90.21527726
2055,90.14782679,92.80576959,90.21574243,93.44611707,95.43476217,93.44611707,90.21574243,92.80576959,90.21574243
2056,90.14829029,92.80628108,90.21620716,93.44664013,95.43532114,93.44664013,90.21620716,92.80628108,90.21620716
2057,90.14875336,92.8067921,90.21667145,93.44716269,95.43587958,93.44716269,90.21667145,92.8067921,90.21667145
2058,90.14921599,92.80730264,90.21713531,93.44768477,95.4364375,93.44768477,90.21713531,92.80730264,90.21713531
2059,90.1496782,92.8078127,90.21759874,93.44820636,95.43699489,93.44820636,90.21759874,92.8078127,90.21759874
2060,90.15013997,92.80832228,90.21806173,93.44872746,95.43755177,93.44872746,90.21806173,92.80832228,90.21806173
2061,90.15060131,92.80883139,90.21852429,93.44924808,95.43810812,93.44924808,90.21852429,92.80883139,90.21852429
2062,90.15106221,92.80934002,90.21898642,93.44976821,95.43866396,93.44976821,90.21898642,92.80934002,90.21898642
2063,90.15152269,92.80984818,90.21944811,93.45028785,95.43921928,93.45028785,90.21944811,92.80984818,90.21944811
2064,90.15198274,92.81035586,90.21990938,93.45080701,95.43977407,93.45080701,90.21990938,92.81035586,90.21990938
2065,90.15244236,92.81086307,90.22037021,93.45132568,95.44032835,93.45132568,90.22037021,92.81086307,90.22037021
2066,90.15290155,92.8113698,90.22083062,93.45184387,95.44088212,93.45184387,90.22083062,92.8113698,90.22083062
2067,90.15336031,92.81187607,90.22129059,93.45236158,95.44143537,93.45236158,90.22129059,92.81187607,90.22129059
2068,90.15381865,92.81238186,90.22175014,93.45287881,95.4419881,93.45287881,90.22175014,92.81238186,90.22175014
2069,90.15427656,92.81288718,90.22220926,93.45339555,95.44254032,93.45339555,90.22220926,92.81288718,90.22220926
2070,90.15473404,92.81339203,90.22266795,93.45391182,95.44309202,93.45391182,90.22266795,92.81339203,90.22266795
2071,90.15519109,92.81389641,90.22312622,93.4544276,95.44364321,93.4544276,90.22312622,92.81389641,90.22312622
2072,90.15564773,92.81440033,90.22358406,93.4549429,95.44419389,93.4549429,90.22358406,92.81440033,90.22358406
2073,90.15610393,92.81490377,90.22404148,93.45545773,95.44474406,93.45545773,90.22404148,92.81490377,90.22404148
2074,90.15655972,92.81540675,90.22449846,93.45597207,95.44529371,93.45597207,90.22449846,92.81540675,90.22449846
2075,90.15701508,92.81590926,90.22495503,93.45648594,95.44584286,93.45648594,90.22495503,92.81590926,90.22495503
2076,90.15747002,92.8164113,90.22541117,93.45699933,95.4463915,93.45699933,90.22541117,92.8164113,90.22541117
2077,90.15792453,92.81691288,90.22586689,93.45751225,95.44693962,93.45751225,90.22586689,92.81691288,90.22586689
2078,90.15837863,92.81741399,90.22632219,93.45802469,95.44748724,93.45802469,90.22632219,92.81741399,90.22632219
2079,90.1588323,92.81791464,90.22677706,93.45853666,95.44803435,93.45853666,90.22677706,92.81791464,90.22677706
2080,90.15928556,92.81841483,90.22723151,93.45904815,95.44858096,93.45904815,90.22723151,92.81841483,90.22723151
2081,90.15973839,92.81891455,90.22768555,93.45955917,95.44912706,93.45955917,90.22768555,92.81891455,90.22768555
2082,90.16019081,92.81941381,90.22813916,93.46006971,95.44967265,93.46006971,90.22813916,92.81941381,90.22813916
2083,90.1606428,92.8199126,90.22859235,93.46057978,95.45021774,93.46057978,90.22859235,92.8199126,90.22859235
2084,90.16109438,92.82041094,90.22904512,93.46108938,95.45076232,93.46108938,90.22904512,92.82041094,90.22904512
2085,90.16154554,92.82090882,90.22949748,93.46159851,95.4513064,93.46159851,90.22949748,92.82090882,90.22949748
2086,90.16199629,92.82140623,90.22994942,93.46210717,95.45184998,93.46210717,90.22994942,92.82140623,90.22994942
2087,90.16244661,92.82190319,90.23040094,93.46261536,95.45239306,93.46261536,90.23040094,92.82190319,90.23040094
2088,90.16289653,92.82239969,90.23085204,93.46312309,95.45293563,93.46312309,90.23085204,92.82239969,90.23085204
2089,90.16334603,92.82289573,90.23130273,93.46363034,95.45347771,93.46363034,90.23130273,92.82289573,90.23130273
2090,90.16379511,92.82339131,90.231753,93.46413712,95.45401929,93.46413712,90.231753,92.82339131,90.231753
2091,90.16424378,92.82388644,90.23220286,93.46464344,95.45456036,93.46464344,90.23220286,92.82388644,90.23220286
2092,90.16469204,92.82438111,90.2326523,93.46514929,95.45510094,93.46514929,90.2326523,92.82438111,90.2326523
2093,90.16513988,92.82487532,90.23310133,93.46565468,95.45564102,93.46565468,90.23310133,92.82487532,90.23310133
2094,90.16558731,92.82536908,90.23354994,93.4661596,95.4561806,93.4661596,90.23354994,92.82536908,90.23354994
2095,90.16603433,92.82586239,90.23399814,93.46666406,95.45671969,93.46666406,90.23399814,92.82586239,90.23399814
2096,90.16648094,92.82635524,90.23444593,93.46716805,95.45725828,93.46716805,90.23444593,92.82635524,90.23444593
2097,90.16692714,92.82684764,90.23489331,93.46767158,95.45779638,93.46767158,90.23489331,92.82684764,90.23489331
2098,90.16737293,92.82733958,90.23534028,93.46817465,95.45833398,93.46817465,90.23534028,92.82733958,90.23534028
2099,90.16781831,92.82783108,90.23578684,93.46867725,95.45887109,93.46867725,90.23578684,92.82783108,90.23578684
2100,90.16826328,92.82832212,90.23623299,93.4691794,95.4594077,93.4691794,90.23623299,92.82832212,90.23623299
2101,90.16870784,92.82881271,90.23667873,93.46968108,95.45994383,93.46968108,90.23667873,92.82881271,90.23667873
2102,90.16915199,92.82930286,90.23712406,93.4701823,95.46047946,93.4701823,90.23712406,92.82930286,90.23712406
2103,90.16959574,92.82979255,90.23756898,93.47068307,95.4610146,93.47068307,90.23756898,92.82979255,90.23756898
2104,90.17003908,92.8302818,90.23801349,93.47118337,95.46154925,93.47118337,90.23801349,92.8302818,90.23801349
2105,90.17048202,92.8307706,90.2384576,93.47168322,95.46208341,93.47168322,90.2384576,92.8307706,90.2384576
2106,90.17092455,92.83125895,90.2389013,93.47218261,95.46261708,93.47218261,90.2389013,92.83125895,90.2389013
2107,90.17136667,92.83174685,90.23934459,93.47268154,95.46315027,93.47268154,90.23934459,92.83174685,90.23934459
2108,90.17180839,92.83223431,90.23978748,93.47318002,95.46368296,93.47318002,90.23978748,92.83223431,90.23978748
2109,90.17224971,92.83272132,90.24022997,93.47367804,95.46421517,93.47367804,90.24022997,92.83272132,90.24022997
2110,90.17269062,92.83320789,90.24067205,93.4741756,95.46474689,93.4741756,90.24067205,92.83320789,90.24067205
2111,90.17313113,92.83369401,90.24111372,93.47467271,95.46527813,93.47467271,90.24111372,92.83369401,90.24111372
2112,90.17357124,92.83417969,90.241555,93.47516937,95.46580888,93.47516937,90.241555,92.83417969,90.241555
2113,90.17401095,92.83466493,90.24199587,93.47566558,95.46633915,93.47566558,90.24199587,92.83466493,90.24199587
2114,90.17445026,92.83514972,90.24243634,93.47616133,95.46686894,93.47616133,90.24243634,92.83514972,90.24243634
2115,90.17488916,92.83563407,90.2428764,93.47665663,95.46739824,93.47665663,90.2428764,92.83563407,90.2428764
2116,90.17532767,92.83611798,90.24331607,93.47715148,95.46792706,93.47715148,90.24331607,92.83611798,90.24331607
2117,90.17576578,92.83660145,90.24375534,93.47764588,95.4684554,93.47764588,90.24375534,92.83660145,90.24375534
2118,90.17620349,92.83708448,90.2441942,93.47813982,95.46898326,93.47813982,90.2441942,92.83708448,90.2441942
2119,90.1766408,92.83756707,90.24463267,93.47863332,95.46951063,93.47863332,90.24463267,92.83756707,90.24463267
2120,90.17707771,92.83804922,90.24507074,93.47912637,95.47003753,93.47912637,90.24507074,92.83804922,90.24507074
2121,90.17751422,92.83853093,90.24550841,93.47961898,95.47056395,93.47961898,90.24550841,92.83853093,90.24550841
2122,90.17795034,92.83901221,90.24594568,93.48011113,95.47108989,93.48011113,90.24594568,92.83901221,90.24594568
2123,90.17838606,92.83949305,90.24638256,93.48060284,95.47161535,93.48060284,90.24638256,92.83949305,90.24638256
2124,90.17882139,92.83997345,90.24681904,93.4810941,95.47214034,93.4810941,90.24681904,92.83997345,90.24681904
2125,90.17925632,92.84045342,90.24725512,93.48158491,95.47266485,93.48158491,90.24725512,92.84045342,90.24725512
2126,90.17969086,92.84093295,90.2476908,93.48207528,95.47318888,93.48207528,90.2476908,92.84093295,90.2476908
2127,90.180125,92.84141204,90.2481261,93.48256521,95.47371244,93.48256521,90.2481261,92.84141204,90.2481261
2128,90.18055875,92.8418907,90.24856099,93.48305469,95.47423552,93.48305469,90.24856099,92.8418907,90.24856099
2129,90.18099211,92.84236893,90.2489955,93.48354373,95.47475813,93.48354373,90.2489955,92.84236893,90.2489955
2130,90.18142508,92.84284673,90.24942961,93.48403233,95.47528027,93.48403233,90.24942961,92.84284673,90.24942961
2131,90.18185765,92.84332409,90.24986333,93.48452048,95.47580194,93.48452048,90.24986333,92.84332409,90.24986333
2132,90.18228983,92.84380102,90.25029665,93.48500819,95.47632313,93.48500819,90.25029665,92.84380102,90.25029665
2133,90.18272162,92.84427752,90.25072959,93.48549546,95.47684385,93.48549546,90.25072959,92.84427752,90.25072959
2134,90.18315302,92.84475359,90.25116213,93.48598229,95.4773641,93.48598229,90.25116213,92.84475359,90.25116213
2135,90.18358403,92.84522923,90.25159428,93.48646868,95.47788388,93.48646868,90.25159428,92.84522923,90.25159428
2136,90.18401466,92.84570444,90.25202604,93.48695464,95.47840319,93.48695464,90.25202604,92.84570444,90.25202604
2137,90.18444489,92.84617922,90.25245741,93.48744015,95.47892204,93.48744015,90.25245741,92.84617922,90.25245741
2138,90.18487474,92.84665357,90.2528884,93.48792523,95.47944041,93.48792523,90.2528884,92.84665357,90.2528884
2139,90.18530419,92.8471275,90.25331899,93.48840986,95.47995832,93.48840986,90.25331899,92.8471275,90.25331899
2140,90.18573327,92.847601,90.2537492,93.48889406,95.48047576,93.48889406,90.2537492,92.847601,90.2537492
2141,90.18616195,92.84807407,90.25417902,93.48937783,95.48099274,93.48937783,90.25417902,92.84807407,90.25417902
2142,90.18659025,92.84854671,90.25460845,93.48986116,95.48150925,93.48986116,90.25460845,92.84854671,90.25460845
2143,90.18701816,92.84901893,90.25503749,93.49034405,95.48202529,93.49034405,90.25503749,92.84901893,90.25503749
2144,90.18744569,92.84949073,90.25546615,93.49082651,95.48254087,93.49082651,90.25546615,92.84949073,90.25546615
2145,90.18787283,92.8499621,90.25589443,93.49130854,95.48305599,93.49130854,90.25589443,92.8499621,90.25589443
2146,90.18829959,92.85043305,90.25632231,93.49179013,95.48357064,93.49179013,90.25632231,92.85043305,90.25632231
2147,90.18872597,92.85090357,90.25674982,93.49227129,95.48408484,93.49227129,90.25674982,92.85090357,90.25674982
2148,90.18915196,92.85137367,90.25717694,93.49275202,95.48459857,93.49275202,90.25717694,92.85137367,90.25717694
2149,90.18957757,92.85184335,90.25760368,93.49323232,95.48511183,93.49323232,90.25760368,92.85184335,90.25760368
2150,90.1900028,92.85231261,90.25803003,93.49371219,95.48562464,93.49371219,90.25803003,92.85231261,90.25803003
2151,90.19042765,92.85278145,90.258456,93.49419162,95.48613699,93.49419162,90.258456,92.85278145,90.258456
2152,90.19085212,92.85324987,90.25888159,93.49467063,95.48664888,93.49467063,90.25888159,92.85324987,90.25888159
2153,90.1912762,92.85371787,90.2593068,93.4951492,95.48716031,93.4951492,90.2593068,92.85371787,90.2593068
2154,90.19169991,92.85418544,90.25973163,93.49562735,95.48767128,93.49562735,90.25973163,92.85418544,90.25973163
2155,90.19212324,92.8546526,90.26015608,93.49610507,95.4881818,93.49610507,90.26015608,92.8546526,90.26015608
2156,90.19254619,92.85511935,90.26058014,93.49658237,95.48869186,93.49658237,90.26058014,92.85511935,90.26058014
2157,90.19296876,92.85558567,90.26100383,93.49705923,95.48920146,93.49705923,90.26100383,92.85558567,90.26100383
2158,90.19339095,92.85605158,90.26142714,93.49753567,95.4897106,93.49753567,90.26142714,92.85605158,90.26142714
2159,90.19381277,92.85651707,90.26185007,93.49801168,95.4902193,93.49801168,90.26185007,92.85651707,90.26185007
2160,90.19423421,92.85698215,90.26227263,93.49848727,95.49072753,93.49848727,90.26227263,92.85698215,90.26227263
2161,90.19465527,92.85744681,90.26269481,93.49896244,95.49123532,93.49896244,90.26269481,92.85744681,90.26269481
2162,90.19507596,92.85791105,90.26311661,93.49943718,95.49174265,93.49943718,90.26311661,92.85791105,90.26311661
2163,90.19549627,92.85837488,90.26353803,93.49991149,95.49224953,93.49991149,90.26353803,92.85837488,90.26353803
2164,90.1959162,92.8588383,90.26395908,93.50038539,95.49275595,93.50038539,90.26395908,92.8588383,90.26395908
2165,90.19633577,92.85930131,90.26437975,93.50085886,95.49326193,93.50085886,90.26437975,92.85930131,90.26437975
2166,90.19675496,92.8597639,90.26480005,93.50133191,95.49376745,93.50133191,90.26480005,92.8597639,90.26480005
2167,90.19717377,92.86022608,90.26521997,93.50180454,95.49427252,93.50180454,90.26521997,92.86022608,90.26521997
2168,90.19759221,92.86068785,90.26563952,93.50227674,95.49477715,93.50227674,90.26563952,92.86068785,90.26563952
2169,90.19801029,92.86114921,90.2660587,93.50274853,95.49528132,93.50274853,90.2660587,92.86114921,90.2660587
2170,90.19842798,92.86161016,90.2664775,93.5032199,95.49578505,93.5032199,90.2664775,92.86161016,90.2664775
2171,90.19884531,92.8620707,90.26689593,93.50369085,95.49628833,93.50369085,90.26689593,92.8620707,90.26689593
2172,90.19926227,92.86253083,90.26731399,93.50416138,95.49679116,93.50416138,90.26731399,92.86253083,90.26731399
2173,90.19967886,92.86299055,90.26773168,93.50463149,95.49729355,93.50463149,90.26773168,92.86299055,90.26773168
2174,90.20009507,92.86344986,90.268149,93.50510119,95.49779549,93.50510119,90.268149,92.86344986,90.268149
2175,90.20051092,92.86390877,90.26856595,93.50557047,95.49829698,93.50557047,90.26856595,92.86390877,90.26856595
2176,90.2009264,92.86436727,90.26898253,93.50603933,95.49879803,93.50603933,90.26898253,92.86436727,90.26898253
2177,90.20134151,92.86482536,90.26939874,93.50650778,95.49929864,93.50650778,90.26939874,92.86482536,90.26939874
2178,90.20175625,92.86528304,90.26981458,93.50697581,95.4997988,93.50697581,90.26981458,92.86528304,90.26981458
2179,90.20217063,92.86574033,90.27023005,93.50744343,95.50029852,93.50744343,90.27023005,92.86574033,90.27023005
2180,90.20258464,92.8661972,90.27064515,93.50791063,95.5007978,93.50791063,90.27064515,92.8661972,90.27064515
2181,90.20299828,92.86665367,90.27105989,93.50837742,95.50129663,93.50837742,90.27105989,92.86665367,90.27105989
2182,90.20341156,92.86710974,90.27147426,93.5088438,95.50179502,93.5088438,90.27147426,92.86710974,90.27147426
2183,90.20382447,92.86756541,90.27188826,93.50930976,95.50229298,93.50930976,90.27188826,92.86756541,90.27188826
2184,90.20423701,92.86802067,90.2723019,93.50977532,95.50279049,93.50977532,90.2723019,92.86802067,90.2723019
2185,90.20464919,92.86847553,90.27271517,93.51024046,95.50328756,93.51024046,90.27271517,92.86847553,90.27271517
2186,90.20506101,92.86892999,90.27312808,93.51070519,95.5037842,93.51070519,90.27312808,92.86892999,90.27312808
2187,90.20547247,92.86938404,90.27354062,93.51116951,95.50428039,93.51116951,90.27354062,92.86938404,90.27354062
2188,90.20588356,92.8698377,90.2739528,93.51163342,95.50477615,93.51163342,90.2739528,92.8698377,90.2739528
2189,90.20629429,92.87029096,90.27436462,93.51209693,95.50527147,93.51209693,90.27436462,92.87029096,90.27436462
2190,90.20670465,92.87074382,90.27477607,93.51256002,95.50576636,93.51256002,90.27477607,92.87074382,90.27477607
2191,90.20711466,92.87119627,90.27518716,93.51302271,95.50626081,93.51302271,90.27518716,92.87119627,90.27518716
2192,90.2075243,92.87164833,90.27559789,93.51348499,95.50675482,93.51348499,90.27559789,92.87164833,90.27559789
2193,90.20793359,92.8721,90.27600826,93.51394686,95.5072484,93.51394686,90.27600826,92.8721,90.27600826
2194,90.20834251,92.87255126,90.27641826,93.51440832,95.50774155,93.51440832,90.27641826,92.87255126,90.27641826
2195,90.20875108,92.87300213,90.27682791,93.51486938,95.50823426,93.51486938,90.27682791,92.87300213,90.27682791
2196,90.20915928,92.8734526,90.27723719,93.51533004,95.50872653,93.51533004,90.27723719,92.8734526,90.27723719
2197,90.20956713,92.87390268,90.27764612,93.51579029,95.50921838,93.51579029,90.27764612,92.87390268,90.27764612
2198,90.20997462,92.87435236,90.27805468,93.51625013,95.50970979,93.51625013,90.27805468,92.87435236,90.27805468
2199,90.21038175,92.87480164,90.27846289,93.51670957,95.51020077,93.51670957,90.27846289,92.87480164,90.27846289
2200,90.21078852,92.87525053,90.27887074,93.51716861,95.51069133,93.51716861,90.27887074,92.87525053,90.27887074
2201,90.21119494,92.87569903,90.27927823,93.51762725,95.51118145,93.51762725,90.27927823,92.87569903,90.27927823
2202,90.211601,92.87614714,90.27968537,93.51808548,95.51167114,93.51808548,90.27968537,92.87614714,90.27968537
2203,90.2120067,92.87659485,90.28009214,93.51854331,95.5121604,93.51854331,90.28009214,92.87659485,90.28009214
2204,90.21241205,92.87704217,90.28049856,93.51900075,95.51264923,93.51900075,90.28049856,92.87704217,90.28049856
2205,90.21281704,92.8774891,90.28090463,93.51945778,95.51313764,93.51945778,90.28090463,92.8774891,90.28090463
2206,90.21322168,92.87793563,90.28131034,93.51991441,95.51362562,93.51991441,90.28131034,92.87793563,90.28131034
2207,90.21362597,92.87838178,90.28171569,93.52037064,95.51411317,93.52037064,90.28171569,92.87838178,90.28171569
2208,90.2140299,92.87882753,90.2821207,93.52082647,95.51460029,93.52082647,90.2821207,92.87882753,90.2821207
2209,90.21443348,92.8792729,90.28252534,93.5212819,95.51508699,93.5212819,90.28252534,92.8792729,90.28252534
2210,90.2148367,92.87971788,90.28292964,93.52173694,95.51557326,93.52173694,90.28292964,92.87971788,90.28292964
2211,90.21523958,92.88016247,90.28333358,93.52219158,95.51605911,93.52219158,90.28333358,92.88016247,90.28333358
2212,90.2156421,92.88060667,90.28373716,93.52264582,95.51654454,93.52264582,90.28373716,92.88060667,90.28373716
2213,90.21604427,92.88105048,90.2841404,93.52309967,95.51702954,93.52309967,90.2841404,92.88105048,90.2841404
2214,90.21644609,92.88149391,90.28454328,93.52355312,95.51751412,93.52355312,90.28454328,92.88149391,90.28454328
2215,90.21684756,92.88193695,90.28494581,93.52400617,95.51799827,93.52400617,90.28494581,92.88193695,90.28494581
2216,90.21724868,92.8823796,90.285348,93.52445883,95.51848201,93.52445883,90.285348,92.8823796,90.285348
2217,90.21764946,92.88282187,90.28574983,93.5249111,95.51896532,93.5249111,90.28574983,92.88282187,90.28574983
2218,90.21804988,92.88326375,90.28615131,93.52536297,95.51944821,93.52536297,90.28615131,92.88326375,90.28615131
2219,90.21844995,92.88370525,90.28655244,93.52581445,95.51993069,93.52581445,90.28655244,92.88370525,90.28655244
2220,90.21884968,92.88414636,90.28695322,93.52626553,95.52041274,93.52626553,90.28695322,92.88414636,90.28695322
2221,90.21924906,92.88458709,90.28735366,93.52671622,95.52089437,93.52671622,90.28735366,92.88458709,90.28735366
2222,90.21964809,92.88502744,90.28775375,93.52716653,95.52137558,93.52716653,90.28775375,92.88502744,90.28775375
2223,90.22004677,92.88546741,90.28815349,93.52761644,95.52185638,93.52761644,90.28815349,92.88546741,90.28815349
2224,90.22044511,92.88590699,90.28855288,93.52806596,95.52233676,93.52806596,90.28855288,92.88590699,90.28855288
2225,90.2208431,92.88634619,90.28895192,93.52851509,95.52281672,93.52851509,90.28895192,92.88634619,90.28895192
2226,90.22124075,92.88678501,90.28935062,93.52896383,95.52329627,93.52896383,90.28935062,92.88678501,90.28935062
2227,90.22163805,92.88722345,90.28974898,93.52941218,95.5237754,93.52941218,90.28974898,92.88722345,90.28974898
2228,90.22203501,92.88766151,90.29014698,93.52986014,95.52425411,93.52986014,90.29014698,92.88766151,90.29014698
2229,90.22243162,92.88809919,90.29054465,93.53030771,95.52473241,93.53030771,90.29054465,92.88809919,90.29054465
2230,90.22282789,92.88853649,90.29094197,93.5307549,95.5252103,93.5307549,90.29094197,92.88853649,90.29094197
2231,90.22322382,92.88897342,90.29133894,93.5312017,95.52568777,93.5312017,90.29133894,92.88897342,90.29133894
2232,90.22361941,92.88940996,90.29173557,93.53164811,95.52616483,93.53164811,90.29173557,92.88940996,90.29173557
2233,90.22401465,92.88984613,90.29213186,93.53209414,95.52664147,93.53209414,90.29213186,92.88984613,90.29213186
2234,90.22440955,92.89028192,90.29252781,93.53253978,95.52711771,93.53253978,90.29252781,92.89028192,90.29252781
2235,90.22480411,92.89071733,90.29292341,93.53298503,95.52759353,93.53298503,90.29292341,92.89071733,90.29292341
2236,90.22519833,92.89115237,90.29331867,93.53342991,95.52806894,93.53342991,90.29331867,92.89115237,90.29331867
2237,90.22559221,92.89158703,90.29371359,93.53387439,95.52854394,93.53387439,90.29371359,92.89158703,90.29371359
2238,90.22598574,92.89202132,90.29410817,93.5343185,95.52901853,93.5343185,90.29410817,92.89202132,90.29410817
2239,90.22637894,92.89245523,90.29450241,93.53476222,95.52949271,93.53476222,90.29450241,92.89245523,90.29450241
2240,90.2267718,92.89288877,90.29489631,93.53520555,95.52996648,93.53520555,90.29489631,92.89288877,90.29489631
2241,90.22716432,92.89332193,90.29528987,93.53564851,95.53043985,93.53564851,90.29528987,92.89332193,90.29528987
2242,90.22755651,92.89375472,90.29568309,93.53609108,95.5309128,93.53609108,90.29568309,92.89375472,90.29568309
2243,90.22794835,92.89418714,90.29607597,93.53653328,95.53138535,93.53653328,90.29607597,92.89418714,90.29607597
2244,90.22833986,92.89461919,90.29646852,93.53697509,95.53185749,93.53697509,90.29646852,92.89461919,90.29646852
2245,90.22873103,92.89505086,90.29686072,93.53741652,95.53232923,93.53741652,90.29686072,92.89505086,90.29686072
2246,90.22912187,92.89548216,90.29725259,93.53785757,95.53280056,93.53785757,90.29725259,92.89548216,90.29725259
2247,90.22951236,92.89591309,90.29764412,93.53829824,95.53327148,93.53829824,90.29764412,92.89591309,90.29764412
2248,90.22990253,92.89634365,90.29803532,93.53873854,95.533742,93.53873854,90.29803532,92.89634365,90.29803532
2249,90.23029236,92.89677385,90.29842618,93.53917845,95.53421212,93.53917845,90.29842618,92.89677385,90.29842618
2250,90.23068185,92.89720367,90.2988167,93.53961799,95.53468183,93.53961799,90.2988167,92.89720367,90.2988167
2251,90.23107101,92.89763312,90.29920689,93.54005715,95.53515114,93.54005715,90.29920689,92.89763312,90.29920689
2252,90.23145983,92.89806221,90.29959674,93.54049594,95.53562005,93.54049594,90.29959674,92.89806221,90.29959674
2253,90.23184832,92.89849092,90.29998626,93.54093435,95.53608855,93.54093435,90.29998626,92.89849092,90.29998626
2254,90.23223648,92.89891927,90.30037545,93.54137238,95.53655665,93.54137238,90.30037545,92.89891927,90.30037545
2255,90.23262431,92.89934726,90.3007643,93.54181003,95.53702435,93.54181003,90.3007643,92.89934726,90.3007643
2256,90.2330118,92.89977487,90.30115282,93.54224732,95.53749165,93.54224732,90.30115282,92.89977487,90.30115282
2257,90.23339896,92.90020212,90.30154101,93.54268422,95.53795855,93.54268422,90.30154101,92.90020212,90.30154101
2258,90.23378579,92.900629,90.30192886,93.54312076,95.53842506,93.54312076,90.30192886,92.900629,90.30192886
2259,90.23417229,92.90105552,90.30231638,93.54355692,95.53889116,93.54355692,90.30231638,92.90105552,90.30231638
2260,90.23455846,92.90148168,90.30270357,93.5439927,95.53935686,93.5439927,90.30270357,92.90148168,90.30270357
2261,90.2349443,92.90190747,90.30309043,93.54442812,95.53982217,93.54442812,90.30309043,92.90190747,90.30309043
2262,90.23532981,92.90233289,90.30347696,93.54486316,95.54028708,93.54486316,90.30347696,92.90233289,90.30347696
2263,90.23571499,92.90275796,90.30386316,93.54529783,95.54075159,93.54529783,90.30386316,92.90275796,90.30386316
2264,90.23609985,92.90318266,90.30424903,93.54573214,95.5412157,93.54573214,90.30424903,92.90318266,90.30424903
2265,90.23648437,92.903607,90.30463457,93.54616607,95.54167942,93.54616607,90.30463457,92.903607,90.30463457
2266,90.23686856,92.90403097,90.30501979,93.54659963,95.54214274,93.54659963,90.30501979,92.90403097,90.30501979
2267,90.23725243,92.90445459,90.30540467,93.54703282,95.54260567,93.54703282,90.30540467,92.90445459,90.30540467
2268,90.23763597,92.90487784,90.30578922,93.54746564,95.54306821,93.54746564,90.30578922,92.90487784,90.30578922
2269,90.23801919,92.90530073,90.30617345,93.54789809,95.54353035,93.54789809,90.30617345,92.90530073,90.30617345
2270,90.23840208,92.90572327,90.30655735,93.54833017,95.54399209,93.54833017,90.30655735,92.90572327,90.30655735
2271,90.23878464,92.90614544,90.30694093,93.54876189,95.54445345,93.54876189,90.30694093,92.90614544,90.30694093
2272,90.23916687,92.90656726,90.30732418,93.54919324,95.54491441,93.54919324,90.30732418,92.90656726,90.30732418
2273,90.23954879,92.90698871,90.3077071,93.54962422,95.54537498,93.54962422,90.3077071,92.90698871,90.3077071
2274,90.23993037,92.90740981,90.3080897,93.55005484,95.54583516,93.55005484,90.3080897,92.90740981,90.3080897
2275,90.24031164,92.90783055,90.30847197,93.55048509,95.54629494,93.55048509,90.30847197,92.90783055,90.30847197
2276,90.24069258,92.90825093,90.30885391,93.55091498,95.54675434,93.55091498,90.30885391,92.90825093,90.30885391
2277,90.24107319,92.90867096,90.30923554,93.5513445,95.54721335,93.5513445,90.30923554,92.90867096,90.30923554
2278,90.24145349,92.90909063,90.30961684,93.55177365,95.54767196,93.55177365,90.30961684,92.90909063,90.30961684
2279,90.24183346,92.90950994,90.30999781,93.55220244,95.54813019,93.55220244,90.30999781,92.90950994,90.30999781
2280,90.2422131,92.9099289,90.31037846,93.55263087,95.54858803,93.55263087,90.31037846,92.9099289,90.31037846
2281,90.24259243,92.9103475,90.3107588,93.55305894,95.54904548,93.55305894,90.3107588,92.9103475,90.3107588
2282,90.24297144,92.91076575,90.3111388,93.55348664,95.54950255,93.55348664,90.3111388,92.91076575,90.3111388
2283,90.24335012,92.91118364,90.31151849,93.55391398,95.54995922,93.55391398,90.31151849,92.91118364,90.31151849
2284,90.24372848,92.91160119,90.31189785,93.55434096,95.55041551,93.55434096,90.31189785,92.91160119,90.31189785
2285,90.24410653,92.91201837,90.3122769,93.55476758,95.55087142,93.55476758,90.3122769,92.91201837,90.3122769
2286,90.24448425,92.91243521,90.31265562,93.55519384,95.55132694,93.55519384,90.31265562,92.91243521,90.31265562
2287,90.24486166,92.91285169,90.31303403,93.55561973,95.55178207,93.55561973,90.31303403,92.91285169,90.31303403
2288,90.24523874,92.91326782,90.31341211,93.55604527,95.55223682,93.55604527,90.31341211,92.91326782,90.31341211
2289,90.24561551,92.9136836,90.31378987,93.55647045,95.55269119,93.55647045,90.31378987,92.9136836,90.31378987
2290,90.24599196,92.91409903,90.31416732,93.55689527,95.55314517,93.55689527,90.31416732,92.91409903,90.31416732
2291,90.24636809,92.91451411,90.31454445,93.55731973,95.55359877,93.55731973,90.31454445,92.91451411,90.31454445
2292,90.24674391,92.91492883,90.31492126,93.55774383,95.55405199,93.55774383,90.31492126,92.91492883,90.31492126
2293,90.24711941,92.91534321,90.31529775,93.55816757,95.55450482,93.55816757,90.31529775,92.91534321,90.31529775
2294,90.24749459,92.91575724,90.31567392,93.55859096,95.55495727,93.55859096,90.31567392,92.91575724,90.31567392
2295,90.24786945,92.91617092,90.31604978,93.55901399,95.55540934,93.55901399,90.31604978,92.91617092,90.31604978
2296,90.248244,92.91658425,90.31642532,93.55943667,95.55586104,93.55943667,90.31642532,92.91658425,90.31642532
2297,90.24861824,92.91699724,90.31680054,93.55985899,95.55631235,93.55985899,90.31680054,92.91699724,90.31680054
2298,90.24899216,92.91740987,90.31717545,93.56028095,95.55676328,93.56028095,90.31717545,92.91740987,90.31717545
2299,90.24936576,92.91782216,90.31755005,93.56070256,95.55721383,93.56070256,90.31755005,92.91782216,90.31755005
2300,90.24973905,92.9182341,90.31792433,93.56112381,95.557664,93.56112381,90.31792433,92.9182341,90.31792433
2301,90.25011203,92.9186457,90.31829829,93.56154472,95.5581138,93.56154472,90.31829829,92.9186457,90.31829829
2302,90.25048469,92.91905695,90.31867194,93.56196526,95.55856321,93.56196526,90.31867194,92.91905695,90.31867194
2303,90.25085705,92.91946786,90.31904528,93.56238546,95.55901225,93.56238546,90.31904528,92.91946786,90.31904528
2304,90.25122909,92.91987842,90.3194183,93.5628053,95.55946092,93.5628053,90.3194183,92.91987842,90.3194183
2305,90.25160081,92.92028863,90.31979101,93.56322479,95.5599092,93.56322479,90.31979101,92.92028863,90.31979101
2306,90.25197223,92.92069851,90.32016341,93.56364392,95.56035711,93.56364392,90.32016341,92.92069851,90.32016341
2307,90.25234333,92.92110803,90.32053549,93.56406271,95.56080465,93.56406271,90.32053549,92.92110803,90.32053549
2308,90.25271412,92.92151722,90.32090727,93.56448115,95.56125181,93.56448115,90.32090727,92.92151722,90.32090727
2309,90.25308461,92.92192606,90.32127873,93.56489923,95.5616986,93.56489923,90.32127873,92.92192606,90.32127873
2310,90.25345478,92.92233456,90.32164988,93.56531697,95.56214501,93.56531697,90.32164988,92.92233456,90.32164988
2311,90.25382464,92.92274272,90.32202072,93.56573435,95.56259105,93.56573435,90.32202072,92.92274272,90.32202072
2312,90.25419419,92.92315054,90.32239125,93.56615139,95.56303671,93.56615139,90.32239125,92.92315054,90.32239125
2313,90.25456344,92.92355802,90.32276147,93.56656807,95.563482,93.56656807,90.32276147,92.92355802,90.32276147
2314,90.25493237,92.92396515,90.32313139,93.56698441,95.56392693,93.56698441,90.32313139,92.92396515,90.32313139
2315,90.255301,92.92437195,90.32350099,93.56740041,95.56437147,93.56740041,90.32350099,92.92437195,90.32350099
2316,90.25566932,92.92477841,90.32387028,93.56781605,95.56481565,93.56781605,90.32387028,92.92477841,90.32387028
2317,90.25603733,92.92518452,90.32423927,93.56823135,95.56525946,93.56823135,90.32423927,92.92518452,90.32423927
2318,90.25640504,92.9255903,90.32460795,93.5686463,95.5657029,93.5686463,90.32460795,92.9255903,90.32460795
2319,90.25677244,92.92599574,90.32497632,93.5690609,95.56614596,93.5690609,90.32497632,92.92599574,90.32497632
2320,90.25713953,92.92640084,90.32534438,93.56947516,95.56658866,93.56947516,90.32534438,92.92640084,90.32534438
2321,90.25750632,92.92680561,90.32571214,93.56988908,95.56703099,93.56988908,90.32571214,92.92680561,90.32571214
2322,90.2578728,92.92721003,90.32607959,93.57030264,95.56747295,93.57030264,90.32607959,92.92721003,90.32607959
2323,90.25823897,92.92761413,90.32644673,93.57071587,95.56791454,93.57071587,90.32644673,92.92761413,90.32644673
2324,90.25860484,92.92801788,90.32681357,93.57112875,95.56835577,93.57112875,90.32681357,92.92801788,90.32681357
2325,90.25897041,92.9284213,90.32718011,93.57154129,95.56879662,93.57154129,90.32718011,92.9284213,90.32718011
2326,90.25933567,92.92882438,90.32754634,93.57195348,95.56923712,93.57195348,90.32754634,92.92882438,90.32754634
2327,90.25970063,92.92922713,90.32791226,93.57236533,95.56967724,93.57236533,90.32791226,92.92922713,90.32791226
2328,90.26006529,92.92962954,90.32827788,93.57277684,95.570117,93.57277684,90.32827788,92.92962954,90.32827788
2329,90.26042964,92.93003162,90.3286432,93.57318801,95.57055639,93.57318801,90.3286432,92.93003162,90.3286432
2330,90.26079369,92.93043337,90.32900821,93.57359884,95.57099542,93.57359884,90.32900821,92.93043337,90.32900821
2331,90.26115744,92.93083478,90.32937292,93.57400932,95.57143409,93.57400932,90.32937292,92.93083478,90.32937292
2332,90.26152089,92.93123586,90.32973733,93.57441947,95.57187239,93.57441947,90.32973733,92.93123586,90.32973733
2333,90.26188403,92.9316366,90.33010144,93.57482928,95.57231033,93.57482928,90.33010144,92.9316366,90.33010144
2334,90.26224688,92.93203702,90.33046524,93.57523874,95.5727479,93.57523874,90.33046524,92.93203702,90.33046524
2335,90.26260942,92.9324371,90.33082874,93.57564787,95.57318512,93.57564787,90.33082874,92.9324371,90.33082874
2336,90.26297166,92.93283685,90.33119195,93.57605665,95.57362197,93.57605665,90.33119195,92.93283685,90.33119195
2337,90.26333361,92.93323627,90.33155485,93.5764651,95.57405845,93.5764651,90.33155485,92.93323627,90.33155485
2338,90.26369525,92.93363536,90.33191745,93.57687322,95.57449458,93.57687322,90.33191745,92.93363536,90.33191745
2339,90.2640566,92.93403412,90.33227975,93.57728099,95.57493035,93.57728099,90.33227975,92.93403412,90.33227975
2340,90.26441764,92.93443255,90.33264175,93.57768843,95.57536576,93.57768843,90.33264175,92.93443255,90.33264175
2341,90.26477839,92.93483065,90.33300346,93.57809553,95.5758008,93.57809553,90.33300346,92.93483065,90.33300346
2342,90.26513884,92.93522843,90.33336486,93.57850229,95.57623549,93.57850229,90.33336486,92.93522843,90.33336486
2343,90.265499,92.93562587,90.33372596,93.57890872,95.57666982,93.57890872,90.33372596,92.93562587,90.33372596
2344,90.26585885,92.93602299,90.33408677,93.57931481,95.57710379,93.57931481,90.33408677,92.93602299,90.33408677
2345,90.26621841,92.93641977,90.33444728,93.57972057,95.5775374,93.57972057,90.33444728,92.93641977,90.33444728
2346,90.26657767,92.93681623,90.33480749,93.58012599,95.57797066,93.58012599,90.33480749,92.93681623,90.33480749
2347,90.26693664,92.93721237,90.33516741,93.58053108,95.57840355,93.58053108,90.33516741,92.93721237,90.33516741
2348,90.26729531,92.93760818,90.33552703,93.58093583,95.57883609,93.58093583,90.33552703,92.93760818,90.33552703
2349,90.26765368,92.93800366,90.33588635,93.58134025,95.57926828,93.58134025,90.33588635,92.93800366,90.33588635
2350,90.26801176,92.93839881,90.33624538,93.58174434,95.57970011,93.58174434,90.33624538,92.93839881,90.33624538
2351,90.26836955,92.93879364,90.33660411,93.5821481,95.58013158,93.5821481,90.33660411,92.93879364,90.33660411
2352,90.26872704,92.93918815,90.33696255,93.58255152,95.5805627,93.58255152,90.33696255,92.93918815,90.33696255
2353,90.26908423,92.93958233,90.33732069,93.58295461,95.58099346,93.58295461,90.33732069,92.93958233,90.33732069
2354,90.26944114,92.93997619,90.33767853,93.58335737,95.58142387,93.58335737,90.33767853,92.93997619,90.33767853
2355,90.26979775,92.94036972,90.33803609,93.5837598,95.58185393,93.5837598,90.33803609,92.94036972,90.33803609
2356,90.27015406,92.94076293,90.33839335,93.5841619,95.58228363,93.5841619,90.33839335,92.94076293,90.33839335
2357,90.27051009,92.94115582,90.33875031,93.58456367,95.58271298,93.58456367,90.33875031,92.94115582,90.33875031
2358,90.27086582,92.94154839,90.33910699,93.58496511,95.58314198,93.58496511,90.33910699,92.94154839,90.33910699
2359,90.27122126,92.94194063,90.33946337,93.58536622,95.58357062,93.58536622,90.33946337,92.94194063,90.33946337
2360,90.27157641,92.94233255,90.33981946,93.585767,95.58399892,93.585767,90.33981946,92.94233255,90.33981946
2361,90.27193127,92.94272415,90.34017525,93.58616746,95.58442686,93.58616746,90.34017525,92.94272415,90.34017525
2362,90.27228583,92.94311543,90.34053076,93.58656758,95.58485446,93.58656758,90.34053076,92.94311543,90.34053076
2363,90.27264011,92.94350639,90.34088597,93.58696738,95.5852817,93.58696738,90.34088597,92.94350639,90.34088597
2364,90.2729941,92.94389703,90.3412409,93.58736685,95.58570859,93.58736685,90.3412409,92.94389703,90.3412409
2365,90.27334779,92.94428735,90.34159553,93.58776599,95.58613513,93.58776599,90.34159553,92.94428735,90.34159553
2366,90.2737012,92.94467735,90.34194987,93.58816481,95.58656133,93.58816481,90.34194987,92.94467735,90.34194987
2367,90.27405432,92.94506703,90.34230393,93.5885633,95.58698718,93.5885633,90.34230393,92.94506703,90.34230393
2368,90.27440715,92.9454564,90.34265769,93.58896146,95.58741267,93.58896146,90.34265769,92.9454564,90.34265769
2369,90.27475969,92.94584544,90.34301116,93.5893593,95.58783782,93.5893593,90.34301116,92.94584544,90.34301116
2370,90.27511195,92.94623417,90.34336435,93.58975682,95.58826263,93.58975682,90.34336435,92.94623417,90.34336435
2371,90.27546391,92.94662258,90.34371725,93.59015401,95.58868708,93.59015401,90.34371725,92.94662258,90.34371725
2372,90.27581559,92.94701067,90.34406986,93.59055087,95.5891112,93.59055087,90.34406986,92.94701067,90.34406986
2373,90.27616699,92.94739845,90.34442218,93.59094741,95.58953496,93.59094741,90.34442218,92.94739845,90.34442218
2374,90.27651809,92.94778591,90.34477422,93.59134363,95.58995838,93.59134363,90.34477422,92.94778591,90.34477422
2375,90.27686891,92.94817306,90.34512596,93.59173953,95.59038145,93.59173953,90.34512596,92.94817306,90.34512596
2376,90.27721945,92.94855989,90.34547743,93.5921351,95.59080418,93.5921351,90.34547743,92.94855989,90.34547743
2377,90.2775697,92.9489464,90.3458286,93.59253036,95.59122657,93.59253036,90.3458286,92.9489464,90.3458286
2378,90.27791966,92.9493326,90.34617949,93.59292529,95.59164861,93.59292529,90.34617949,92.9493326,90.34617949
2379,90.27826934,92.94971849,90.34653009,93.59331989,95.59207031,93.59331989,90.34653009,92.94971849,90.34653009
2380,90.27861873,92.95010406,90.34688041,93.59371418,95.59249166,93.59371418,90.34688041,92.95010406,90.34688041
2381,90.27896784,92.95048932,90.34723045,93.59410815,95.59291267,93.59410815,90.34723045,92.95048932,90.34723045
2382,90.27931667,92.95087426,90.3475802,93.5945018,95.59333334,93.5945018,90.3475802,92.95087426,90.3475802
2383,90.27966522,92.95125889,90.34792966,93.59489512,95.59375367,93.59489512,90.34792966,92.95125889,90.34792966
2384,90.28001348,92.95164322,90.34827885,93.59528813,95.59417366,93.59528813,90.34827885,92.95164322,90.34827885
2385,90.28036145,92.95202722,90.34862774,93.59568082,95.59459331,93.59568082,90.34862774,92.95202722,90.34862774
2386,90.28070915,92.95241092,90.34897636,93.59607319,95.59501261,93.59607319,90.34897636,92.95241092,90.34897636
2387,90.28105656,92.95279431,90.34932469,93.59646524,95.59543158,93.59646524,90.34932469,92.95279431,90.34932469
2388,90.2814037,92.95317738,90.34967274,93.59685698,95.59585021,93.59685698,90.34967274,92.95317738,90.34967274
2389,90.28175055,92.95356015,90.35002051,93.59724839,95.59626849,93.59724839,90.35002051,92.95356015,90.35002051
2390,90.28209712,92.9539426,90.350368,93.59763949,95.59668644,93.59763949,90.350368,92.9539426,90.350368
2391,90.28244341,92.95432475,90.3507152,93.59803028,95.59710405,93.59803028,90.3507152,92.95432475,90.3507152
2392,90.28278941,92.95470658,90.35106213,93.59842074,95.59752132,93.59842074,90.35106213,92.95470658,90.35106213
2393,90.28313514,92.95508811,90.35140877,93.59881089,95.59793826,93.59881089,90.35140877,92.95508811,90.35140877
2394,90.28348059,92.95546933,90.35175514,93.59920073,95.59835486,93.59920073,90.35175514,92.95546933,90.35175514
2395,90.28382576,92.95585024,90.35210122,93.59959025,95.59877112,93.59959025,90.35210122,92.95585024,90.35210122
2396,90.28417065,92.95623084,90.35244702,93.59997946,95.59918704,93.59997946,90.35244702,92.95623084,90.35244702
2397,90.28451527,92.95661113,90.35279255,93.60036835,95.59960263,93.60036835,90.35279255,92.95661113,90.35279255
2398,90.2848596,92.95699112,90.35313779,93.60075692,95.60001788,93.60075692,90.35313779,92.95699112,90.35313779
2399,90.28520366,92.9573708,90.35348276,93.60114519,95.6004328,93.60114519,90.35348276,92.9573708,90.35348276
2400,90.28554744,92.95775018,90.35382745,93.60153314,95.60084738,93.60153314,90.35382745,92.95775018,90.35382745
2401,90.28589094,92.95812925,90.35417186,93.60192078,95.60126163,93.60192078,90.35417186,92.95812925,90.35417186
2402,90.28623416,92.95850801,90.35451599,93.6023081,95.60167555,93.6023081,90.35451599,92.95850801,90.35451599
2403,90.28657711,92.95888647,90.35485985,93.60269512,95.60208913,93.60269512,90.35485985,92.95888647,90.35485985
2404,90.28691979,92.95926462,90.35520343,93.60308182,95.60250237,93.60308182,90.35520343,92.95926462,90.35520343
2405,90.28726218,92.95964247,90.35554673,93.60346821,95.60291529,93.60346821,90.35554673,92.95964247,90.35554673
2406,90.2876043,92.96002002,90.35588976,93.60385429,95.60332787,93.60385429,90.35588976,92.96002002,90.35588976
2407,90.28794615,92.96039726,90.35623251,93.60424005,95.60374012,93.60424005,90.35623251,92.96039726,90.35623251
2408,90.28828772,92.96077419,90.35657498,93.60462551,95.60415204,93.60462551,90.35657498,92.96077419,90.35657498
2409,90.28862902,92.96115083,90.35691718,93.60501066,95.60456363,93.60501066,90.35691718,92.96115083,90.35691718
2410,90.28897004,92.96152716,90.3572591,93.6053955,95.60497489,93.6053955,90.3572591,92.96152716,90.3572591
2411,90.28931079,92.96190319,90.35760075,93.60578003,95.60538582,93.60578003,90.35760075,92.96190319,90.35760075
2412,90.28965126,92.96227892,90.35794213,93.60616425,95.60579642,93.60616425,90.35794213,92.96227892,90.35794213
2413,90.28999146,92.96265435,90.35828323,93.60654817,95.60620668,93.60654817,90.35828323,92.96265435,90.35828323
2414,90.29033139,92.96302947,90.35862406,93.60693177,95.60661662,93.60693177,90.35862406,92.96302947,90.35862406
2415,90.29067105,92.9634043,90.35896461,93.60731507,95.60702623,93.60731507,90.35896461,92.9634043,90.35896461
2416,90.29101043,92.96377882,90.35930489,93.60769806,95.60743552,93.60769806,90.35930489,92.96377882,90.35930489
2417,90.29134954,92.96415304,90.3596449,93.60808074,95.60784447,93.60808074,90.3596449,92.96415304,90.3596449
2418,90.29168838,92.96452697,90.35998464,93.60846312,95.6082531,93.60846312,90.35998464,92.96452697,90.35998464
2419,90.29202695,92.96490059,90.3603241,93.60884519,95.6086614,93.60884519,90.3603241,92.96490059,90.3603241
2420,90.29236525,92.96527392,90.3606633,93.60922695,95.60906937,93.60922695,90.3606633,92.96527392,90.3606633
2421,90.29270328,92.96564695,90.36100222,93.60960841,95.60947702,93.60960841,90.36100222,92.96564695,90.36100222
2422,90.29304103,92.96601968,90.36134087,93.60998957,95.60988434,93.60998957,90.36134087,92.96601968,90.36134087
2423,90.29337852,92.96639211,90.36167925,93.61037042,95.61029133,93.61037042,90.36167925,92.96639211,90.36167925
2424,90.29371574,92.96676424,90.36201736,93.61075096,95.610698,93.61075096,90.36201736,92.96676424,90.36201736
2425,90.29405268,92.96713608,90.3623552,93.61113121,95.61110435,93.61113121,90.3623552,92.96713608,90.3623552
2426,90.29438936,92.96750762,90.36269277,93.61151114,95.61151037,93.61151114,90.36269277,92.96750762,90.36269277
2427,90.29472577,92.96787886,90.36303007,93.61189078,95.61191606,93.61189078,90.36303007,92.96787886,90.36303007
2428,90.29506192,92.96824981,90.3633671,93.61227011,95.61232144,93.61227011,90.3633671,92.96824981,90.3633671
2429,90.29539779,92.96862046,90.36370386,93.61264914,95.61272649,93.61264914,90.36370386,92.96862046,90.36370386
2430,90.2957334,92.96899082,90.36404036,93.61302787,95.61313121,93.61302787,90.36404036,92.96899082,90.36404036
2431,90.29606874,92.96936088,90.36437658,93.6134063,95.61353562,93.6134063,90.36437658,92.96936088,90.36437658
2432,90.29640381,92.96973064,90.36471254,93.61378442,95.6139397,93.61378442,90.36471254,92.96973064,90.36471254
2433,90.29673861,92.97010011,90.36504823,93.61416224,95.61434346,93.61416224,90.36504823,92.97010011,90.36504823
2434,90.29707315,92.97046929,90.36538366,93.61453977,95.6147469,93.61453977,90.36538366,92.97046929,90.36538366
2435,90.29740742,92.97083818,90.36571881,93.61491699,95.61515002,93.61491699,90.36571881,92.97083818,90.36571881
2436,90.29774143,92.97120677,90.3660537,93.61529391,95.61555282,93.61529391,90.3660537,92.97120677,90.3660537
2437,90.29807517,92.97157506,90.36638833,93.61567053,95.61595529,93.61567053,90.36638833,92.97157506,90.36638833
2438,90.29840865,92.97194307,90.36672269,93.61604686,95.61635745,93.61604686,90.36672269,92.97194307,90.36672269
2439,90.29874186,92.97231078,90.36705678,93.61642288,95.61675929,93.61642288,90.36705678,92.97231078,90.36705678
2440,90.29907481,92.9726782,90.36739061,93.61679861,95.61716081,93.61679861,90.36739061,92.9726782,90.36739061
2441,90.29940749,92.97304533,90.36772417,93.61717404,95.61756201,93.61717404,90.36772417,92.97304533,90.36772417
2442,90.29973991,92.97341217,90.36805747,93.61754917,95.61796289,93.61754917,90.36805747,92.97341217,90.36805747
2443,90.30007206,92.97377872,90.3683905,93.617924,95.61836346,93.617924,90.3683905,92.97377872,90.3683905
2444,90.30040395,92.97414497,90.36872327,93.61829854,95.6187637,93.61829854,90.36872327,92.97414497,90.36872327
2445,90.30073558,92.97451094,90.36905578,93.61867278,95.61916363,93.61867278,90.36905578,92.97451094,90.36905578
2446,90.30106695,92.97487662,90.36938802,93.61904672,95.61956325,93.61904672,90.36938802,92.97487662,90.36938802
2447,90.30139805,92.975242,90.36972,93.61942036,95.61996254,93.61942036,90.36972,92.975242,90.36972
2448,90.30172889,92.9756071,90.37005172,93.61979372,95.62036153,93.61979372,90.37005172,92.9756071,90.37005172
2449,90.30205947,92.97597191,90.37038317,93.62016677,95.62076019,93.62016677,90.37038317,92.97597191,90.37038317
2450,90.30238979,92.97633643,90.37071436,93.62053953,95.62115854,93.62053953,90.37071436,92.97633643,90.37071436
2451,90.30271985,92.97670066,90.37104529,93.620912,95.62155658,93.620912,90.37104529,92.97670066,90.37104529
2452,90.30304965,92.97706461,90.37137596,93.62128417,95.6219543,93.62128417,90.37137596,92.97706461,90.37137596
2453,90.30337918,92.97742827,90.37170637,93.62165605,95.6223517,93.62165605,90.37170637,92.97742827,90.37170637
2454,90.30370846,92.97779164,90.37203652,93.62202763,95.6227488,93.62202763,90.37203652,92.97779164,90.37203652
2455,90.30403748,92.97815472,90.37236641,93.62239892,95.62314558,93.62239892,90.37236641,92.97815472,90.37236641
2456,90.30436623,92.97851752,90.37269603,93.62276992,95.62354204,93.62276992,90.37269603,92.97851752,90.37269603
2457,90.30469473,92.97888003,90.3730254,93.62314062,95.6239382,93.62314062,90.3730254,92.97888003,90.3730254
2458,90.30502297,92.97924225,90.37335451,93.62351104,95.62433404,93.62351104,90.37335451,92.97924225,90.37335451
2459,90.30535095,92.97960419,90.37368335,93.62388116,95.62472957,93.62388116,90.37368335,92.97960419,90.37368335
2460,90.30567867,92.97996585,90.37401194,93.62425099,95.62512479,93.62425099,90.37401194,92.97996585,90.37401194
2461,90.30600613,92.98032722,90.37434027,93.62462053,95.62551969,93.62462053,90.37434027,92.98032722,90.37434027
2462,90.30633334,92.9806883,90.37466834,93.62498977,95.62591429,93.62498977,90.37466834,92.9806883,90.37466834
2463,90.30666029,92.9810491,90.37499616,93.62535873,95.62630857,93.62535873,90.37499616,92.9810491,90.37499616
2464,90.30698698,92.98140962,90.37532371,93.6257274,95.62670255,93.6257274,90.37532371,92.98140962,90.37532371
2465,90.30731341,92.98176986,90.37565101,93.62609578,95.62709622,93.62609578,90.37565101,92.98176986,90.37565101
2466,90.30763959,92.98212981,90.37597805,93.62646386,95.62748957,93.62646386,90.37597805,92.98212981,90.37597805
2467,90.30796551,92.98248947,90.37630484,93.62683166,95.62788262,93.62683166,90.37630484,92.98248947,90.37630484
2468,90.30829118,92.98284886,90.37663136,93.62719917,95.62827536,93.62719917,90.37663136,92.98284886,90.37663136
2469,90.30861659,92.98320797,90.37695763,93.62756639,95.62866779,93.62756639,90.37695763,92.98320797,90.37695763
2470,90.30894174,92.98356679,90.37728365,93.62793333,95.62905991,93.62793333,90.37728365,92.98356679,90.37728365
2471,90.30926664,92.98392533,90.37760941,93.62829997,95.62945173,93.62829997,90.37760941,92.98392533,90.37760941
2472,90.30959129,92.98428359,90.37793491,93.62866633,95.62984324,93.62866633,90.37793491,92.98428359,90.37793491
2473,90.30991568,92.98464157,90.37826016,93.6290324,95.63023444,93.6290324,90.37826016,92.98464157,90.37826016
2474,90.31023982,92.98499927,90.37858516,93.62939819,95.63062533,93.62939819,90.37858516,92.98499927,90.37858516
2475,90.3105637,92.98535668,90.3789099,93.62976368,95.63101592,93.62976368,90.3789099,92.98535668,90.3789099
2476,90.31088733,92.98571382,90.37923438,93.6301289,95.6314062,93.6301289,90.37923438,92.98571382,90.37923438
2477,90.3112107,92.98607068,90.37955861,93.63049382,95.63179618,93.63049382,90.37955861,92.98607068,90.37955861
2478,90.31153383,92.98642726,90.37988259,93.63085846,95.63218586,93.63085846,90.37988259,92.98642726,90.37988259
2479,90.3118567,92.98678356,90.38020632,93.63122282,95.63257522,93.63122282,90.38020632,92.98678356,90.38020632
2480,90.31217932,92.98713959,90.38052979,93.63158689,95.63296429,93.63158689,90.38052979,92.98713959,90.38052979
2481,90.31250168,92.98749533,90.38085301,93.63195068,95.63335305,93.63195068,90.38085301,92.98749533,90.38085301
2482,90.3128238,92.9878508,90.38117597,93.63231418,95.6337415,93.63231418,90.38117597,92.9878508,90.38117597
2483,90.31314566,92.98820599,90.38149869,93.6326774,95.63412966,93.6326774,90.38149869,92.98820599,90.38149869
2484,90.31346727,92.9885609,90.38182115,93.63304033,95.63451751,93.63304033,90.38182115,92.9885609,90.38182115
2485,90.31378863,92.98891554,90.38214336,93.63340298,95.63490506,93.63340298,90.38214336,92.98891554,90.38214336
2486,90.31410974,92.9892699,90.38246532,93.63376535,95.6352923,93.63376535,90.38246532,92.9892699,90.38246532
2487,90.3144306,92.98962398,90.38278703,93.63412744,95.63567924,93.63412744,90.38278703,92.98962398,90.38278703
2488,90.31475122,92.98997779,90.38310849,93.63448925,95.63606589,93.63448925,90.38310849,92.98997779,90.38310849
2489,90.31507158,92.99033132,90.3834297,93.63485077,95.63645223,93.63485077,90.3834297,92.99033132,90.3834297
2490,90.31539169,92.99068457,90.38375066,93.63521201,95.63683827,93.63521201,90.38375066,92.99068457,90.38375066
2491,90.31571155,92.99103756,90.38407137,93.63557297,95.63722401,93.63557297,90.38407137,92.99103756,90.38407137
2492,90.31603116,92.99139026,90.38439183,93.63593365,95.63760945,93.63593365,90.38439183,92.99139026,90.38439183
2493,90.31635053,92.9917427,90.38471204,93.63629405,95.63799459,93.63629405,90.38471204,92.9917427,90.38471204
2494,90.31666964,92.99209485,90.385032,93.63665417,95.63837943,93.63665417,90.385032,92.99209485,90.385032
2495,90.31698851,92.99244674,90.38535171,93.63701401,95.63876397,93.63701401,90.38535171,92.99244674,90.38535171
2496,90.31730713,92.99279835,90.38567117,93.63737357,95.63914822,93.63737357,90.38567117,92.99279835,90.38567117
2497,90.31762551,92.99314969,90.38599039,93.63773285,95.63953216,93.63773285,90.38599039,92.99314969,90.38599039
2498,90.31794363,92.99350076,90.38630936,93.63809185,95.63991581,93.63809185,90.38630936,92.99350076,90.38630936
2499,90.31826151,92.99385155,90.38662808,93.63845058,95.64029916,93.63845058,90.38662808,92.99385155,90.38662808
2500,90.31857915,92.99420207,90.38694655,93.63880902,95.64068221,93.63880902,90.38694655,92.99420207,90.38694655
2501,90.31889654,92.99455232,90.38726478,93.63916719,95.64106497,93.63916719,90.38726478,92.99455232,90.38726478
2502,90.31921368,92.9949023,90.38758276,93.63952508,95.64144743,93.63952508,90.38758276,92.9949023,90.38758276
2503,90.31953057,92.99525201,90.38790049,93.63988269,95.64182959,93.63988269,90.38790049,92.99525201,90.38790049
2504,90.31984722,92.99560145,90.38821798,93.64024003,95.64221145,93.64024003,90.38821798,92.99560145,90.38821798
2505,90.32016363,92.99595061,90.38853522,93.64059709,95.64259303,93.64059709,90.38853522,92.99595061,90.38853522
2506,90.32047979,92.99629951,90.38885222,93.64095387,95.6429743,93.64095387,90.38885222,92.99629951,90.38885222
2507,90.3207957,92.99664814,90.38916897,93.64131038,95.64335528,93.64131038,90.38916897,92.99664814,90.38916897
2508,90.32111138,92.99699649,90.38948548,93.64166661,95.64373597,93.64166661,90.38948548,92.99699649,90.38948548
2509,90.3214268,92.99734458,90.38980174,93.64202257,95.64411636,93.64202257,90.38980174,92.99734458,90.38980174
2510,90.32174199,92.9976924,90.39011776,93.64237825,95.64449646,93.64237825,90.39011776,92.9976924,90.39011776
2511,90.32205693,92.99803995,90.39043353,93.64273365,95.64487627,93.64273365,90.39043353,92.99803995,90.39043353
2512,90.32237163,92.99838723,90.39074906,93.64308879,95.64525578,93.64308879,90.39074906,92.99838723,90.39074906
2513,90.32268608,92.99873425,90.39106435,93.64344365,95.645635,93.64344365,90.39106435,92.99873425,90.39106435
2514,90.32300029,92.999081,90.39137939,93.64379823,95.64601392,93.64379823,90.39137939,92.999081,90.39137939
2515,90.32331426,92.99942748,90.3916942,93.64415254,95.64639256,93.64415254,90.3916942,92.99942748,90.3916942
2516,90.32362799,92.99977369,90.39200875,93.64450658,95.6467709,93.64450658,90.39200875,92.99977369,90.39200875
2517,90.32394148,93.00011963,90.39232307,93.64486035,95.64714895,93.64486035,90.39232307,93.00011963,90.39232307
2518,90.32425472,93.00046531,90.39263714,93.64521384,95.64752671,93.64521384,90.39263714,93.00046531,90.39263714
2519,90.32456773,93.00081073,90.39295098,93.64556706,95.64790418,93.64556706,90.39295098,93.00081073,90.39295098
2520,90.32488049,93.00115587,90.39326457,93.64592001,95.64828136,93.64592001,90.39326457,93.00115587,90.39326457
2521,90.32519301,93.00150076,90.39357792,93.64627269,95.64865825,93.64627269,90.39357792,93.00150076,90.39357792
2522,90.3255053,93.00184537,90.39389102,93.64662509,95.64903485,93.64662509,90.39389102,93.00184537,90.39389102
2523,90.32581734,93.00218972,90.39420389,93.64697723,95.64941116,93.64697723,90.39420389,93.00218972,90.39420389
2524,90.32612914,93.00253381,90.39451652,93.6473291,95.64978718,93.6473291,90.39451652,93.00253381,90.39451652
2525,90.3264407,93.00287763,90.39482891,93.64768069,95.65016291,93.64768069,90.39482891,93.00287763,90.39482891
2526,90.32675203,93.00322119,90.39514106,93.64803202,95.65053835,93.64803202,90.39514106,93.00322119,90.39514106
2527,90.32706311,93.00356449,90.39545296,93.64838307,95.65091351,93.64838307,90.39545296,93.00356449,90.39545296
2528,90.32737396,93.00390752,90.39576463,93.64873386,95.65128838,93.64873386,90.39576463,93.00390752,90.39576463
2529,90.32768457,93.00425029,90.39607606,93.64908438,95.65166296,93.64908438,90.39607606,93.00425029,90.39607606
2530,90.32799494,93.0045928,90.39638725,93.64943462,95.65203725,93.64943462,90.39638725,93.0045928,90.39638725
2531,90.32830507,93.00493504,90.39669821,93.64978461,95.65241126,93.64978461,90.39669821,93.00493504,90.39669821
2532,90.32861496,93.00527702,90.39700892,93.65013432,95.65278498,93.65013432,90.39700892,93.00527702,90.39700892
2533,90.32892462,93.00561874,90.3973194,93.65048376,95.65315841,93.65048376,90.3973194,93.00561874,90.3973194
2534,90.32923404,93.0059602,90.39762964,93.65083294,95.65353156,93.65083294,90.39762964,93.0059602,90.39762964
2535,90.32954323,93.0063014,90.39793964,93.65118185,95.65390442,93.65118185,90.39793964,93.0063014,90.39793964
2536,90.32985217,93.00664234,90.3982494,93.65153049,95.654277,93.65153049,90.3982494,93.00664234,90.3982494
2537,90.33016088,93.00698301,90.39855893,93.65187887,95.65464929,93.65187887,90.39855893,93.00698301,90.39855893
2538,90.33046936,93.00732343,90.39886822,93.65222698,95.6550213,93.65222698,90.39886822,93.00732343,90.39886822
2539,90.3307776,93.00766358,90.39917728,93.65257482,95.65539302,93.65257482,90.39917728,93.00766358,90.39917728
2540,90.3310856,93.00800348,90.3994861,93.6529224,95.65576446,93.6529224,90.3994861,93.00800348,90.3994861
2541,90.33139337,93.00834311,90.39979468,93.65326972,95.65613562,93.65326972,90.39979468,93.00834311,90.39979468
2542,90.33170091,93.00868249,90.40010303,93.65361676,95.65650649,93.65361676,90.40010303,93.00868249,90.40010303
2543,90.33200821,93.00902161,90.40041114,93.65396355,95.65687708,93.65396355,90.40041114,93.00902161,90.40041114
2544,90.33231527,93.00936047,90.40071902,93.65431007,95.65724739,93.65431007,90.40071902,93.00936047,90.40071902
2545,90.3326221,93.00969907,90.40102666,93.65465632,95.65761741,93.65465632,90.40102666,93.00969907,90.40102666
2546,90.3329287,93.01003741,90.40133407,93.65500231,95.65798716,93.65500231,90.40133407,93.01003741,90.40133407
2547,90.33323506,93.0103755,90.40164124,93.65534804,95.65835662,93.65534804,90.40164124,93.0103755,90.40164124
2548,90.3335412,93.01071333,90.40194818,93.65569351,95.6587258,93.65569351,90.40194818,93.01071333,90.40194818
2549,90.33384709,93.0110509,90.40225489,93.65603871,95.6590947,93.65603871,90.40225489,93.0110509,90.40225489
2550,90.33415276,93.01138821,90.40256136,93.65638365,95.65946332,93.65638365,90.40256136,93.01138821,90.40256136
2551,90.33445819,93.01172527,90.40286761,93.65672833,95.65983166,93.65672833,90.40286761,93.01172527,90.40286761
2552,90.33476339,93.01206207,90.40317361,93.65707274,95.66019972,93.65707274,90.40317361,93.01206207,90.40317361
2553,90.33506836,93.01239862,90.40347939,93.6574169,95.66056749,93.6574169,90.40347939,93.01239862,90.40347939
2554,90.3353731,93.01273491,90.40378493,93.65776079,95.66093499,93.65776079,90.40378493,93.01273491,90.40378493
2555,90.3356776,93.01307094,90.40409024,93.65810442,95.66130222,93.65810442,90.40409024,93.01307094,90.40409024
2556,90.33598188,93.01340672,90.40439532,93.65844779,95.66166916,93.65844779,90.40439532,93.01340672,90.40439532
2557,90.33628592,93.01374225,90.40470017,93.6587909,95.66203582,93.6587909,90.40470017,93.01374225,90.40470017
2558,90.33658973,93.01407752,90.40500479,93.65913375,95.66240221,93.65913375,90.40500479,93.01407752,90.40500479
2559,90.33689332,93.01441254,90.40530918,93.65947634,95.66276831,93.65947634,90.40530918,93.01441254,90.40530918
2560,90.33719667,93.0147473,90.40561333,93.65981867,95.66313415,93.65981867,90.40561333,93.0147473,90.40561333
2561,90.33749979,93.01508181,90.40591726,93.66016074,95.6634997,93.66016074,90.40591726,93.01508181,90.40591726
2562,90.33780269,93.01541606,90.40622095,93.66050255,95.66386498,93.66050255,90.40622095,93.01541606,90.40622095
2563,90.33810535,93.01575007,90.40652442,93.6608441,95.66422998,93.6608441,90.40652442,93.01575007,90.40652442
2564,90.33840779,93.01608382,90.40682765,93.6611854,95.6645947,93.6611854,90.40682765,93.01608382,90.40682765
2565,90.33870999,93.01641732,90.40713066,93.66152643,95.66495915,93.66152643,90.40713066,93.01641732,90.40713066
2566,90.33901197,93.01675056,90.40743343,93.66186721,95.66532332,93.66186721,90.40743343,93.01675056,90.40743343
2567,90.33931372,93.01708355,90.40773598,93.66220773,95.66568722,93.66220773,90.40773598,93.01708355,90.40773598
2568,90.33961524,93.0174163,90.4080383,93.662548,95.66605084,93.662548,90.4080383,93.0174163,90.4080383
2569,90.33991654,93.01774879,90.40834039,93.662888,95.66641419,93.662888,90.40834039,93.01774879,90.40834039
2570,90.3402176,93.01808103,90.40864226,93.66322775,95.66677726,93.66322775,90.40864226,93.01808103,90.40864226
2571,90.34051844,93.01841302,90.40894389,93.66356725,95.66714006,93.66356725,90.40894389,93.01841302,90.40894389
2572,90.34081905,93.01874475,90.4092453,93.66390648,95.66750259,93.66390648,90.4092453,93.01874475,90.4092453
2573,90.34111944,93.01907624,90.40954648,93.66424547,95.66786484,93.66424547,90.40954648,93.01907624,90.40954648
2574,90.3414196,93.01940748,90.40984743,93.66458419,95.66822682,93.66458419,90.40984743,93.01940748,90.40984743
2575,90.34171953,93.01973847,90.41014816,93.66492266,95.66858852,93.66492266,90.41014816,93.01973847,90.41014816
2576,90.34201924,93.02006921,90.41044866,93.66526088,95.66894996,93.66526088,90.41044866,93.02006921,90.41044866
2577,90.34231872,93.0203997,90.41074893,93.66559884,95.66931112,93.66559884,90.41074893,93.0203997,90.41074893
2578,90.34261798,93.02072994,90.41104898,93.66593655,95.66967201,93.66593655,90.41104898,93.02072994,90.41104898
2579,90.34291701,93.02105994,90.4113488,93.666274,95.67003263,93.666274,90.4113488,93.02105994,90.4113488
2580,90.34321582,93.02138968,90.4116484,93.6666112,95.67039298,93.6666112,90.4116484,93.02138968,90.4116484
2581,90.3435144,93.02171918,90.41194777,93.66694814,95.67075305,93.66694814,90.41194777,93.02171918,90.41194777
2582,90.34381275,93.02204843,90.41224692,93.66728484,95.67111286,93.66728484,90.41224692,93.02204843,90.41224692
2583,90.34411089,93.02237743,90.41254584,93.66762128,95.67147239,93.66762128,90.41254584,93.02237743,90.41254584
2584,90.3444088,93.02270619,90.41284454,93.66795746,95.67183166,93.66795746,90.41284454,93.02270619,90.41284454
2585,90.34470648,93.02303469,90.41314301,93.6682934,95.67219066,93.6682934,90.41314301,93.02303469,90.41314301
2586,90.34500394,93.02336296,90.41344126,93.66862908,95.67254938,93.66862908,90.41344126,93.02336296,90.41344126
2587,90.34530118,93.02369097,90.41373928,93.66896451,95.67290784,93.66896451,90.41373928,93.02369097,90.41373928
2588,90.3455982,93.02401874,90.41403709,93.66929969,95.67326603,93.66929969,90.41403709,93.02401874,90.41403709
2589,90.34589499,93.02434627,90.41433466,93.66963462,95.67362395,93.66963462,90.41433466,93.02434627,90.41433466
2590,90.34619156,93.02467355,90.41463202,93.66996929,95.6739816,93.66996929,90.41463202,93.02467355,90.41463202
2591,90.34648791,93.02500058,90.41492915,93.67030372,95.67433898,93.67030372,90.41492915,93.02500058,90.41492915
2592,90.34678404,93.02532737,90.41522606,93.67063789,95.6746961,93.67063789,90.41522606,93.02532737,90.41522606
2593,90.34707994,93.02565391,90.41552275,93.67097182,95.67505295,93.67097182,90.41552275,93.02565391,90.41552275
2594,90.34737563,93.02598021,90.41581922,93.6713055,95.67540953,93.6713055,90.41581922,93.02598021,90.41581922
2595,90.34767109,93.02630627,90.41611546,93.67163892,95.67576585,93.67163892,90.41611546,93.02630627,90.41611546
2596,90.34796633,93.02663208,90.41641149,93.6719721,95.6761219,93.6719721,90.41641149,93.02663208,90.41641149
2597,90.34826135,93.02695765,90.41670729,93.67230503,95.67647768,93.67230503,90.41670729,93.02695765,90.41670729
2598,90.34855615,93.02728297,90.41700287,93.67263771,95.6768332,93.67263771,90.41700287,93.02728297,90.41700287
2599,90.34885074,93.02760806,90.41729823,93.67297014,95.67718845,93.67297014,90.41729823,93.02760806,90.41729823
2600,90.3491451,93.0279329,90.41759337,93.67330232,95.67754344,93.67330232,90.41759337,93.0279329,90.41759337
2601,90.34943924,93.02825749,90.41788829,93.67363425,95.67789816,93.67363425,90.41788829,93.02825749,90.41788829
2602,90.34973316,93.02858185,90.41818299,93.67396594,95.67825261,93.67396594,90.41818299,93.02858185,90.41818299
2603,90.35002686,93.02890596,90.41847747,93.67429738,95.67860681,93.67429738,90.41847747,93.02890596,90.41847747
2604,90.35032035,93.02922983,90.41877173,93.67462857,95.67896074,93.67462857,90.41877173,93.02922983,90.41877173
2605,90.35061361,93.02955346,90.41906577,93.67495952,95.6793144,93.67495952,90.41906577,93.02955346,90.41906577
2606,90.35090666,93.02987685,90.41935959,93.67529022,95.6796678,93.67529022,90.41935959,93.02987685,90.41935959
2607,90.35119949,93.0302,90.41965319,93.67562067,95.68002094,93.67562067,90.41965319,93.0302,90.41965319
2608,90.3514921,93.03052291,90.41994658,93.67595088,95.68037382,93.67595088,90.41994658,93.03052291,90.41994658
2609,90.35178449,93.03084558,90.42023974,93.67628084,95.68072643,93.67628084,90.42023974,93.03084558,90.42023974
2610,90.35207666,93.031168,90.42053269,93.67661056,95.68107878,93.67661056,90.42053269,93.031168,90.42053269
2611,90.35236862,93.03149019,90.42082542,93.67694003,95.68143087,93.67694003,90.42082542,93.03149019,90.42082542
2612,90.35266036,93.03181214,90.42111794,93.67726926,95.6817827,93.67726926,90.42111794,93.03181214,90.42111794
2613,90.35295189,93.03213385,90.42141023,93.67759824,95.68213426,93.67759824,90.42141023,93.03213385,90.42141023
2614,90.3532432,93.03245532,90.42170231,93.67792697,95.68248557,93.67792697,90.42170231,93.03245532,90.42170231
2615,90.35353429,93.03277655,90.42199417,93.67825547,95.68283661,93.67825547,90.42199417,93.03277655,90.42199417
2616,90.35382516,93.03309755,90.42228582,93.67858372,95.6831874,93.67858372,90.42228582,93.03309755,90.42228582
2617,90.35411582,93.0334183,90.42257725,93.67891172,95.68353792,93.67891172,90.42257725,93.0334183,90.42257725
2618,90.35440627,93.03373882,90.42286846,93.67923949,95.68388818,93.67923949,90.42286846,93.03373882,90.42286846
2619,90.3546965,93.0340591,90.42315946,93.67956701,95.68423819,93.67956701,90.42315946,93.0340591,90.42315946
2620,90.35498651,93.03437914,90.42345024,93.67989428,95.68458793,93.67989428,90.42345024,93.03437914,90.42345024
2621,90.35527631,93.03469895,90.4237408,93.68022132,95.68493742,93.68022132,90.4237408,93.03469895,90.4237408
2622,90.35556589,93.03501852,90.42403115,93.68054811,95.68528664,93.68054811,90.42403115,93.03501852,90.42403115
2623,90.35585526,93.03533785,90.42432129,93.68087466,95.68563561,93.68087466,90.42432129,93.03533785,90.42432129
2624,90.35614442,93.03565695,90.42461121,93.68120097,95.68598432,93.68120097,90.42461121,93.03565695,90.42461121
2625,90.35643336,93.03597581,90.42490092,93.68152704,95.68633277,93.68152704,90.42490092,93.03597581,90.42490092
2626,90.35672209,93.03629443,90.42519041,93.68185287,95.68668097,93.68185287,90.42519041,93.03629443,90.42519041
2627,90.35701061,93.03661282,90.42547969,93.68217845,95.68702891,93.68217845,90.42547969,93.03661282,90.42547969
2628,90.35729891,93.03693098,90.42576875,93.6825038,95.68737659,93.6825038,90.42576875,93.03693098,90.42576875
2629,90.357587,93.03724889,90.42605761,93.6828289,95.68772401,93.6828289,90.42605761,93.03724889,90.42605761
2630,90.35787488,93.03756658,90.42634624,93.68315377,95.68807118,93.68315377,90.42634624,93.03756658,90.42634624
2631,90.35816254,93.03788403,90.42663467,93.6834784,95.68841809,93.6834784,90.42663467,93.03788403,90.42663467
2632,90.35844999,93.03820124,90.42692288,93.68380278,95.68876474,93.68380278,90.42692288,93.03820124,90.42692288
2633,90.35873723,93.03851823,90.42721088,93.68412693,95.68911114,93.68412693,90.42721088,93.03851823,90.42721088
2634,90.35902426,93.03883497,90.42749867,93.68445084,95.68945729,93.68445084,90.42749867,93.03883497,90.42749867
2635,90.35931108,93.03915149,90.42778625,93.68477451,95.68980317,93.68477451,90.42778625,93.03915149,90.42778625
2636,90.35959768,93.03946777,90.42807361,93.68509794,95.69014881,93.68509794,90.42807361,93.03946777,90.42807361
2637,90.35988408,93.03978382,90.42836076,93.68542113,95.69049419,93.68542113,90.42836076,93.03978382,90.42836076
2638,90.36017026,93.04009963,90.4286477,93.68574408,95.69083931,93.68574408,90.4286477,93.04009963,90.4286477
2639,90.36045623,93.04041522,90.42893443,93.6860668,95.69118418,93.6860668,90.42893443,93.04041522,90.42893443
2640,90.360742,93.04073057,90.42922095,93.68638928,95.6915288,93.68638928,90.42922095,93.04073057,90.42922095
2641,90.36102755,93.04104569,90.42950726,93.68671152,95.69187317,93.68671152,90.42950726,93.04104569,90.42950726
2642,90.36131289,93.04136058,90.42979336,93.68703353,95.69221728,93.68703353,90.42979336,93.04136058,90.42979336
2643,90.36159803,93.04167523,90.43007925,93.6873553,95.69256114,93.6873553,90.43007925,93.04167523,90.43007925
2644,90.36188295,93.04198966,90.43036492,93.68767683,95.69290474,93.68767683,90.43036492,93.04198966,90.43036492
2645,90.36216766,93.04230385,90.43065039,93.68799813,95.6932481,93.68799813,90.43065039,93.04230385,90.43065039
2646,90.36245217,93.04261782,90.43093565,93.68831919,95.6935912,93.68831919,90.43093565,93.04261782,90.43093565
2647,90.36273647,93.04293155,90.4312207,93.68864002,95.69393405,93.68864002,90.4312207,93.04293155,90.4312207
2648,90.36302056,93.04324505,90.43150554,93.68896061,95.69427665,93.68896061,90.43150554,93.04324505,90.43150554
2649,90.36330444,93.04355833,90.43179017,93.68928096,95.69461899,93.68928096,90.43179017,93.04355833,90.43179017
2650,90.36358811,93.04387137,90.43207459,93.68960108,95.69496109,93.68960108,90.43207459,93.04387137,90.43207459
2651,90.36387157,93.04418419,90.43235881,93.68992097,95.69530294,93.68992097,90.43235881,93.04418419,90.43235881
2652,90.36415483,93.04449677,90.43264281,93.69024062,95.69564453,93.69024062,90.43264281,93.04449677,90.43264281
2653,90.36443788,93.04480913,90.43292661,93.69056004,95.69598588,93.69056004,90.43292661,93.04480913,90.43292661
2654,90.36472072,93.04512126,90.4332102,93.69087922,95.69632697,93.69087922,90.4332102,93.04512126,90.4332102
2655,90.36500336,93.04543316,90.43349359,93.69119817,95.69666782,93.69119817,90.43349359,93.04543316,90.43349359
2656,90.36528579,93.04574483,90.43377676,93.69151689,95.69700842,93.69151689,90.43377676,93.04574483,90.43377676
2657,90.36556801,93.04605628,90.43405973,93.69183538,95.69734876,93.69183538,90.43405973,93.04605628,90.43405973
2658,90.36585002,93.04636749,90.43434249,93.69215363,95.69768886,93.69215363,90.43434249,93.04636749,90.43434249
2659,90.36613183,93.04667848,90.43462505,93.69247165,95.69802872,93.69247165,90.43462505,93.04667848,90.43462505
2660,90.36641344,93.04698925,90.4349074,93.69278943,95.69836832,93.69278943,90.4349074,93.04698925,90.4349074
2661,90.36669484,93.04729978,90.43518954,93.69310699,95.69870767,93.69310699,90.43518954,93.04729978,90.43518954
2662,90.36697603,93.04761009,90.43547148,93.69342431,95.69904678,93.69342431,90.43547148,93.04761009,90.43547148
2663,90.36725702,93.04792017,90.43575321,93.6937414,95.69938564,93.6937414,90.43575321,93.04792017,90.43575321
2664,90.3675378,93.04823003,90.43603474,93.69405827,95.69972425,93.69405827,90.43603474,93.04823003,90.43603474
2665,90.36781838,93.04853966,90.43631606,93.6943749,95.70006262,93.6943749,90.43631606,93.04853966,90.43631606
2666,90.36809876,93.04884907,90.43659718,93.69469129,95.70040074,93.69469129,90.43659718,93.04884907,90.43659718
2667,90.36837893,93.04915825,90.43687809,93.69500746,95.70073861,93.69500746,90.43687809,93.04915825,90.43687809
2668,90.36865889,93.0494672,90.43715879,93.6953234,95.70107624,93.6953234,90.43715879,93.0494672,90.43715879
2669,90.36893866,93.04977593,90.4374393,93.69563911,95.70141362,93.69563911,90.4374393,93.04977593,90.4374393
2670,90.36921822,93.05008444,90.4377196,93.69595459,95.70175076,93.69595459,90.4377196,93.05008444,90.4377196
2671,90.36949757,93.05039272,90.43799969,93.69626984,95.70208765,93.69626984,90.43799969,93.05039272,90.43799969
2672,90.36977672,93.05070077,90.43827958,93.69658486,95.7024243,93.69658486,90.43827958,93.05070077,90.43827958
2673,90.37005567,93.05100861,90.43855927,93.69689965,95.7027607,93.69689965,90.43855927,93.05100861,90.43855927
2674,90.37033442,93.05131622,90.43883876,93.69721422,95.70309686,93.69721422,90.43883876,93.05131622,90.43883876
2675,90.37061297,93.0516236,90.43911804,93.69752855,95.70343277,93.69752855,90.43911804,93.0516236,90.43911804
2676,90.37089131,93.05193077,90.43939712,93.69784266,95.70376844,93.69784266,90.43939712,93.05193077,90.43939712
2677,90.37116945,93.05223771,90.43967599,93.69815653,95.70410386,93.69815653,90.43967599,93.05223771,90.43967599
2678,90.37144739,93.05254442,90.43995467,93.69847019,95.70443905,93.69847019,90.43995467,93.05254442,90.43995467
2679,90.37172513,93.05285092,90.44023314,93.69878361,95.70477399,93.69878361,90.44023314,93.05285092,90.44023314
2680,90.37200266,93.05315719,90.44051141,93.6990968,95.70510868,93.6990968,90.44051141,93.05315719,90.44051141
2681,90.37228,93.05346324,90.44078948,93.69940977,95.70544314,93.69940977,90.44078948,93.05346324,90.44078948
2682,90.37255713,93.05376907,90.44106735,93.69972252,95.70577735,93.69972252,90.44106735,93.05376907,90.44106735
2683,90.37283407,93.05407468,90.44134501,93.70003503,95.70611132,93.70003503,90.44134501,93.05407468,90.44134501
2684,90.3731108,93.05438007,90.44162248,93.70034732,95.70644505,93.70034732,90.44162248,93.05438007,90.44162248
2685,90.37338733,93.05468523,90.44189974,93.70065939,95.70677853,93.70065939,90.44189974,93.05468523,90.44189974
2686,90.37366366,93.05499018,90.44217681,93.70097122,95.70711178,93.70097122,90.44217681,93.05499018,90.44217681
2687,90.3739398,93.0552949,90.44245367,93.70128284,95.70744478,93.70128284,90.44245367,93.0552949,90.44245367
2688,90.37421573,93.05559941,90.44273033,93.70159422,95.70777755,93.70159422,90.44273033,93.05559941,90.44273033
2689,90.37449146,93.05590369,90.4430068,93.70190539,95.70811007,93.70190539,90.4430068,93.05590369,90.4430068
2690,90.374767,93.05620775,90.44328306,93.70221633,95.70844235,93.70221633,90.44328306,93.05620775,90.44328306
2691,90.37504234,93.0565116,90.44355912,93.70252704,95.7087744,93.70252704,90.44355912,93.0565116,90.44355912
2692,90.37531747,93.05681523,90.44383499,93.70283753,95.7091062,93.70283753,90.44383499,93.05681523,90.44383499
2693,90.37559241,93.05711863,90.44411066,93.70314779,95.70943777,93.70314779,90.44411066,93.05711863,90.44411066
2694,90.37586715,93.05742182,90.44438612,93.70345783,95.70976909,93.70345783,90.44438612,93.05742182,90.44438612
2695,90.3761417,93.05772479,90.44466139,93.70376765,95.71010018,93.70376765,90.44466139,93.05772479,90.44466139
2696,90.37641604,93.05802754,90.44493646,93.70407725,95.71043103,93.70407725,90.44493646,93.05802754,90.44493646
2697,90.37669019,93.05833007,90.44521134,93.70438662,95.71076164,93.70438662,90.44521134,93.05833007,90.44521134
2698,90.37696414,93.05863239,90.44548601,93.70469577,95.71109201,93.70469577,90.44548601,93.05863239,90.44548601
2699,90.37723789,93.05893449,90.44576049,93.70500469,95.71142214,93.70500469,90.44576049,93.05893449,90.44576049
2700,90.37751144,93.05923637,90.44603477,93.7053134,95.71175204,93.7053134,90.44603477,93.05923637,90.44603477
2701,90.3777848,93.05953803,90.44630885,93.70562188,95.7120817,93.70562188,90.44630885,93.05953803,90.44630885
2702,90.37805796,93.05983947,90.44658273,93.70593014,95.71241112,93.70593014,90.44658273,93.05983947,90.44658273
2703,90.37833093,93.0601407,90.44685642,93.70623818,95.7127403,93.70623818,90.44685642,93.0601407,90.44685642
2704,90.3786037,93.06044172,90.44712991,93.70654599,95.71306925,93.70654599,90.44712991,93.06044172,90.44712991
2705,90.37887627,93.06074251,90.44740321,93.70685359,95.71339796,93.70685359,90.44740321,93.06074251,90.44740321
2706,90.37914865,93.06104309,90.4476763,93.70716096,95.71372644,93.70716096,90.4476763,93.06104309,90.4476763
2707,90.37942083,93.06134346,90.44794921,93.70746812,95.71405468,93.70746812,90.44794921,93.06134346,90.44794921
2708,90.37969282,93.06164361,90.44822191,93.70777505,95.71438268,93.70777505,90.44822191,93.06164361,90.44822191
2709,90.37996461,93.06194354,90.44849442,93.70808177,95.71471045,93.70808177,90.44849442,93.06194354,90.44849442
2710,90.38023621,93.06224326,90.44876674,93.70838826,95.71503799,93.70838826,90.44876674,93.06224326,90.44876674
2711,90.38050761,93.06254276,90.44903886,93.70869454,95.71536529,93.70869454,90.44903886,93.06254276,90.44903886
2712,90.38077882,93.06284205,90.44931079,93.70900059,95.71569235,93.70900059,90.44931079,93.06284205,90.44931079
2713,90.38104983,93.06314113,90.44958252,93.70930643,95.71601918,93.70930643,90.44958252,93.06314113,90.44958252
2714,90.38132065,93.06343999,90.44985405,93.70961204,95.71634578,93.70961204,90.44985405,93.06343999,90.44985405
2715,90.38159128,93.06373864,90.45012539,93.70991744,95.71667214,93.70991744,90.45012539,93.06373864,90.45012539
2716,90.38186171,93.06403707,90.45039654,93.71022262,95.71699827,93.71022262,90.45039654,93.06403707,90.45039654
2717,90.38213195,93.06433529,90.4506675,93.71052758,95.71732417,93.71052758,90.4506675,93.06433529,90.4506675
2718,90.38240199,93.0646333,90.45093825,93.71083232,95.71764983,93.71083232,90.45093825,93.0646333,90.45093825
2719,90.38267185,93.06493109,90.45120882,93.71113685,95.71797526,93.71113685,90.45120882,93.06493109,90.45120882
2720,90.38294151,93.06522867,90.45147919,93.71144116,95.71830046,93.71144116,90.45147919,93.06522867,90.45147919
2721,90.38321097,93.06552604,90.45174937,93.71174525,95.71862543,93.71174525,90.45174937,93.06552604,90.45174937
2722,90.38348025,93.06582319,90.45201936,93.71204912,95.71895016,93.71204912,90.45201936,93.06582319,90.45201936
2723,90.38374933,93.06612014,90.45228916,93.71235278,95.71927466,93.71235278,90.45228916,93.06612014,90.45228916
2724,90.38401822,93.06641687,90.45255876,93.71265622,95.71959893,93.71265622,90.45255876,93.06641687,90.45255876
2725,90.38428692,93.06671339,90.45282817,93.71295944,95.71992297,93.71295944,90.45282817,93.06671339,90.45282817
2726,90.38455543,93.0670097,90.45309738,93.71326245,95.72024678,93.71326245,90.45309738,93.0670097,90.45309738
2727,90.38482374,93.0673058,90.45336641,93.71356524,95.72057036,93.71356524,90.45336641,93.0673058,90.45336641
2728,90.38509187,93.06760168,90.45363524,93.71386781,95.7208937,93.71386781,90.45363524,93.06760168,90.45363524
2729,90.3853598,93.06789736,90.45390389,93.71417017,95.72121682,93.71417017,90.45390389,93.06789736,90.45390389
2730,90.38562754,93.06819283,90.45417234,93.71447232,95.72153971,93.71447232,90.45417234,93.06819283,90.45417234
2731,90.3858951,93.06848808,90.4544406,93.71477425,95.72186236,93.71477425,90.4544406,93.06848808,90.4544406
2732,90.38616246,93.06878313,90.45470867,93.71507596,95.72218479,93.71507596,90.45470867,93.06878313,90.45470867
2733,90.38642963,93.06907796,90.45497655,93.71537746,95.72250699,93.71537746,90.45497655,93.06907796,90.45497655
2734,90.38669661,93.06937259,90.45524423,93.71567875,95.72282896,93.71567875,90.45524423,93.06937259,90.45524423
2735,90.3869634,93.069667,90.45551173,93.71597982,95.7231507,93.71597982,90.45551173,93.069667,90.45551173
2736,90.38723001,93.06996121,90.45577904,93.71628068,95.72347221,93.71628068,90.45577904,93.06996121,90.45577904
2737,90.38749642,93.07025521,90.45604616,93.71658132,95.72379349,93.71658132,90.45604616,93.07025521,90.45604616
2738,90.38776264,93.070549,90.45631309,93.71688175,95.72411455,93.71688175,90.45631309,93.070549,90.45631309
2739,90.38802868,93.07084258,90.45657983,93.71718197,95.72443537,93.71718197,90.45657983,93.07084258,90.45657983
2740,90.38829453,93.07113595,90.45684638,93.71748197,95.72475597,93.71748197,90.45684638,93.07113595,90.45684638
2741,90.38856018,93.07142912,90.45711274,93.71778176,95.72507634,93.71778176,90.45711274,93.07142912,90.45711274
2742,90.38882565,93.07172208,90.45737891,93.71808134,95.72539649,93.71808134,90.45737891,93.07172208,90.45737891
2743,90.38909093,93.07201483,90.45764489,93.71838071,95.72571641,93.71838071,90.45764489,93.07201483,90.45764489
2744,90.38935603,93.07230737,90.45791069,93.71867987,95.7260361,93.71867987,90.45791069,93.07230737,90.45791069
2745,90.38962093,93.0725997,90.45817629,93.71897881,95.72635556,93.71897881,90.45817629,93.0725997,90.45817629
2746,90.38988565,93.07289183,90.45844171,93.71927754,95.7266748,93.71927754,90.45844171,93.07289183,90.45844171
2747,90.39015018,93.07318375,90.45870694,93.71957606,95.72699382,93.71957606,90.45870694,93.07318375,90.45870694
2748,90.39041453,93.07347547,90.45897199,93.71987437,95.7273126,93.71987437,90.45897199,93.07347547,90.45897199
2749,90.39067868,93.07376697,90.45923684,93.72017247,95.72763117,93.72017247,90.45923684,93.07376697,90.45923684
2750,90.39094265,93.07405828,90.45950151,93.72047035,95.7279495,93.72047035,90.45950151,93.07405828,90.45950151
2751,90.39120644,93.07434937,90.45976599,93.72076803,95.72826761,93.72076803,90.45976599,93.07434937,90.45976599
2752,90.39147004,93.07464026,90.46003029,93.7210655,95.7285855,93.7210655,90.46003029,93.07464026,90.46003029
2753,90.39173345,93.07493095,90.4602944,93.72136275,95.72890316,93.72136275,90.4602944,93.07493095,90.4602944
2754,90.39199667,93.07522143,90.46055832,93.7216598,95.7292206,93.7216598,90.46055832,93.07522143,90.46055832
2755,90.39225971,93.07551171,90.46082205,93.72195664,95.72953782,93.72195664,90.46082205,93.07551171,90.46082205
2756,90.39252257,93.07580178,90.4610856,93.72225326,95.72985481,93.72225326,90.4610856,93.07580178,90.4610856
2757,90.39278523,93.07609164,90.46134897,93.72254968,95.73017157,93.72254968,90.46134897,93.07609164,90.46134897
2758,90.39304772,93.0763813,90.46161214,93.72284589,95.73048812,93.72284589,90.46161214,93.0763813,90.46161214
2759,90.39331002,93.07667076,90.46187514,93.72314189,95.73080444,93.72314189,90.46187514,93.07667076,90.46187514
2760,90.39357213,93.07696001,90.46213794,93.72343768,95.73112054,93.72343768,90.46213794,93.07696001,90.46213794
2761,90.39383406,93.07724906,90.46240057,93.72373327,95.73143641,93.72373327,90.46240057,93.07724906,90.46240057
2762,90.3940958,93.07753791,90.462663,93.72402864,95.73175206,93.72402864,90.462663,93.07753791,90.462663
2763,90.39435736,93.07782655,90.46292526,93.72432381,95.7320675,93.72432381,90.46292526,93.07782655,90.46292526
2764,90.39461874,93.07811499,90.46318732,93.72461877,95.7323827,93.72461877,90.46318732,93.07811499,90.46318732
2765,90.39487993,93.07840323,90.46344921,93.72491353,95.73269769,93.72491353,90.46344921,93.07840323,90.46344921
2766,90.39514094,93.07869127,90.46371091,93.72520807,95.73301246,93.72520807,90.46371091,93.07869127,90.46371091
2767,90.39540177,93.0789791,90.46397242,93.72550241,95.733327,93.72550241,90.46397242,93.0789791,90.46397242
2768,90.39566241,93.07926673,90.46423376,93.72579654,95.73364133,93.72579654,90.46423376,93.07926673,90.46423376
2769,90.39592287,93.07955416,90.4644949,93.72609047,95.73395543,93.72609047,90.4644949,93.07955416,90.4644949
2770,90.39618315,93.07984138,90.46475587,93.72638419,95.73426931,93.72638419,90.46475587,93.07984138,90.46475587
2771,90.39644324,93.08012841,90.46501665,93.7266777,95.73458297,93.7266777,90.46501665,93.08012841,90.46501665
2772,90.39670315,93.08041523,90.46527725,93.72697101,95.73489642,93.72697101,90.46527725,93.08041523,90.46527725
2773,90.39696288,93.08070185,90.46553767,93.72726411,95.73520964,93.72726411,90.46553767,93.08070185,90.46553767
2774,90.39722243,93.08098828,90.4657979,93.727557,95.73552264,93.727557,90.4657979,93.08098828,90.4657979
2775,90.3974818,93.0812745,90.46605795,93.72784969,95.73583543,93.72784969,90.46605795,93.0812745,90.46605795
2776,90.39774098,93.08156052,90.46631782,93.72814218,95.73614799,93.72814218,90.46631782,93.08156052,90.46631782
2777,90.39799998,93.08184634,90.46657751,93.72843446,95.73646034,93.72843446,90.46657751,93.08184634,90.46657751
2778,90.3982588,93.08213196,90.46683702,93.72872654,95.73677246,93.72872654,90.46683702,93.08213196,90.46683702
2779,90.39851744,93.08241738,90.46709634,93.72901841,95.73708437,93.72901841,90.46709634,93.08241738,90.46709634
2780,90.3987759,93.0827026,90.46735548,93.72931008,95.73739606,93.72931008,90.46735548,93.0827026,90.46735548
2781,90.39903418,93.08298762,90.46761444,93.72960154,95.73770753,93.72960154,90.46761444,93.08298762,90.46761444
2782,90.39929228,93.08327244,90.46787322,93.7298928,95.73801879,93.7298928,90.46787322,93.08327244,90.46787322
2783,90.39955019,93.08355706,90.46813182,93.73018386,95.73832983,93.73018386,90.46813182,93.08355706,90.46813182
2784,90.39980793,93.08384149,90.46839024,93.73047471,95.73864065,93.73047471,90.46839024,93.08384149,90.46839024
2785,90.40006549,93.08412571,90.46864848,93.73076536,95.73895125,93.73076536,90.46864848,93.08412571,90.46864848
2786,90.40032287,93.08440974,90.46890654,93.73105581,95.73926164,93.73105581,90.46890654,93.08440974,90.46890654
2787,90.40058006,93.08469357,90.46916442,93.73134605,95.73957181,93.73134605,90.46916442,93.08469357,90.46916442
2788,90.40083708,93.0849772,90.46942212,93.7316361,95.73988176,93.7316361,90.46942212,93.0849772,90.46942212
2789,90.40109392,93.08526063,90.46967964,93.73192594,95.7401915,93.73192594,90.46967964,93.08526063,90.46967964
2790,90.40135058,93.08554387,90.46993698,93.73221557,95.74050102,93.73221557,90.46993698,93.08554387,90.46993698
2791,90.40160706,93.08582691,90.47019414,93.73250501,95.74081032,93.73250501,90.47019414,93.08582691,90.47019414
2792,90.40186337,93.08610975,90.47045112,93.73279424,95.74111941,93.73279424,90.47045112,93.08610975,90.47045112
2793,90.40211949,93.08639239,90.47070792,93.73308328,95.74142829,93.73308328,90.47070792,93.08639239,90.47070792
2794,90.40237544,93.08667484,90.47096454,93.73337211,95.74173695,93.73337211,90.47096454,93.08667484,90.47096454
2795,90.4026312,93.08695709,90.47122099,93.73366074,95.74204539,93.73366074,90.47122099,93.08695709,90.47122099
2796,90.40288679,93.08723914,90.47147725,93.73394917,95.74235362,93.73394917,90.47147725,93.08723914,90.47147725
2797,90.40314221,93.087521,90.47173334,93.7342374,95.74266164,93.7342374,90.47173334,93.087521,90.47173334
2798,90.40339744,93.08780266,90.47198925,93.73452543,95.74296944,93.73452543,90.47198925,93.08780266,90.47198925
2799,90.4036525,93.08808413,90.47224498,93.73481326,95.74327703,93.73481326,90.47224498,93.08808413,90.47224498
2800,90.40390738,93.0883654,90.47250054,93.73510089,95.7435844,93.73510089,90.47250054,93.0883654,90.47250054
2801,90.40416208,93.08864648,90.47275591,93.73538832,95.74389157,93.73538832,90.47275591,93.08864648,90.47275591
2802,90.40441661,93.08892736,90.47301111,93.73567555,95.74419851,93.73567555,90.47301111,93.08892736,90.47301111
2803,90.40467096,93.08920804,90.47326614,93.73596258,95.74450525,93.73596258,90.47326614,93.08920804,90.47326614
2804,90.40492513,93.08948853,90.47352098,93.73624941,95.74481177,93.73624941,90.47352098,93.08948853,90.47352098
2805,90.40517913,93.08976883,90.47377565,93.73653604,95.74511808,93.73653604,90.47377565,93.08976883,90.47377565
2806,90.40543295,93.09004893,90.47403014,93.73682247,95.74542418,93.73682247,90.47403014,93.09004893,90.47403014
2807,90.40568659,93.09032884,90.47428446,93.73710871,95.74573006,93.73710871,90.47428446,93.09032884,90.47428446
2808,90.40594006,93.09060856,90.4745386,93.73739475,95.74603574,93.73739475,90.4745386,93.09060856,90.4745386
2809,90.40619336,93.09088808,90.47479256,93.73768059,95.7463412,93.73768059,90.47479256,93.09088808,90.47479256
2810,90.40644648,93.0911674,90.47504635,93.73796623,95.74664645,93.73796623,90.47504635,93.0911674,90.47504635
2811,90.40669942,93.09144654,90.47529996,93.73825167,95.74695149,93.73825167,90.47529996,93.09144654,90.47529996
2812,90.40695219,93.09172548,90.4755534,93.73853692,95.74725631,93.73853692,90.4755534,93.09172548,90.4755534
2813,90.40720478,93.09200423,90.47580666,93.73882197,95.74756093,93.73882197,90.47580666,93.09200423,90.47580666
2814,90.4074572,93.09228278,90.47605975,93.73910682,95.74786534,93.73910682,90.47605975,93.09228278,90.47605975
2815,90.40770945,93.09256114,90.47631266,93.73939147,95.74816953,93.73939147,90.47631266,93.09256114,90.47631266
2816,90.40796152,93.09283931,90.4765654,93.73967593,95.74847352,93.73967593,90.4765654,93.09283931,90.4765654
2817,90.40821341,93.09311729,90.47681796,93.73996019,95.7487773,93.73996019,90.47681796,93.09311729,90.47681796
2818,90.40846513,93.09339508,90.47707035,93.74024426,95.74908086,93.74024426,90.47707035,93.09339508,90.47707035
2819,90.40871668,93.09367267,90.47732257,93.74052813,95.74938422,93.74052813,90.47732257,93.09367267,90.47732257
2820,90.40896806,93.09395008,90.47757461,93.7408118,95.74968737,93.7408118,90.47757461,93.09395008,90.47757461
2821,90.40921926,93.09422729,90.47782647,93.74109528,95.74999031,93.74109528,90.47782647,93.09422729,90.47782647
2822,90.40947029,93.09450431,90.47807816,93.74137856,95.75029304,93.74137856,90.47807816,93.09450431,90.47807816
2823,90.40972114,93.09478114,90.47832968,93.74166165,95.75059556,93.74166165,90.47832968,93.09478114,90.47832968
2824,90.40997183,93.09505778,90.47858103,93.74194454,95.75089787,93.74194454,90.47858103,93.09505778,90.47858103
2825,90.41022234,93.09533423,90.4788322,93.74222724,95.75119997,93.74222724,90.4788322,93.09533423,90.4788322
2826,90.41047268,93.09561049,90.4790832,93.74250974,95.75150187,93.74250974,90.4790832,93.09561049,90.4790832
2827,90.41072284,93.09588655,90.47933403,93.74279205,95.75180356,93.74279205,90.47933403,93.09588655,90.47933403
2828,90.41097283,93.09616243,90.47958469,93.74307417,95.75210504,93.74307417,90.47958469,93.09616243,90.47958469
2829,90.41122266,93.09643812,90.47983517,93.74335609,95.75240632,93.74335609,90.47983517,93.09643812,90.47983517
2830,90.41147231,93.09671362,90.48008548,93.74363781,95.75270738,93.74363781,90.48008548,93.09671362,90.48008548
2831,90.41172178,93.09698893,90.48033562,93.74391935,95.75300824,93.74391935,90.48033562,93.09698893,90.48033562
2832,90.41197109,93.09726405,90.48058558,93.74420069,95.7533089,93.74420069,90.48058558,93.09726405,90.48058558
2833,90.41222023,93.09753898,90.48083538,93.74448183,95.75360934,93.74448183,90.48083538,93.09753898,90.48083538
2834,90.41246919,93.09781372,90.481085,93.74476279,95.75390958,93.74476279,90.481085,93.09781372,90.481085
2835,90.41271798,93.09808828,90.48133445,93.74504355,95.75420962,93.74504355,90.48133445,93.09808828,90.48133445
2836,90.41296661,93.09836264,90.48158373,93.74532412,95.75450945,93.74532412,90.48158373,93.09836264,90.48158373
2837,90.41321506,93.09863682,90.48183284,93.74560449,95.75480907,93.74560449,90.48183284,93.09863682,90.48183284
2838,90.41346334,93.09891081,90.48208178,93.74588467,95.75510849,93.74588467,90.48208178,93.09891081,90.48208178
2839,90.41371145,93.09918461,90.48233055,93.74616467,95.7554077,93.74616467,90.48233055,93.09918461,90.48233055
2840,90.4139594,93.09945823,90.48257915,93.74644447,95.75570671,93.74644447,90.48257915,93.09945823,90.48257915
2841,90.41420717,93.09973166,90.48282758,93.74672407,95.75600551,93.74672407,90.48282758,93.09973166,90.48282758
2842,90.41445477,93.1000049,90.48307583,93.74700349,95.75630411,93.74700349,90.48307583,93.1000049,90.48307583
2843,90.4147022,93.10027795,90.48332392,93.74728271,95.7566025,93.74728271,90.48332392,93.10027795,90.48332392
2844,90.41494947,93.10055081,90.48357184,93.74756175,95.75690069,93.74756175,90.48357184,93.10055081,90.48357184
2845,90.41519656,93.10082349,90.48381959,93.74784059,95.75719868,93.74784059,90.48381959,93.10082349,90.48381959
2846,90.41544349,93.10109599,90.48406717,93.74811924,95.75749646,93.74811924,90.48406717,93.10109599,90.48406717
2847,90.41569024,93.10136829,90.48431458,93.74839771,95.75779404,93.74839771,90.48431458,93.10136829,90.48431458
2848,90.41593683,93.10164041,90.48456182,93.74867598,95.75809141,93.74867598,90.48456182,93.10164041,90.48456182
2849,90.41618325,93.10191235,90.48480889,93.74895406,95.75838858,93.74895406,90.48480889,93.10191235,90.48480889
2850,90.4164295,93.1021841,90.48505579,93.74923195,95.75868555,93.74923195,90.48505579,93.1021841,90.48505579
2851,90.41667559,93.10245566,90.48530253,93.74950966,95.75898232,93.74950966,90.48530253,93.10245566,90.48530253
2852,90.4169215,93.10272704,90.48554909,93.74978717,95.75927888,93.74978717,90.48554909,93.10272704,90.48554909
2853,90.41716725,93.10299823,90.48579549,93.75006449,95.75957524,93.75006449,90.48579549,93.10299823,90.48579549
2854,90.41741283,93.10326924,90.48604172,93.75034163,95.7598714,93.75034163,90.48604172,93.10326924,90.48604172
2855,90.41765825,93.10354007,90.48628778,93.75061857,95.76016736,93.75061857,90.48628778,93.10354007,90.48628778
2856,90.41790349,93.10381071,90.48653368,93.75089533,95.76046312,93.75089533,90.48653368,93.10381071,90.48653368
2857,90.41814857,93.10408116,90.48677941,93.7511719,95.76075867,93.7511719,90.48677941,93.10408116,90.48677941
2858,90.41839348,93.10435143,90.48702497,93.75144828,95.76105402,93.75144828,90.48702497,93.10435143,90.48702497
2859,90.41863823,93.10462152,90.48727036,93.75172447,95.76134918,93.75172447,90.48727036,93.10462152,90.48727036
2860,90.41888281,93.10489142,90.48751558,93.75200047,95.76164413,93.75200047,90.48751558,93.10489142,90.48751558
2861,90.41912722,93.10516114,90.48776064,93.75227629,95.76193888,93.75227629,90.48776064,93.10516114,90.48776064
2862,90.41937146,93.10543068,90.48800554,93.75255192,95.76223343,93.75255192,90.48800554,93.10543068,90.48800554
2863,90.41961554,93.10570003,90.48825026,93.75282736,95.76252778,93.75282736,90.48825026,93.10570003,90.48825026
2864,90.41985946,93.1059692,90.48849482,93.75310261,95.76282193,93.75310261,90.48849482,93.1059692,90.48849482
2865,90.42010321,93.10623819,90.48873921,93.75337768,95.76311588,93.75337768,90.48873921,93.10623819,90.48873921
2866,90.42034679,93.10650699,90.48898344,93.75365256,95.76340963,93.75365256,90.48898344,93.10650699,90.48898344
2867,90.42059021,93.10677561,90.4892275,93.75392725,95.76370318,93.75392725,90.4892275,93.10677561,90.4892275
2868,90.42083346,93.10704405,90.4894714,93.75420176,95.76399653,93.75420176,90.4894714,93.10704405,90.4894714
2869,90.42107655,93.10731231,90.48971513,93.75447608,95.76428969,93.75447608,90.48971513,93.10731231,90.48971513
2870,90.42131947,93.10758038,90.48995869,93.75475022,95.76458264,93.75475022,90.48995869,93.10758038,90.48995869
2871,90.42156223,93.10784828,90.49020209,93.75502417,95.7648754,93.75502417,90.49020209,93.10784828,90.49020209
2872,90.42180482,93.10811599,90.49044533,93.75529793,95.76516795,93.75529793,90.49044533,93.10811599,90.49044533
2873,90.42204725,93.10838352,90.4906884,93.75557151,95.76546031,93.75557151,90.4906884,93.10838352,90.4906884
2874,90.42228951,93.10865087,90.49093131,93.7558449,95.76575247,93.7558449,90.49093131,93.10865087,90.49093131
2875,90.42253162,93.10891804,90.49117405,93.75611811,95.76604444,93.75611811,90.49117405,93.10891804,90.49117405
2876,90.42277355,93.10918503,90.49141662,93.75639113,95.7663362,93.75639113,90.49141662,93.10918503,90.49141662
2877,90.42301533,93.10945183,90.49165904,93.75666397,95.76662777,93.75666397,90.49165904,93.10945183,90.49165904
2878,90.42325694,93.10971846,90.49190129,93.75693663,95.76691914,93.75693663,90.49190129,93.10971846,90.49190129
2879,90.42349838,93.10998491,90.49214337,93.75720909,95.76721032,93.75720909,90.49214337,93.10998491,90.49214337
2880,90.42373967,93.11025117,90.49238529,93.75748138,95.76750129,93.75748138,90.49238529,93.11025117,90.49238529
2881,90.42398079,93.11051726,90.49262705,93.75775348,95.76779207,93.75775348,90.49262705,93.11051726,90.49262705
2882,90.42422174,93.11078317,90.49286865,93.7580254,95.76808266,93.7580254,90.49286865,93.11078317,90.49286865
2883,90.42446254,93.11104889,90.49311008,93.75829713,95.76837305,93.75829713,90.49311008,93.11104889,90.49311008
2884,90.42470317,93.11131444,90.49335135,93.75856868,95.76866324,93.75856868,90.49335135,93.11131444,90.49335135
2885,90.42494364,93.11157981,90.49359245,93.75884005,95.76895323,93.75884005,90.49359245,93.11157981,90.49359245
2886,90.42518395,93.111845,90.4938334,93.75911123,95.76924304,93.75911123,90.4938334,93.111845,90.4938334
2887,90.42542409,93.11211001,90.49407418,93.75938224,95.76953264,93.75938224,90.49407418,93.11211001,90.49407418
2888,90.42566408,93.11237484,90.4943148,93.75965306,95.76982205,93.75965306,90.4943148,93.11237484,90.4943148
2889,90.4259039,93.1126395,90.49455525,93.75992369,95.77011127,93.75992369,90.49455525,93.1126395,90.49455525
2890,90.42614356,93.11290397,90.49479555,93.76019415,95.77040029,93.76019415,90.49479555,93.11290397,90.49479555
2891,90.42638306,93.11316827,90.49503568,93.76046442,95.77068911,93.76046442,90.49503568,93.11316827,90.49503568
2892,90.4266224,93.11343239,90.49527565,93.76073451,95.77097774,93.76073451,90.49527565,93.11343239,90.49527565
2893,90.42686157,93.11369633,90.49551546,93.76100442,95.77126618,93.76100442,90.49551546,93.11369633,90.49551546
2894,90.42710059,93.11396009,90.49575511,93.76127414,95.77155442,93.76127414,90.49575511,93.11396009,90.49575511
2895,90.42733944,93.11422368,90.4959946,93.76154369,95.77184247,93.76154369,90.4959946,93.11422368,90.4959946
2896,90.42757814,93.11448709,90.49623392,93.76181305,95.77213033,93.76181305,90.49623392,93.11448709,90.49623392
2897,90.42781667,93.11475032,90.49647309,93.76208223,95.77241799,93.76208223,90.49647309,93.11475032,90.49647309
2898,90.42805505,93.11501338,90.49671209,93.76235124,95.77270546,93.76235124,90.49671209,93.11501338,90.49671209
2899,90.42829326,93.11527626,90.49695094,93.76262006,95.77299274,93.76262006,90.49695094,93.11527626,90.49695094
2900,90.42853132,93.11553896,90.49718962,93.7628887,95.77327982,93.7628887,90.49718962,93.11553896,90.49718962
2901,90.42876921,93.11580149,90.49742815,93.76315716,95.77356671,93.76315716,90.49742815,93.11580149,90.49742815
2902,90.42900695,93.11606384,90.49766651,93.76342544,95.77385341,93.76342544,90.49766651,93.11606384,90.49766651
2903,90.42924452,93.11632601,90.49790471,93.76369354,95.77413991,93.76369354,90.49790471,93.11632601,90.49790471
2904,90.42948194,93.11658801,90.49814276,93.76396146,95.77442623,93.76396146,90.49814276,93.11658801,90.49814276
2905,90.42971919,93.11684983,90.49838064,93.7642292,95.77471235,93.7642292,90.49838064,93.11684983,90.49838064
2906,90.42995629,93.11711148,90.49861837,93.76449677,95.77499828,93.76449677,90.49861837,93.11711148,90.49861837
2907,90.43019323,93.11737295,90.49885593,93.76476415,95.77528402,93.76476415,90.49885593,93.11737295,90.49885593
2908,90.43043001,93.11763425,90.49909334,93.76503135,95.77556956,93.76503135,90.49909334,93.11763425,90.49909334
2909,90.43066663,93.11789537,90.49933059,93.76529838,95.77585492,93.76529838,90.49933059,93.11789537,90.49933059
2910,90.4309031,93.11815632,90.49956768,93.76556522,95.77614008,93.76556522,90.49956768,93.11815632,90.49956768
2911,90.4311394,93.1184171,90.49980461,93.76583189,95.77642506,93.76583189,90.49980461,93.1184171,90.49980461
2912,90.43137555,93.11867769,90.50004138,93.76609838,95.77670984,93.76609838,90.50004138,93.11867769,90.50004138
2913,90.43161154,93.11893812,90.50027799,93.76636469,95.77699444,93.76636469,90.50027799,93.11893812,90.50027799
2914,90.43184737,93.11919837,90.50051445,93.76663083,95.77727884,93.76663083,90.50051445,93.11919837,90.50051445
2915,90.43208305,93.11945845,90.50075075,93.76689678,95.77756305,93.76689678,90.50075075,93.11945845,90.50075075
2916,90.43231856,93.11971835,90.50098689,93.76716256,95.77784708,93.76716256,90.50098689,93.11971835,90.50098689
2917,90.43255392,93.11997808,90.50122287,93.76742816,95.77813091,93.76742816,90.50122287,93.11997808,90.50122287
2918,90.43278913,93.12023764,90.5014587,93.76769359,95.77841456,93.76769359,90.5014587,93.12023764,90.5014587
2919,90.43302417,93.12049702,90.50169436,93.76795883,95.77869801,93.76795883,90.50169436,93.12049702,90.50169436
2920,90.43325906,93.12075623,90.50192987,93.7682239,95.77898128,93.7682239,90.50192987,93.12075623,90.50192987
2921,90.43349379,93.12101527,90.50216523,93.76848879,95.77926435,93.76848879,90.50216523,93.12101527,90.50216523
2922,90.43372837,93.12127413,90.50240043,93.76875351,95.77954724,93.76875351,90.50240043,93.12127413,90.50240043
2923,90.43396279,93.12153282,90.50263547,93.76901805,95.77982994,93.76901805,90.50263547,93.12153282,90.50263547
2924,90.43419705,93.12179134,90.50287035,93.76928242,95.78011246,93.76928242,90.50287035,93.12179134,90.50287035
2925,90.43443116,93.12204969,90.50310508,93.7695466,95.78039478,93.7695466,90.50310508,93.12204969,90.50310508
2926,90.43466511,93.12230787,90.50333965,93.76981062,95.78067692,93.76981062,90.50333965,93.12230787,90.50333965
2927,90.43489891,93.12256587,90.50357406,93.77007445,95.78095886,93.77007445,90.50357406,93.12256587,90.50357406
2928,90.43513255,93.12282371,90.50380832,93.77033811,95.78124063,93.77033811,90.50380832,93.12282371,90.50380832
2929,90.43536604,93.12308137,90.50404243,93.7706016,95.7815222,93.7706016,90.50404243,93.12308137,90.50404243
2930,90.43559937,93.12333886,90.50427637,93.77086491,95.78180359,93.77086491,90.50427637,93.12333886,90.50427637
2931,90.43583254,93.12359618,90.50451017,93.77112804,95.78208479,93.77112804,90.50451017,93.12359618,90.50451017
2932,90.43606556,93.12385332,90.5047438,93.77139101,95.7823658,93.77139101,90.5047438,93.12385332,90.5047438
2933,90.43629843,93.1241103,90.50497728,93.77165379,95.78264662,93.77165379,90.50497728,93.1241103,90.50497728
2934,90.43653114,93.12436711,90.50521061,93.7719164,95.78292726,93.7719164,90.50521061,93.12436711,90.50521061
2935,90.4367637,93.12462374,90.50544378,93.77217884,95.78320772,93.77217884,90.50544378,93.12462374,90.50544378
2936,90.4369961,93.12488021,90.5056768,93.7724411,95.78348799,93.7724411,90.5056768,93.12488021,90.5056768
2937,90.43722835,93.12513651,90.50590966,93.77270319,95.78376807,93.77270319,90.50590966,93.12513651,90.50590966
2938,90.43746044,93.12539263,90.50614237,93.77296511,95.78404796,93.77296511,90.50614237,93.12539263,90.50614237
2939,90.43769238,93.12564859,90.50637493,93.77322685,95.78432767,93.77322685,90.50637493,93.12564859,90.50637493
2940,90.43792417,93.12590438,90.50660733,93.77348842,95.7846072,93.77348842,90.50660733,93.12590438,90.50660733
2941,90.4381558,93.12615999,90.50683957,93.77374982,95.78488654,93.77374982,90.50683957,93.12615999,90.50683957
2942,90.43838729,93.12641544,90.50707167,93.77401104,95.7851657,93.77401104,90.50707167,93.12641544,90.50707167
2943,90.43861861,93.12667072,90.50730361,93.77427209,95.78544467,93.77427209,90.50730361,93.12667072,90.50730361
2944,90.43884979,93.12692583,90.50753539,93.77453297,95.78572345,93.77453297,90.50753539,93.12692583,90.50753539
2945,90.43908081,93.12718077,90.50776702,93.77479367,95.78600205,93.77479367,90.50776702,93.12718077,90.50776702
2946,90.43931168,93.12743555,90.5079985,93.7750542,95.78628047,93.7750542,90.5079985,93.12743555,90.5079985
2947,90.43954239,93.12769015,90.50822983,93.77531456,95.7865587,93.77531456,90.50822983,93.12769015,90.50822983
2948,90.43977296,93.12794459,90.508461,93.77557475,95.78683675,93.77557475,90.508461,93.12794459,90.508461
2949,90.44000337,93.12819886,90.50869202,93.77583477,95.78711462,93.77583477,90.50869202,93.12819886,90.50869202
2950,90.44023363,93.12845296,90.50892289,93.77609461,95.7873923,93.77609461,90.50892289,93.12845296,90.50892289
2951,90.44046373,93.12870689,90.50915361,93.77635429,95.7876698,93.77635429,90.50915361,93.12870689,90.50915361
2952,90.44069369,93.12896066,90.50938417,93.77661379,95.78794712,93.77661379,90.50938417,93.12896066,90.50938417
2953,90.44092349,93.12921425,90.50961458,93.77687312,95.78822425,93.77687312,90.50961458,93.12921425,90.50961458
2954,90.44115314,93.12946769,90.50984484,93.77713228,95.7885012,93.77713228,90.50984484,93.12946769,90.50984484
2955,90.44138264,93.12972095,90.51007495,93.77739127,95.78877797,93.77739127,90.51007495,93.12972095,90.51007495
2956,90.44161199,93.12997405,90.51030491,93.77765008,95.78905456,93.77765008,90.51030491,93.12997405,90.51030491
2957,90.44184119,93.13022698,90.51053471,93.77790873,95.78933096,93.77790873,90.51053471,93.13022698,90.51053471
2958,90.44207024,93.13047974,90.51076437,93.77816721,95.78960718,93.77816721,90.51076437,93.13047974,90.51076437
2959,90.44229914,93.13073234,90.51099387,93.77842552,95.78988322,93.77842552,90.51099387,93.13073234,90.51099387
2960,90.44252788,93.13098477,90.51122322,93.77868365,95.79015908,93.77868365,90.51122322,93.13098477,90.51122322
2961,90.44275648,93.13123703,90.51145242,93.77894162,95.79043476,93.77894162,90.51145242,93.13123703,90.51145242
2962,90.44298492,93.13148913,90.51168147,93.77919942,95.79071025,93.77919942,90.51168147,93.13148913,90.51168147
2963,90.44321322,93.13174107,90.51191037,93.77945705,95.79098556,93.77945705,90.51191037,93.13174107,90.51191037
2964,90.44344136,93.13199283,90.51213912,93.77971451,95.7912607,93.77971451,90.51213912,93.13199283,90.51213912
2965,90.44366936,93.13224444,90.51236772,93.7799718,95.79153565,93.7799718,90.51236772,93.13224444,90.51236772
2966,90.4438972,93.13249587,90.51259616,93.78022892,95.79181042,93.78022892,90.51259616,93.13249587,90.51259616
2967,90.4441249,93.13274714,90.51282446,93.78048587,95.79208501,93.78048587,90.51282446,93.13274714,90.51282446
2968,90.44435245,93.13299825,90.51305261,93.78074265,95.79235942,93.78074265,90.51305261,93.13299825,90.51305261
2969,90.44457984,93.13324919,90.51328061,93.78099927,95.79263366,93.78099927,90.51328061,93.13324919,90.51328061
2970,90.44480709,93.13349997,90.51350846,93.78125571,95.79290771,93.78125571,90.51350846,93.13349997,90.51350846
2971,90.44503419,93.13375059,90.51373616,93.78151199,95.79318158,93.78151199,90.51373616,93.13375059,90.51373616
2972,90.44526114,93.13400103,90.51396371,93.7817681,95.79345527,93.7817681,90.51396371,93.13400103,90.51396371
2973,90.44548794,93.13425132,90.51419111,93.78202404,95.79372878,93.78202404,90.51419111,93.13425132,90.51419111
2974,90.44571459,93.13450144,90.51441836,93.78227982,95.79400212,93.78227982,90.51441836,93.13450144,90.51441836
2975,90.4459411,93.1347514,90.51464547,93.78253543,95.79427527,93.78253543,90.51464547,93.1347514,90.51464547
2976,90.44616746,93.13500119,90.51487242,93.78279087,95.79454825,93.78279087,90.51487242,93.13500119,90.51487242
2977,90.44639366,93.13525082,90.51509923,93.78304614,95.79482104,93.78304614,90.51509923,93.13525082,90.51509923
2978,90.44661972,93.13550029,90.51532589,93.78330125,95.79509366,93.78330125,90.51532589,93.13550029,90.51532589
2979,90.44684564,93.13574959,90.5155524,93.78355618,95.7953661,93.78355618,90.5155524,93.13574959,90.5155524
2980,90.4470714,93.13599873,90.51577876,93.78381096,95.79563837,93.78381096,90.51577876,93.13599873,90.51577876
2981,90.44729702,93.13624771,90.51600497,93.78406556,95.79591045,93.78406556,90.51600497,93.13624771,90.51600497
2982,90.44752249,93.13649653,90.51623104,93.78432,95.79618236,93.78432,90.51623104,93.13649653,90.51623104
2983,90.44774781,93.13674518,90.51645696,93.78457428,95.79645409,93.78457428,90.51645696,93.13674518,90.51645696
2984,90.44797298,93.13699367,90.51668273,93.78482838,95.79672564,93.78482838,90.51668273,93.13699367,90.51668273
2985,90.44819801,93.137242,90.51690835,93.78508233,95.79699701,93.78508233,90.51690835,93.137242,90.51690835
2986,90.44842289,93.13749016,90.51713383,93.7853361,95.79726821,93.7853361,90.51713383,93.13749016,90.51713383
2987,90.44864763,93.13773817,90.51735916,93.78558971,95.79753923,93.78558971,90.51735916,93.13773817,90.51735916
2988,90.44887222,93.13798601,90.51758434,93.78584316,95.79781007,93.78584316,90.51758434,93.13798601,90.51758434
2989,90.44909666,93.13823369,90.51780937,93.78609644,95.79808074,93.78609644,90.51780937,93.13823369,90.51780937
2990,90.44932095,93.13848121,90.51803426,93.78634955,95.79835123,93.78634955,90.51803426,93.13848121,90.51803426
2991,90.4495451,93.13872857,90.518259,93.7866025,95.79862155,93.7866025,90.518259,93.13872857,90.518259
2992,90.44976911,93.13897577,90.5184836,93.78685529,95.79889168,93.78685529,90.5184836,93.13897577,90.5184836
2993,90.44999296,93.1392228,90.51870805,93.78710791,95.79916165,93.78710791,90.51870805,93.1392228,90.51870805
2994,90.45021668,93.13946968,90.51893235,93.78736036,95.79943143,93.78736036,90.51893235,93.13946968,90.51893235
2995,90.45044024,93.13971639,90.51915651,93.78761265,95.79970105,93.78761265,90.51915651,93.13971639,90.51915651
2996,90.45066366,93.13996295,90.51938052,93.78786478,95.79997048,93.78786478,90.51938052,93.13996295,90.51938052
2997,90.45088694,93.14020934,90.51960439,93.78811675,95.80023974,93.78811675,90.51960439,93.14020934,90.51960439
2998,90.45111007,93.14045558,90.51982811,93.78836855,95.80050883,93.78836855,90.51982811,93.14045558,90.51982811
2999,90.45133305,93.14070165,90.52005169,93.78862018,95.80077774,93.78862018,90.52005169,93.14070165,90.52005169
3000,90.4515559,93.14094756,90.52027512,93.78887166,95.80104648,93.78887166,90.52027512,93.14094756,90.52027512
3001,90.45177859,93.14119332,90.5204984,93.78912297,95.80131504,93.78912297,90.5204984,93.14119332,90.5204984
3002,90.45200114,93.14143891,90.52072154,93.78937411,95.80158343,93.78937411,90.52072154,93.14143891,90.52072154
3003,90.45222355,93.14168435,90.52094454,93.7896251,95.80185164,93.7896251,90.52094454,93.14168435,90.52094454
3004,90.45244581,93.14192963,90.52116739,93.78987592,95.80211968,93.78987592,90.52116739,93.14192963,90.52116739
3005,90.45266793,93.14217474,90.5213901,93.79012658,95.80238754,93.79012658,90.5213901,93.14217474,90.5213901
3006,90.45288991,93.1424197,90.52161266,93.79037707,95.80265524,93.79037707,90.52161266,93.1424197,90.52161266
3007,90.45311174,93.1426645,90.52183508,93.7906274,95.80292275,93.7906274,90.52183508,93.1426645,90.52183508
3008,90.45333342,93.14290914,90.52205735,93.79087758,95.8031901,93.79087758,90.52205735,93.14290914,90.52205735
3009,90.45355497,93.14315363,90.52227948,93.79112758,95.80345727,93.79112758,90.52227948,93.14315363,90.52227948
3010,90.45377637,93.14339795,90.52250147,93.79137743,95.80372427,93.79137743,90.52250147,93.14339795,90.52250147
3011,90.45399763,93.14364212,90.52272331,93.79162712,95.8039911,93.79162712,90.52272331,93.14364212,90.52272331
3012,90.45421874,93.14388612,90.52294501,93.79187664,95.80425775,93.79187664,90.52294501,93.14388612,90.52294501
3013,90.45443971,93.14412998,90.52316656,93.792126,95.80452423,93.792126,90.52316656,93.14412998,90.52316656
3014,90.45466054,93.14437367,90.52338797,93.79237521,95.80479054,93.79237521,90.52338797,93.14437367,90.52338797
3015,90.45488122,93.1446172,90.52360924,93.79262425,95.80505668,93.79262425,90.52360924,93.1446172,90.52360924
3016,90.45510177,93.14486058,90.52383037,93.79287313,95.80532264,93.79287313,90.52383037,93.14486058,90.52383037
3017,90.45532217,93.1451038,90.52405135,93.79312185,95.80558844,93.79312185,90.52405135,93.1451038,90.52405135
3018,90.45554242,93.14534687,90.52427219,93.7933704,95.80585406,93.7933704,90.52427219,93.14534687,90.52427219
3019,90.45576254,93.14558977,90.52449289,93.7936188,95.80611951,93.7936188,90.52449289,93.14558977,90.52449289
3020,90.45598251,93.14583252,90.52471345,93.79386704,95.80638479,93.79386704,90.52471345,93.14583252,90.52471345
3021,90.45620234,93.14607512,90.52493386,93.79411512,95.80664989,93.79411512,90.52493386,93.14607512,90.52493386
3022,90.45642203,93.14631755,90.52515413,93.79436303,95.80691483,93.79436303,90.52515413,93.14631755,90.52515413
3023,90.45664158,93.14655983,90.52537426,93.79461079,95.8071796,93.79461079,90.52537426,93.14655983,90.52537426
3024,90.45686099,93.14680196,90.52559425,93.79485839,95.80744419,93.79485839,90.52559425,93.14680196,90.52559425
3025,90.45708025,93.14704393,90.52581409,93.79510583,95.80770862,93.79510583,90.52581409,93.14704393,90.52581409
3026,90.45729938,93.14728574,90.5260338,93.79535311,95.80797287,93.79535311,90.5260338,93.14728574,90.5260338
3027,90.45751836,93.1475274,90.52625336,93.79560023,95.80823695,93.79560023,90.52625336,93.1475274,90.52625336
3028,90.4577372,93.1477689,90.52647278,93.79584719,95.80850087,93.79584719,90.52647278,93.1477689,90.52647278
3029,90.4579559,93.14801025,90.52669206,93.79609399,95.80876461,93.79609399,90.52669206,93.14801025,90.52669206
3030,90.45817446,93.14825144,90.5269112,93.79634063,95.80902819,93.79634063,90.5269112,93.14825144,90.5269112
3031,90.45839288,93.14849247,90.5271302,93.79658711,95.80929159,93.79658711,90.5271302,93.14849247,90.5271302
3032,90.45861116,93.14873335,90.52734905,93.79683344,95.80955483,93.79683344,90.52734905,93.14873335,90.52734905
3033,90.4588293,93.14897408,90.52756777,93.79707961,95.8098179,93.79707961,90.52756777,93.14897408,90.52756777
3034,90.4590473,93.14921465,90.52778635,93.79732562,95.81008079,93.79732562,90.52778635,93.14921465,90.52778635
3035,90.45926516,93.14945507,90.52800478,93.79757147,95.81034352,93.79757147,90.52800478,93.14945507,90.52800478
3036,90.45948288,93.14969533,90.52822308,93.79781716,95.81060608,93.79781716,90.52822308,93.14969533,90.52822308
3037,90.45970046,93.14993544,90.52844123,93.7980627,95.81086847,93.7980627,90.52844123,93.14993544,90.52844123
3038,90.4599179,93.15017539,90.52865925,93.79830808,95.8111307,93.79830808,90.52865925,93.15017539,90.52865925
3039,90.4601352,93.15041519,90.52887712,93.7985533,95.81139275,93.7985533,90.52887712,93.15041519,90.52887712
3040,90.46035236,93.15065484,90.52909486,93.79879836,95.81165464,93.79879836,90.52909486,93.15065484,90.52909486
3041,90.46056939,93.15089433,90.52931245,93.79904327,95.81191636,93.79904327,90.52931245,93.15089433,90.52931245
3042,90.46078627,93.15113367,90.52952991,93.79928802,95.81217791,93.79928802,90.52952991,93.15113367,90.52952991
3043,90.46100301,93.15137286,90.52974723,93.79953261,95.81243929,93.79953261,90.52974723,93.15137286,90.52974723
3044,90.46121962,93.15161189,90.52996441,93.79977705,95.81270051,93.79977705,90.52996441,93.15161189,90.52996441
3045,90.46143608,93.15185077,90.53018145,93.80002133,95.81296156,93.80002133,90.53018145,93.15185077,90.53018145
3046,90.46165241,93.1520895,90.53039835,93.80026545,95.81322244,93.80026545,90.53039835,93.1520895,90.53039835
3047,90.4618686,93.15232807,90.53061511,93.80050942,95.81348316,93.80050942,90.53061511,93.15232807,90.53061511
3048,90.46208465,93.1525665,90.53083173,93.80075323,95.81374371,93.80075323,90.53083173,93.1525665,90.53083173
3049,90.46230057,93.15280476,90.53104822,93.80099689,95.81400409,93.80099689,90.53104822,93.15280476,90.53104822
3050,90.46251634,93.15304288,90.53126456,93.80124039,95.8142643,93.80124039,90.53126456,93.15304288,90.53126456
3051,90.46273198,93.15328085,90.53148077,93.80148373,95.81452435,93.80148373,90.53148077,93.15328085,90.53148077
3052,90.46294748,93.15351866,90.53169684,93.80172692,95.81478424,93.80172692,90.53169684,93.15351866,90.53169684
3053,90.46316284,93.15375632,90.53191277,93.80196995,95.81504396,93.80196995,90.53191277,93.15375632,90.53191277
3054,90.46337807,93.15399383,90.53212857,93.80221283,95.81530351,93.80221283,90.53212857,93.15399383,90.53212857
3055,90.46359315,93.15423119,90.53234422,93.80245555,95.81556289,93.80245555,90.53234422,93.15423119,90.53234422
3056,90.4638081,93.1544684,90.53255974,93.80269812,95.81582211,93.80269812,90.53255974,93.1544684,90.53255974
3057,90.46402292,93.15470545,90.53277512,93.80294054,95.81608117,93.80294054,90.53277512,93.15470545,90.53277512
3058,90.46423759,93.15494235,90.53299037,93.8031828,95.81634006,93.8031828,90.53299037,93.15494235,90.53299037
3059,90.46445213,93.15517911,90.53320547,93.8034249,95.81659878,93.8034249,90.53320547,93.15517911,90.53320547
3060,90.46466653,93.15541571,90.53342044,93.80366685,95.81685734,93.80366685,90.53342044,93.15541571,90.53342044
3061,90.4648808,93.15565216,90.53363528,93.80390865,95.81711574,93.80390865,90.53363528,93.15565216,90.53363528
3062,90.46509493,93.15588846,90.53384997,93.80415029,95.81737397,93.80415029,90.53384997,93.15588846,90.53384997
3063,90.46530892,93.15612461,90.53406453,93.80439178,95.81763204,93.80439178,90.53406453,93.15612461,90.53406453
3064,90.46552278,93.15636061,90.53427895,93.80463311,95.81788994,93.80463311,90.53427895,93.15636061,90.53427895
3065,90.4657365,93.15659646,90.53449324,93.8048743,95.81814768,93.8048743,90.53449324,93.15659646,90.53449324
3066,90.46595009,93.15683216,90.53470739,93.80511532,95.81840525,93.80511532,90.53470739,93.15683216,90.53470739
3067,90.46616354,93.15706771,90.53492141,93.8053562,95.81866266,93.8053562,90.53492141,93.15706771,90.53492141
3068,90.46637685,93.15730312,90.53513528,93.80559692,95.81891991,93.80559692,90.53513528,93.15730312,90.53513528
3069,90.46659003,93.15753837,90.53534903,93.80583749,95.819177,93.80583749,90.53534903,93.15753837,90.53534903
3070,90.46680307,93.15777347,90.53556263,93.80607791,95.81943392,93.80607791,90.53556263,93.15777347,90.53556263
3071,90.46701598,93.15800842,90.5357761,93.80631817,95.81969067,93.80631817,90.5357761,93.15800842,90.5357761
3072,90.46722875,93.15824323,90.53598944,93.80655828,95.81994727,93.80655828,90.53598944,93.15824323,90.53598944
3073,90.46744139,93.15847788,90.53620264,93.80679824,95.8202037,93.80679824,90.53620264,93.15847788,90.53620264
3074,90.46765389,93.15871239,90.5364157,93.80703805,95.82045997,93.80703805,90.5364157,93.15871239,90.5364157
3075,90.46786626,93.15894674,90.53662863,93.8072777,95.82071608,93.8072777,90.53662863,93.15894674,90.53662863
3076,90.46807849,93.15918095,90.53684143,93.8075172,95.82097202,93.8075172,90.53684143,93.15918095,90.53684143
3077,90.46829059,93.15941501,90.53705409,93.80775655,95.8212278,93.80775655,90.53705409,93.15941501,90.53705409
3078,90.46850256,93.15964892,90.53726661,93.80799575,95.82148342,93.80799575,90.53726661,93.15964892,90.53726661
3079,90.46871439,93.15988269,90.537479,93.8082348,95.82173888,93.8082348,90.537479,93.15988269,90.537479
3080,90.46892608,93.1601163,90.53769126,93.8084737,95.82199418,93.8084737,90.53769126,93.1601163,90.53769126
3081,90.46913764,93.16034977,90.53790338,93.80871244,95.82224931,93.80871244,90.53790338,93.16034977,90.53790338
3082,90.46934907,93.16058309,90.53811537,93.80895104,95.82250428,93.80895104,90.53811537,93.16058309,90.53811537
3083,90.46956037,93.16081626,90.53832722,93.80918948,95.8227591,93.80918948,90.53832722,93.16081626,90.53832722
3084,90.46977153,93.16104929,90.53853894,93.80942777,95.82301375,93.80942777,90.53853894,93.16104929,90.53853894
3085,90.46998255,93.16128216,90.53875053,93.80966592,95.82326824,93.80966592,90.53875053,93.16128216,90.53875053
3086,90.47019345,93.1615149,90.53896198,93.80990391,95.82352257,93.80990391,90.53896198,93.1615149,90.53896198
3087,90.47040421,93.16174748,90.5391733,93.81014175,95.82377674,93.81014175,90.5391733,93.16174748,90.5391733
3088,90.47061484,93.16197992,90.53938448,93.81037944,95.82403074,93.81037944,90.53938448,93.16197992,90.53938448
3089,90.47082533,93.16221221,90.53959554,93.81061698,95.82428459,93.81061698,90.53959554,93.16221221,90.53959554
3090,90.47103569,93.16244435,90.53980645,93.81085437,95.82453828,93.81085437,90.53980645,93.16244435,90.53980645
3091,90.47124592,93.16267635,90.54001724,93.81109161,95.82479181,93.81109161,90.54001724,93.16267635,90.54001724
3092,90.47145602,93.1629082,90.54022789,93.8113287,95.82504517,93.8113287,90.54022789,93.1629082,90.54022789
3093,90.47166599,93.1631399,90.54043841,93.81156565,95.82529838,93.81156565,90.54043841,93.1631399,90.54043841
3094,90.47187582,93.16337146,90.5406488,93.81180244,95.82555143,93.81180244,90.5406488,93.16337146,90.5406488
3095,90.47208552,93.16360287,90.54085905,93.81203908,95.82580432,93.81203908,90.54085905,93.16360287,90.54085905
3096,90.47229508,93.16383414,90.54106918,93.81227558,95.82605705,93.81227558,90.54106918,93.16383414,90.54106918
3097,90.47250452,93.16406526,90.54127917,93.81251192,95.82630962,93.81251192,90.54127917,93.16406526,90.54127917
3098,90.47271382,93.16429624,90.54148902,93.81274812,95.82656203,93.81274812,90.54148902,93.16429624,90.54148902
3099,90.472923,93.16452707,90.54169875,93.81298417,95.82681428,93.81298417,90.54169875,93.16452707,90.54169875
3100,90.47313204,93.16475775,90.54190834,93.81322007,95.82706638,93.81322007,90.54190834,93.16475775,90.54190834
3101,90.47334095,93.16498829,90.5421178,93.81345582,95.82731831,93.81345582,90.5421178,93.16498829,90.5421178
3102,90.47354972,93.16521869,90.54232713,93.81369142,95.82757009,93.81369142,90.54232713,93.16521869,90.54232713
3103,90.47375837,93.16544894,90.54253633,93.81392688,95.82782171,93.81392688,90.54253633,93.16544894,90.54253633
3104,90.47396689,93.16567904,90.5427454,93.81416218,95.82807317,93.81416218,90.5427454,93.16567904,90.5427454
3105,90.47417527,93.165909,90.54295434,93.81439734,95.82832447,93.81439734,90.54295434,93.165909,90.54295434
3106,90.47438352,93.16613882,90.54316314,93.81463236,95.82857562,93.81463236,90.54316314,93.16613882,90.54316314
3107,90.47459165,93.16636849,90.54337181,93.81486722,95.82882661,93.81486722,90.54337181,93.16636849,90.54337181
3108,90.47479964,93.16659802,90.54358036,93.81510194,95.82907744,93.81510194,90.54358036,93.16659802,90.54358036
3109,90.4750075,93.16682741,90.54378877,93.81533651,95.82932811,93.81533651,90.54378877,93.16682741,90.54378877
3110,90.47521523,93.16705665,90.54399705,93.81557093,95.82957862,93.81557093,90.54399705,93.16705665,90.54399705
3111,90.47542283,93.16728574,90.5442052,93.8158052,95.82982898,93.8158052,90.5442052,93.16728574,90.5442052
3112,90.4756303,93.1675147,90.54441322,93.81603933,95.83007918,93.81603933,90.54441322,93.1675147,90.54441322
3113,90.47583765,93.16774351,90.54462111,93.81627331,95.83032923,93.81627331,90.54462111,93.16774351,90.54462111
3114,90.47604486,93.16797217,90.54482887,93.81650715,95.83057912,93.81650715,90.54482887,93.16797217,90.54482887
3115,90.47625194,93.1682007,90.5450365,93.81674084,95.83082885,93.81674084,90.5450365,93.1682007,90.5450365
3116,90.47645889,93.16842908,90.545244,93.81697438,95.83107842,93.81697438,90.545244,93.16842908,90.545244
3117,90.47666571,93.16865731,90.54545137,93.81720778,95.83132784,93.81720778,90.54545137,93.16865731,90.54545137
3118,90.47687241,93.16888541,90.54565861,93.81744103,95.8315771,93.81744103,90.54565861,93.16888541,90.54565861
3119,90.47707897,93.16911336,90.54586572,93.81767413,95.83182621,93.81767413,90.54586572,93.16911336,90.54586572
3120,90.4772854,93.16934117,90.5460727,93.81790709,95.83207516,93.81790709,90.5460727,93.16934117,90.5460727
3121,90.47749171,93.16956884,90.54627955,93.81813991,95.83232396,93.81813991,90.54627955,93.16956884,90.54627955
3122,90.47769789,93.16979636,90.54648627,93.81837257,95.8325726,93.81837257,90.54648627,93.16979636,90.54648627
3123,90.47790394,93.17002374,90.54669287,93.8186051,95.83282108,93.8186051,90.54669287,93.17002374,90.54669287
3124,90.47810985,93.17025099,90.54689933,93.81883747,95.83306941,93.81883747,90.54689933,93.17025099,90.54689933
3125,90.47831565,93.17047808,90.54710567,93.81906971,95.83331759,93.81906971,90.54710567,93.17047808,90.54710567
3126,90.47852131,93.17070504,90.54731187,93.81930179,95.83356561,93.81930179,90.54731187,93.17070504,90.54731187
3127,90.47872684,93.17093186,90.54751795,93.81953374,95.83381347,93.81953374,90.54751795,93.17093186,90.54751795
3128,90.47893225,93.17115853,90.5477239,93.81976554,95.83406119,93.81976554,90.5477239,93.17115853,90.5477239
3129,90.47913753,93.17138506,90.54792972,93.81999719,95.83430874,93.81999719,90.54792972,93.17138506,90.54792972
3130,90.47934268,93.17161146,90.54813541,93.8202287,95.83455614,93.8202287,90.54813541,93.17161146,90.54813541
3131,90.4795477,93.17183771,90.54834098,93.82046006,95.83480339,93.82046006,90.54834098,93.17183771,90.54834098
3132,90.47975259,93.17206382,90.54854641,93.82069128,95.83505049,93.82069128,90.54854641,93.17206382,90.54854641
3133,90.47995736,93.17228979,90.54875172,93.82092236,95.83529743,93.82092236,90.54875172,93.17228979,90.54875172
3134,90.480162,93.17251561,90.5489569,93.82115329,95.83554421,93.82115329,90.5489569,93.17251561,90.5489569
3135,90.48036651,93.1727413,90.54916196,93.82138408,95.83579084,93.82138408,90.54916196,93.1727413,90.54916196
3136,90.4805709,93.17296685,90.54936688,93.82161473,95.83603732,93.82161473,90.54936688,93.17296685,90.54936688
3137,90.48077515,93.17319226,90.54957168,93.82184523,95.83628365,93.82184523,90.54957168,93.17319226,90.54957168
3138,90.48097928,93.17341752,90.54977635,93.82207559,95.83652982,93.82207559,90.54977635,93.17341752,90.54977635
3139,90.48118329,93.17364265,90.5499809,93.82230581,95.83677584,93.82230581,90.5499809,93.17364265,90.5499809
3140,90.48138717,93.17386764,90.55018531,93.82253588,95.83702171,93.82253588,90.55018531,93.17386764,90.55018531
3141,90.48159092,93.17409249,90.5503896,93.82276581,95.83726743,93.82276581,90.5503896,93.17409249,90.5503896
3142,90.48179454,93.17431719,90.55059377,93.8229956,95.83751299,93.8229956,90.55059377,93.17431719,90.55059377
3143,90.48199804,93.17454176,90.5507978,93.82322524,95.8377584,93.82322524,90.5507978,93.17454176,90.5507978
3144,90.48220141,93.17476619,90.55100171,93.82345474,95.83800365,93.82345474,90.55100171,93.17476619,90.55100171
3145,90.48240466,93.17499048,90.55120549,93.8236841,95.83824876,93.8236841,90.55120549,93.17499048,90.55120549
3146,90.48260777,93.17521463,90.55140915,93.82391332,95.83849371,93.82391332,90.55140915,93.17521463,90.55140915
3147,90.48281077,93.17543864,90.55161268,93.8241424,95.83873851,93.8241424,90.55161268,93.17543864,90.55161268
3148,90.48301364,93.17566252,90.55181609,93.82437133,95.83898316,93.82437133,90.55181609,93.17566252,90.55181609
3149,90.48321638,93.17588625,90.55201936,93.82460012,95.83922766,93.82460012,90.55201936,93.17588625,90.55201936
3150,90.48341899,93.17610985,90.55222252,93.82482877,95.83947201,93.82482877,90.55222252,93.17610985,90.55222252
3151,90.48362148,93.1763333,90.55242554,93.82505728,95.8397162,93.82505728,90.55242554,93.1763333,90.55242554
3152,90.48382385,93.17655662,90.55262844,93.82528565,95.83996025,93.82528565,90.55262844,93.17655662,90.55262844
3153,90.48402609,93.1767798,90.55283122,93.82551387,95.84020414,93.82551387,90.55283122,93.1767798,90.55283122
3154,90.48422821,93.17700285,90.55303387,93.82574196,95.84044788,93.82574196,90.55303387,93.17700285,90.55303387
3155,90.4844302,93.17722575,90.55323639,93.8259699,95.84069147,93.8259699,90.55323639,93.17722575,90.55323639
3156,90.48463206,93.17744852,90.55343879,93.8261977,95.84093492,93.8261977,90.55343879,93.17744852,90.55343879
3157,90.4848338,93.17767115,90.55364107,93.82642537,95.84117821,93.82642537,90.55364107,93.17767115,90.55364107
3158,90.48503542,93.17789364,90.55384322,93.82665289,95.84142135,93.82665289,90.55384322,93.17789364,90.55384322
3159,90.48523691,93.17811599,90.55404524,93.82688027,95.84166434,93.82688027,90.55404524,93.17811599,90.55404524
3160,90.48543828,93.17833821,90.55424714,93.82710751,95.84190718,93.82710751,90.55424714,93.17833821,90.55424714
3161,90.48563952,93.17856029,90.55444892,93.82733461,95.84214987,93.82733461,90.55444892,93.17856029,90.55444892
3162,90.48584064,93.17878223,90.55465057,93.82756157,95.84239241,93.82756157,90.55465057,93.17878223,90.55465057
3163,90.48604163,93.17900404,90.55485209,93.82778839,95.8426348,93.82778839,90.55485209,93.17900404,90.55485209
3164,90.4862425,93.17922571,90.5550535,93.82801507,95.84287704,93.82801507,90.5550535,93.17922571,90.5550535
3165,90.48644325,93.17944724,90.55525477,93.82824161,95.84311913,93.82824161,90.55525477,93.17944724,90.55525477
3166,90.48664387,93.17966864,90.55545593,93.82846801,95.84336107,93.82846801,90.55545593,93.17966864,90.55545593
3167,90.48684437,93.1798899,90.55565696,93.82869427,95.84360287,93.82869427,90.55565696,93.1798899,90.55565696
3168,90.48704475,93.18011102,90.55585786,93.82892039,95.84384451,93.82892039,90.55585786,93.18011102,90.55585786
3169,90.487245,93.18033201,90.55605864,93.82914637,95.84408601,93.82914637,90.55605864,93.18033201,90.55605864
3170,90.48744513,93.18055286,90.5562593,93.82937222,95.84432736,93.82937222,90.5562593,93.18055286,90.5562593
3171,90.48764514,93.18077357,90.55645984,93.82959792,95.84456855,93.82959792,90.55645984,93.18077357,90.55645984
3172,90.48784502,93.18099415,90.55666025,93.82982349,95.8448096,93.82982349,90.55666025,93.18099415,90.55666025
3173,90.48804478,93.1812146,90.55686054,93.83004891,95.84505051,93.83004891,90.55686054,93.1812146,90.55686054
3174,90.48824442,93.1814349,90.55706071,93.8302742,95.84529126,93.8302742,90.55706071,93.1814349,90.55706071
3175,90.48844393,93.18165508,90.55726075,93.83049935,95.84553187,93.83049935,90.55726075,93.18165508,90.55726075
3176,90.48864332,93.18187512,90.55746067,93.83072436,95.84577233,93.83072436,90.55746067,93.18187512,90.55746067
3177,90.48884259,93.18209502,90.55766046,93.83094924,95.84601264,93.83094924,90.55766046,93.18209502,90.55766046
3178,90.48904174,93.18231479,90.55786014,93.83117397,95.8462528,93.83117397,90.55786014,93.18231479,90.55786014
3179,90.48924076,93.18253442,90.55805969,93.83139857,95.84649281,93.83139857,90.55805969,93.18253442,90.55805969
3180,90.48943967,93.18275392,90.55825912,93.83162303,95.84673268,93.83162303,90.55825912,93.18275392,90.55825912
3181,90.48963845,93.18297328,90.55845843,93.83184735,95.8469724,93.83184735,90.55845843,93.18297328,90.55845843
3182,90.48983711,93.18319251,90.55865761,93.83207154,95.84721198,93.83207154,90.55865761,93.18319251,90.55865761
3183,90.49003564,93.1834116,90.55885667,93.83229558,95.84745141,93.83229558,90.55885667,93.1834116,90.55885667
3184,90.49023406,93.18363056,90.55905561,93.83251949,95.84769069,93.83251949,90.55905561,93.18363056,90.55905561
3185,90.49043235,93.18384939,90.55925443,93.83274326,95.84792982,93.83274326,90.55925443,93.18384939,90.55925443
3186,90.49063053,93.18406808,90.55945313,93.8329669,95.84816881,93.8329669,90.55945313,93.18406808,90.55945313
3187,90.49082858,93.18428664,90.5596517,93.8331904,95.84840765,93.8331904,90.5596517,93.18428664,90.5596517
3188,90.49102651,93.18450506,90.55985016,93.83341376,95.84864634,93.83341376,90.55985016,93.18450506,90.55985016
3189,90.49122432,93.18472335,90.56004849,93.83363698,95.84888489,93.83363698,90.56004849,93.18472335,90.56004849
3190,90.491422,93.18494151,90.5602467,93.83386007,95.8491233,93.83386007,90.5602467,93.18494151,90.5602467
3191,90.49161957,93.18515953,90.56044479,93.83408302,95.84936155,93.83408302,90.56044479,93.18515953,90.56044479
3192,90.49181702,93.18537742,90.56064276,93.83430584,95.84959966,93.83430584,90.56064276,93.18537742,90.56064276
3193,90.49201434,93.18559518,90.56084061,93.83452852,95.84983763,93.83452852,90.56084061,93.18559518,90.56084061
3194,90.49221155,93.1858128,90.56103833,93.83475106,95.85007545,93.83475106,90.56103833,93.1858128,90.56103833
3195,90.49240863,93.18603029,90.56123594,93.83497347,95.85031313,93.83497347,90.56123594,93.18603029,90.56123594
3196,90.4926056,93.18624765,90.56143342,93.83519574,95.85055066,93.83519574,90.56143342,93.18624765,90.56143342
3197,90.49280244,93.18646488,90.56163079,93.83541788,95.85078804,93.83541788,90.56163079,93.18646488,90.56163079
3198,90.49299916,93.18668197,90.56182803,93.83563988,95.85102528,93.83563988,90.56182803,93.18668197,90.56182803
3199,90.49319577,93.18689893,90.56202516,93.83586174,95.85126238,93.83586174,90.56202516,93.18689893,90.56202516
3200,90.49339225,93.18711576,90.56222216,93.83608347,95.85149933,93.83608347,90.56222216,93.18711576,90.56222216
3201,90.49358861,93.18733245,90.56241904,93.83630506,95.85173613,93.83630506,90.56241904,93.18733245,90.56241904
3202,90.49378486,93.18754902,90.56261581,93.83652652,95.8519728,93.83652652,90.56261581,93.18754902,90.56261581
3203,90.49398098,93.18776545,90.56281245,93.83674785,95.85220931,93.83674785,90.56281245,93.18776545,90.56281245
3204,90.49417699,93.18798175,90.56300897,93.83696904,95.85244569,93.83696904,90.56300897,93.18798175,90.56300897
3205,90.49437287,93.18819792,90.56320538,93.83719009,95.85268192,93.83719009,90.56320538,93.18819792,90.56320538
3206,90.49456864,93.18841395,90.56340166,93.83741101,95.852918,93.83741101,90.56340166,93.18841395,90.56340166
3207,90.49476429,93.18862986,90.56359783,93.8376318,95.85315395,93.8376318,90.56359783,93.18862986,90.56359783
3208,90.49495982,93.18884563,90.56379387,93.83785245,95.85338975,93.83785245,90.56379387,93.18884563,90.56379387
3209,90.49515523,93.18906128,90.5639898,93.83807297,95.8536254,93.83807297,90.5639898,93.18906128,90.5639898
3210,90.49535052,93.18927679,90.56418561,93.83829335,95.85386091,93.83829335,90.56418561,93.18927679,90.56418561
3211,90.49554569,93.18949217,90.56438129,93.8385136,95.85409628,93.8385136,90.56438129,93.18949217,90.56438129
3212,90.49574074,93.18970742,90.56457686,93.83873371,95.85433151,93.83873371,90.56457686,93.18970742,90.56457686
3213,90.49593568,93.18992254,90.56477231,93.8389537,95.85456659,93.8389537,90.56477231,93.18992254,90.56477231
3214,90.49613049,93.19013753,90.56496765,93.83917354,95.85480153,93.83917354,90.56496765,93.19013753,90.56496765
3215,90.49632519,93.19035238,90.56516286,93.83939326,95.85503633,93.83939326,90.56516286,93.19035238,90.56516286
3216,90.49651977,93.19056711,90.56535795,93.83961284,95.85527098,93.83961284,90.56535795,93.19056711,90.56535795
3217,90.49671423,93.19078171,90.56555293,93.83983229,95.8555055,93.83983229,90.56555293,93.19078171,90.56555293
3218,90.49690858,93.19099617,90.56574779,93.8400516,95.85573987,93.8400516,90.56574779,93.19099617,90.56574779
3219,90.4971028,93.19121051,90.56594253,93.84027078,95.8559741,93.84027078,90.56594253,93.19121051,90.56594253
3220,90.49729691,93.19142472,90.56613715,93.84048983,95.85620818,93.84048983,90.56613715,93.19142472,90.56613715
3221,90.4974909,93.19163879,90.56633165,93.84070875,95.85644213,93.84070875,90.56633165,93.19163879,90.56633165
3222,90.49768478,93.19185274,90.56652604,93.84092753,95.85667593,93.84092753,90.56652604,93.19185274,90.56652604
3223,90.49787853,93.19206656,90.56672031,93.84114618,95.85690959,93.84114618,90.56672031,93.19206656,90.56672031
3224,90.49807217,93.19228025,90.56691446,93.8413647,95.85714311,93.8413647,90.56691446,93.19228025,90.56691446
3225,90.49826569,93.19249381,90.56710849,93.84158309,95.85737649,93.84158309,90.56710849,93.19249381,90.56710849
3226,90.49845909,93.19270724,90.56730241,93.84180134,95.85760973,93.84180134,90.56730241,93.19270724,90.56730241
3227,90.49865238,93.19292054,90.56749621,93.84201947,95.85784282,93.84201947,90.56749621,93.19292054,90.56749621
3228,90.49884555,93.19313371,90.56768989,93.84223746,95.85807578,93.84223746,90.56768989,93.19313371,90.56768989
3229,90.49903861,93.19334675,90.56788345,93.84245531,95.85830859,93.84245531,90.56788345,93.19334675,90.56788345
3230,90.49923154,93.19355967,90.5680769,93.84267304,95.85854127,93.84267304,90.5680769,93.19355967,90.5680769
3231,90.49942436,93.19377245,90.56827023,93.84289064,95.8587738,93.84289064,90.56827023,93.19377245,90.56827023
3232,90.49961707,93.19398511,90.56846344,93.8431081,95.85900619,93.8431081,90.56846344,93.19398511,90.56846344
3233,90.49980965,93.19419764,90.56865654,93.84332543,95.85923844,93.84332543,90.56865654,93.19419764,90.56865654
3234,90.50000213,93.19441004,90.56884952,93.84354263,95.85947056,93.84354263,90.56884952,93.19441004,90.56884952
3235,90.50019448,93.19462231,90.56904239,93.8437597,95.85970253,93.8437597,90.56904239,93.19462231,90.56904239
3236,90.50038672,93.19483445,90.56923513,93.84397664,95.85993436,93.84397664,90.56923513,93.19483445,90.56923513
3237,90.50057884,93.19504647,90.56942777,93.84419345,95.86016605,93.84419345,90.56942777,93.19504647,90.56942777
3238,90.50077085,93.19525836,90.56962028,93.84441013,95.8603976,93.84441013,90.56962028,93.19525836,90.56962028
3239,90.50096274,93.19547012,90.56981268,93.84462668,95.86062902,93.84462668,90.56981268,93.19547012,90.56981268
3240,90.50115452,93.19568175,90.57000496,93.84484309,95.86086029,93.84484309,90.57000496,93.19568175,90.57000496
3241,90.50134618,93.19589326,90.57019713,93.84505938,95.86109142,93.84505938,90.57019713,93.19589326,90.57019713
3242,90.50153772,93.19610463,90.57038918,93.84527554,95.86132242,93.84527554,90.57038918,93.19610463,90.57038918
3243,90.50172915,93.19631588,90.57058112,93.84549156,95.86155328,93.84549156,90.57058112,93.19631588,90.57058112
3244,90.50192047,93.19652701,90.57077294,93.84570746,95.86178399,93.84570746,90.57077294,93.19652701,90.57077294
3245,90.50211167,93.196738,90.57096464,93.84592323,95.86201457,93.84592323,90.57096464,93.196738,90.57096464
3246,90.50230275,93.19694887,90.57115623,93.84613886,95.86224501,93.84613886,90.57115623,93.19694887,90.57115623
3247,90.50249372,93.19715962,90.57134771,93.84635437,95.86247531,93.84635437,90.57134771,93.19715962,90.57134771
3248,90.50268457,93.19737023,90.57153907,93.84656975,95.86270547,93.84656975,90.57153907,93.19737023,90.57153907
3249,90.50287531,93.19758072,90.57173031,93.84678499,95.8629355,93.84678499,90.57173031,93.19758072,90.57173031
3250,90.50306594,93.19779109,90.57192144,93.84700011,95.86316538,93.84700011,90.57192144,93.19779109,90.57192144
3251,90.50325645,93.19800132,90.57211246,93.8472151,95.86339513,93.8472151,90.57211246,93.19800132,90.57211246
3252,90.50344685,93.19821143,90.57230336,93.84742996,95.86362474,93.84742996,90.57230336,93.19821143,90.57230336
3253,90.50363713,93.19842142,90.57249414,93.84764469,95.86385421,93.84764469,90.57249414,93.19842142,90.57249414
3254,90.5038273,93.19863128,90.57268481,93.84785929,95.86408355,93.84785929,90.57268481,93.19863128,90.57268481
3255,90.50401735,93.19884101,90.57287537,93.84807377,95.86431275,93.84807377,90.57287537,93.19884101,90.57287537
3256,90.50420729,93.19905062,90.57306581,93.84828811,95.86454181,93.84828811,90.57306581,93.19905062,90.57306581
3257,90.50439712,93.1992601,90.57325614,93.84850233,95.86477073,93.84850233,90.57325614,93.1992601,90.57325614
3258,90.50458683,93.19946945,90.57344636,93.84871642,95.86499951,93.84871642,90.57344636,93.19946945,90.57344636
3259,90.50477643,93.19967868,90.57363646,93.84893038,95.86522816,93.84893038,90.57363646,93.19967868,90.57363646
3260,90.50496591,93.19988779,90.57382644,93.84914421,95.86545667,93.84914421,90.57382644,93.19988779,90.57382644
3261,90.50515529,93.20009677,90.57401632,93.84935791,95.86568505,93.84935791,90.57401632,93.20009677,90.57401632
3262,90.50534454,93.20030562,90.57420608,93.84957149,95.86591328,93.84957149,90.57420608,93.20030562,90.57420608
3263,90.50553369,93.20051435,90.57439572,93.84978494,95.86614138,93.84978494,90.57439572,93.20051435,90.57439572
3264,90.50572272,93.20072296,90.57458525,93.84999826,95.86636935,93.84999826,90.57458525,93.20072296,90.57458525
3265,90.50591164,93.20093144,90.57477467,93.85021145,95.86659718,93.85021145,90.57477467,93.20093144,90.57477467
3266,90.50610045,93.20113979,90.57496398,93.85042451,95.86682487,93.85042451,90.57496398,93.20113979,90.57496398
3267,90.50628914,93.20134802,90.57515317,93.85063745,95.86705242,93.85063745,90.57515317,93.20134802,90.57515317
3268,90.50647772,93.20155613,90.57534225,93.85085026,95.86727984,93.85085026,90.57534225,93.20155613,90.57534225
3269,90.50666619,93.20176411,90.57553122,93.85106295,95.86750713,93.85106295,90.57553122,93.20176411,90.57553122
3270,90.50685454,93.20197197,90.57572007,93.8512755,95.86773428,93.8512755,90.57572007,93.20197197,90.57572007
3271,90.50704279,93.2021797,90.57590881,93.85148793,95.86796129,93.85148793,90.57590881,93.2021797,90.57590881
3272,90.50723092,93.20238731,90.57609744,93.85170024,95.86818817,93.85170024,90.57609744,93.20238731,90.57609744
3273,90.50741893,93.2025948,90.57628595,93.85191241,95.86841491,93.85191241,90.57628595,93.2025948,90.57628595
3274,90.50760684,93.20280216,90.57647436,93.85212446,95.86864152,93.85212446,90.57647436,93.20280216,90.57647436
3275,90.50779463,93.2030094,90.57666265,93.85233638,95.86886799,93.85233638,90.57666265,93.2030094,90.57666265
3276,90.50798232,93.20321652,90.57685083,93.85254818,95.86909432,93.85254818,90.57685083,93.20321652,90.57685083
3277,90.50816989,93.20342351,90.57703889,93.85275985,95.86932052,93.85275985,90.57703889,93.20342351,90.57703889
3278,90.50835734,93.20363038,90.57722685,93.8529714,95.86954659,93.8529714,90.57722685,93.20363038,90.57722685
3279,90.50854469,93.20383712,90.57741469,93.85318282,95.86977252,93.85318282,90.57741469,93.20383712,90.57741469
3280,90.50873193,93.20404374,90.57760242,93.85339411,95.86999832,93.85339411,90.57760242,93.20404374,90.57760242
3281,90.50891905,93.20425024,90.57779004,93.85360528,95.87022398,93.85360528,90.57779004,93.20425024,90.57779004
3282,90.50910606,93.20445662,90.57797755,93.85381632,95.87044951,93.85381632,90.57797755,93.20445662,90.57797755
3283,90.50929296,93.20466287,90.57816494,93.85402723,95.87067491,93.85402723,90.57816494,93.20466287,90.57816494
3284,90.50947975,93.204869,90.57835223,93.85423802,95.87090017,93.85423802,90.57835223,93.204869,90.57835223
3285,90.50966643,93.20507501,90.5785394,93.85444869,95.8711253,93.85444869,90.5785394,93.20507501,90.5785394
3286,90.509853,93.2052809,90.57872646,93.85465923,95.87135029,93.85465923,90.57872646,93.2052809,90.57872646
3287,90.51003946,93.20548666,90.57891341,93.85486964,95.87157515,93.85486964,90.57891341,93.20548666,90.57891341
3288,90.5102258,93.2056923,90.57910025,93.85507993,95.87179988,93.85507993,90.57910025,93.2056923,90.57910025
3289,90.51041204,93.20589782,90.57928698,93.8552901,95.87202447,93.8552901,90.57928698,93.20589782,90.57928698
3290,90.51059817,93.20610322,90.5794736,93.85550014,95.87224893,93.85550014,90.5794736,93.20610322,90.5794736
3291,90.51078418,93.20630849,90.5796601,93.85571005,95.87247325,93.85571005,90.5796601,93.20630849,90.5796601
3292,90.51097009,93.20651365,90.5798465,93.85591984,95.87269745,93.85591984,90.5798465,93.20651365,90.5798465
3293,90.51115588,93.20671868,90.58003279,93.85612951,95.87292151,93.85612951,90.58003279,93.20671868,90.58003279
3294,90.51134156,93.20692359,90.58021896,93.85633905,95.87314543,93.85633905,90.58021896,93.20692359,90.58021896
3295,90.51152714,93.20712838,90.58040503,93.85654847,95.87336923,93.85654847,90.58040503,93.20712838,90.58040503
3296,90.5117126,93.20733304,90.58059098,93.85675776,95.87359289,93.85675776,90.58059098,93.20733304,90.58059098
3297,90.51189796,93.20753759,90.58077683,93.85696693,95.87381642,93.85696693,90.58077683,93.20753759,90.58077683
3298,90.5120832,93.20774202,90.58096256,93.85717598,95.87403981,93.85717598,90.58096256,93.20774202,90.58096256
3299,90.51226834,93.20794632,90.58114818,93.8573849,95.87426308,93.8573849,90.58114818,93.20794632,90.58114818
3300,90.51245336,93.2081505,90.5813337,93.8575937,95.87448621,93.8575937,90.5813337,93.2081505,90.5813337
3301,90.51263828,93.20835457,90.5815191,93.85780238,95.87470921,93.85780238,90.5815191,93.20835457,90.5815191
3302,90.51282308,93.20855851,90.5817044,93.85801093,95.87493208,93.85801093,90.5817044,93.20855851,90.5817044
3303,90.51300778,93.20876233,90.58188959,93.85821936,95.87515482,93.85821936,90.58188959,93.20876233,90.58188959
3304,90.51319237,93.20896603,90.58207466,93.85842766,95.87537742,93.85842766,90.58207466,93.20896603,90.58207466
3305,90.51337685,93.20916961,90.58225963,93.85863584,95.8755999,93.85863584,90.58225963,93.20916961,90.58225963
3306,90.51356122,93.20937307,90.58244449,93.8588439,95.87582224,93.8588439,90.58244449,93.20937307,90.58244449
3307,90.51374548,93.20957641,90.58262923,93.85905184,95.87604445,93.85905184,90.58262923,93.20957641,90.58262923
3308,90.51392963,93.20977963,90.58281387,93.85925965,95.87626653,93.85925965,90.58281387,93.20977963,90.58281387
3309,90.51411367,93.20998273,90.5829984,93.85946734,95.87648848,93.85946734,90.5829984,93.20998273,90.5829984
3310,90.51429761,93.21018571,90.58318283,93.85967491,95.87671029,93.85967491,90.58318283,93.21018571,90.58318283
3311,90.51448143,93.21038857,90.58336714,93.85988236,95.87693198,93.85988236,90.58336714,93.21038857,90.58336714
3312,90.51466515,93.21059131,90.58355134,93.86008968,95.87715354,93.86008968,90.58355134,93.21059131,90.58355134
3313,90.51484876,93.21079393,90.58373544,93.86029688,95.87737496,93.86029688,90.58373544,93.21079393,90.58373544
3314,90.51503226,93.21099643,90.58391942,93.86050396,95.87759626,93.86050396,90.58391942,93.21099643,90.58391942
3315,90.51521566,93.21119881,90.5841033,93.86071092,95.87781742,93.86071092,90.5841033,93.21119881,90.5841033
3316,90.51539894,93.21140108,90.58428707,93.86091775,95.87803846,93.86091775,90.58428707,93.21140108,90.58428707
3317,90.51558212,93.21160322,90.58447073,93.86112447,95.87825936,93.86112447,90.58447073,93.21160322,90.58447073
3318,90.51576519,93.21180525,90.58465429,93.86133106,95.87848013,93.86133106,90.58465429,93.21180525,90.58465429
3319,90.51594815,93.21200715,90.58483773,93.86153753,95.87870078,93.86153753,90.58483773,93.21200715,90.58483773
3320,90.516131,93.21220894,90.58502107,93.86174388,95.87892129,93.86174388,90.58502107,93.21220894,90.58502107
3321,90.51631375,93.21241061,90.5852043,93.8619501,95.87914168,93.8619501,90.5852043,93.21241061,90.5852043
3322,90.51649639,93.21261216,90.58538742,93.86215621,95.87936193,93.86215621,90.58538742,93.21261216,90.58538742
3323,90.51667892,93.21281359,90.58557044,93.86236219,95.87958206,93.86236219,90.58557044,93.21281359,90.58557044
3324,90.51686134,93.2130149,90.58575335,93.86256806,95.87980205,93.86256806,90.58575335,93.2130149,90.58575335
3325,90.51704366,93.2132161,90.58593615,93.8627738,95.88002192,93.8627738,90.58593615,93.2132161,90.58593615
3326,90.51722587,93.21341717,90.58611884,93.86297942,95.88024166,93.86297942,90.58611884,93.21341717,90.58611884
3327,90.51740797,93.21361813,90.58630142,93.86318492,95.88046126,93.86318492,90.58630142,93.21361813,90.58630142
3328,90.51758997,93.21381897,90.5864839,93.8633903,95.88068074,93.8633903,90.5864839,93.21381897,90.5864839
3329,90.51777186,93.21401969,90.58666627,93.86359556,95.8809001,93.86359556,90.58666627,93.21401969,90.58666627
3330,90.51795364,93.2142203,90.58684853,93.8638007,95.88111932,93.8638007,90.58684853,93.2142203,90.58684853
3331,90.51813532,93.21442079,90.58703069,93.86400572,95.88133841,93.86400572,90.58703069,93.21442079,90.58703069
3332,90.51831689,93.21462116,90.58721274,93.86421062,95.88155738,93.86421062,90.58721274,93.21462116,90.58721274
3333,90.51849835,93.21482141,90.58739468,93.8644154,95.88177621,93.8644154,90.58739468,93.21482141,90.58739468
3334,90.51867971,93.21502154,90.58757652,93.86462006,95.88199492,93.86462006,90.58757652,93.21502154,90.58757652
3335,90.51886096,93.21522156,90.58775825,93.8648246,95.8822135,93.8648246,90.58775825,93.21522156,90.58775825
3336,90.5190421,93.21542146,90.58793988,93.86502902,95.88243195,93.86502902,90.58793988,93.21542146,90.58793988
3337,90.51922314,93.21562125,90.58812139,93.86523332,95.88265028,93.86523332,90.58812139,93.21562125,90.58812139
3338,90.51940407,93.21582091,90.5883028,93.8654375,95.88286848,93.8654375,90.5883028,93.21582091,90.5883028
3339,90.5195849,93.21602046,90.58848411,93.86564156,95.88308654,93.86564156,90.58848411,93.21602046,90.58848411
3340,90.51976562,93.2162199,90.58866531,93.8658455,95.88330449,93.8658455,90.58866531,93.2162199,90.58866531
3341,90.51994624,93.21641921,90.5888464,93.86604932,95.8835223,93.86604932,90.5888464,93.21641921,90.5888464
3342,90.52012675,93.21661841,90.58902739,93.86625302,95.88373999,93.86625302,90.58902739,93.21661841,90.58902739
3343,90.52030715,93.2168175,90.58920827,93.86645661,95.88395755,93.86645661,90.58920827,93.2168175,90.58920827
3344,90.52048745,93.21701646,90.58938904,93.86666007,95.88417498,93.86666007,90.58938904,93.21701646,90.58938904
3345,90.52066764,93.21721531,90.58956972,93.86686342,95.88439229,93.86686342,90.58956972,93.21721531,90.58956972
3346,90.52084773,93.21741405,90.58975028,93.86706665,95.88460946,93.86706665,90.58975028,93.21741405,90.58975028
3347,90.52102771,93.21761267,90.58993074,93.86726975,95.88482652,93.86726975,90.58993074,93.21761267,90.58993074
3348,90.52120759,93.21781117,90.59011109,93.86747274,95.88504344,93.86747274,90.59011109,93.21781117,90.59011109
3349,90.52138737,93.21800956,90.59029134,93.86767562,95.88526024,93.86767562,90.59029134,93.21800956,90.59029134
3350,90.52156703,93.21820783,90.59047149,93.86787837,95.88547691,93.86787837,90.59047149,93.21820783,90.59047149
3351,90.5217466,93.21840599,90.59065152,93.86808101,95.88569346,93.86808101,90.59065152,93.21840599,90.59065152
3352,90.52192606,93.21860403,90.59083146,93.86828352,95.88590988,93.86828352,90.59083146,93.21860403,90.59083146
3353,90.52210541,93.21880195,90.59101129,93.86848592,95.88612617,93.86848592,90.59101129,93.21880195,90.59101129
3354,90.52228466,93.21899976,90.59119101,93.8686882,95.88634234,93.8686882,90.59119101,93.21899976,90.59119101
3355,90.52246381,93.21919745,90.59137063,93.86889037,95.88655838,93.86889037,90.59137063,93.21919745,90.59137063
3356,90.52264285,93.21939503,90.59155014,93.86909241,95.8867743,93.86909241,90.59155014,93.21939503,90.59155014
3357,90.52282178,93.2195925,90.59172955,93.86929434,95.88699009,93.86929434,90.59172955,93.2195925,90.59172955
3358,90.52300062,93.21978985,90.59190886,93.86949615,95.88720575,93.86949615,90.59190886,93.21978985,90.59190886
3359,90.52317934,93.21998708,90.59208806,93.86969784,95.88742129,93.86969784,90.59208806,93.21998708,90.59208806
3360,90.52335797,93.2201842,90.59226716,93.86989942,95.8876367,93.86989942,90.59226716,93.2201842,90.59226716
3361,90.52353649,93.22038121,90.59244615,93.87010088,95.88785199,93.87010088,90.59244615,93.22038121,90.59244615
3362,90.52371491,93.2205781,90.59262504,93.87030222,95.88806716,93.87030222,90.59262504,93.2205781,90.59262504
3363,90.52389322,93.22077488,90.59280383,93.87050344,95.88828219,93.87050344,90.59280383,93.22077488,90.59280383
3364,90.52407143,93.22097154,90.59298251,93.87070455,95.88849711,93.87070455,90.59298251,93.22097154,90.59298251
3365,90.52424954,93.22116809,90.59316109,93.87090554,95.8887119,93.87090554,90.59316109,93.22116809,90.59316109
3366,90.52442754,93.22136452,90.59333956,93.87110642,95.88892656,93.87110642,90.59333956,93.22136452,90.59333956
3367,90.52460544,93.22156084,90.59351793,93.87130717,95.8891411,93.87130717,90.59351793,93.22156084,90.59351793
3368,90.52478324,93.22175705,90.5936962,93.87150782,95.88935551,93.87150782,90.5936962,93.22175705,90.5936962
3369,90.52496093,93.22195314,90.59387436,93.87170834,95.88956981,93.87170834,90.59387436,93.22195314,90.59387436
3370,90.52513852,93.22214912,90.59405242,93.87190875,95.88978397,93.87190875,90.59405242,93.22214912,90.59405242
3371,90.52531601,93.22234498,90.59423038,93.87210904,95.88999801,93.87210904,90.59423038,93.22234498,90.59423038
3372,90.52549339,93.22254073,90.59440823,93.87230922,95.89021193,93.87230922,90.59440823,93.22254073,90.59440823
3373,90.52567067,93.22273637,90.59458598,93.87250928,95.89042573,93.87250928,90.59458598,93.22273637,90.59458598
3374,90.52584785,93.2229319,90.59476363,93.87270922,95.8906394,93.87270922,90.59476363,93.2229319,90.59476363
3375,90.52602493,93.22312731,90.59494118,93.87290905,95.89085294,93.87290905,90.59494118,93.22312731,90.59494118
3376,90.5262019,93.22332261,90.59511862,93.87310876,95.89106637,93.87310876,90.59511862,93.22332261,90.59511862
3377,90.52637878,93.22351779,90.59529596,93.87330836,95.89127967,93.87330836,90.59529596,93.22351779,90.59529596
3378,90.52655555,93.22371286,90.59547319,93.87350784,95.89149284,93.87350784,90.59547319,93.22371286,90.59547319
3379,90.52673221,93.22390782,90.59565033,93.87370721,95.8917059,93.87370721,90.59565033,93.22390782,90.59565033
3380,90.52690878,93.22410267,90.59582736,93.87390646,95.89191883,93.87390646,90.59582736,93.22410267,90.59582736
3381,90.52708524,93.2242974,90.59600429,93.8741056,95.89213163,93.8741056,90.59600429,93.2242974,90.59600429
3382,90.5272616,93.22449203,90.59618112,93.87430462,95.89234432,93.87430462,90.59618112,93.22449203,90.59618112
3383,90.52743786,93.22468654,90.59635784,93.87450353,95.89255688,93.87450353,90.59635784,93.22468654,90.59635784
3384,90.52761402,93.22488093,90.59653447,93.87470232,95.89276931,93.87470232,90.59653447,93.22488093,90.59653447
3385,90.52779007,93.22507522,90.59671099,93.87490099,95.89298163,93.87490099,90.59671099,93.22507522,90.59671099
3386,90.52796603,93.22526939,90.59688741,93.87509956,95.89319382,93.87509956,90.59688741,93.22526939,90.59688741
3387,90.52814188,93.22546345,90.59706373,93.875298,95.89340589,93.875298,90.59706373,93.22546345,90.59706373
3388,90.52831763,93.2256574,90.59723994,93.87549634,95.89361784,93.87549634,90.59723994,93.2256574,90.59723994
3389,90.52849328,93.22585124,90.59741606,93.87569455,95.89382967,93.87569455,90.59741606,93.22585124,90.59741606
3390,90.52866883,93.22604496,90.59759207,93.87589266,95.89404137,93.87589266,90.59759207,93.22604496,90.59759207
3391,90.52884428,93.22623857,90.59776798,93.87609065,95.89425295,93.87609065,90.59776798,93.22623857,90.59776798
3392,90.52901962,93.22643208,90.59794379,93.87628852,95.89446441,93.87628852,90.59794379,93.22643208,90.59794379
3393,90.52919487,93.22662547,90.5981195,93.87648629,95.89467575,93.87648629,90.5981195,93.22662547,90.5981195
3394,90.52937001,93.22681875,90.59829511,93.87668393,95.89488697,93.87668393,90.59829511,93.22681875,90.59829511
3395,90.52954505,93.22701191,90.59847061,93.87688147,95.89509806,93.87688147,90.59847061,93.22701191,90.59847061
3396,90.52972,93.22720497,90.59864602,93.87707889,95.89530904,93.87707889,90.59864602,93.22720497,90.59864602
3397,90.52989484,93.22739792,90.59882132,93.8772762,95.89551989,93.8772762,90.59882132,93.22739792,90.59882132
3398,90.53006958,93.22759075,90.59899653,93.87747339,95.89573062,93.87747339,90.59899653,93.22759075,90.59899653
3399,90.53024422,93.22778347,90.59917163,93.87767047,95.89594123,93.87767047,90.59917163,93.22778347,90.59917163
3400,90.53041876,93.22797609,90.59934663,93.87786744,95.89615172,93.87786744,90.59934663,93.22797609,90.59934663
3401,90.5305932,93.22816859,90.59952153,93.87806429,95.89636208,93.87806429,90.59952153,93.22816859,90.59952153
3402,90.53076754,93.22836098,90.59969634,93.87826103,95.89657233,93.87826103,90.59969634,93.22836098,90.59969634
3403,90.53094178,93.22855326,90.59987104,93.87845766,95.89678246,93.87845766,90.59987104,93.22855326,90.59987104
3404,90.53111592,93.22874543,90.60004564,93.87865417,95.89699246,93.87865417,90.60004564,93.22874543,90.60004564
3405,90.53128996,93.22893749,90.60022014,93.87885058,95.89720235,93.87885058,90.60022014,93.22893749,90.60022014
3406,90.5314639,93.22912944,90.60039454,93.87904686,95.89741211,93.87904686,90.60039454,93.22912944,90.60039454
3407,90.53163774,93.22932128,90.60056884,93.87924304,95.89762175,93.87924304,90.60056884,93.22932128,90.60056884
3408,90.53181148,93.22951301,90.60074304,93.87943911,95.89783128,93.87943911,90.60074304,93.22951301,90.60074304
3409,90.53198512,93.22970463,90.60091714,93.87963506,95.89804068,93.87963506,90.60091714,93.22970463,90.60091714
3410,90.53215866,93.22989614,90.60109114,93.8798309,95.89824997,93.8798309,90.60109114,93.22989614,90.60109114
3411,90.53233211,93.23008754,90.60126504,93.88002662,95.89845913,93.88002662,90.60126504,93.23008754,90.60126504
3412,90.53250545,93.23027884,90.60143884,93.88022224,95.89866817,93.88022224,90.60143884,93.23027884,90.60143884
3413,90.53267869,93.23047002,90.60161254,93.88041774,95.8988771,93.88041774,90.60161254,93.23047002,90.60161254
3414,90.53285184,93.23066109,90.60178614,93.88061313,95.8990859,93.88061313,90.60178614,93.23066109,90.60178614
3415,90.53302488,93.23085205,90.60195965,93.88080841,95.89929459,93.88080841,90.60195965,93.23085205,90.60195965
3416,90.53319783,93.2310429,90.60213305,93.88100358,95.89950315,93.88100358,90.60213305,93.2310429,90.60213305
3417,90.53337068,93.23123365,90.60230636,93.88119864,95.8997116,93.88119864,90.60230636,93.23123365,90.60230636
3418,90.53354342,93.23142428,90.60247956,93.88139358,95.89991992,93.88139358,90.60247956,93.23142428,90.60247956
3419,90.53371607,93.23161481,90.60265267,93.88158841,95.90012813,93.88158841,90.60265267,93.23161481,90.60265267
3420,90.53388862,93.23180523,90.60282567,93.88178313,95.90033622,93.88178313,90.60282567,93.23180523,90.60282567
3421,90.53406108,93.23199554,90.60299858,93.88197774,95.90054419,93.88197774,90.60299858,93.23199554,90.60299858
3422,90.53423343,93.23218574,90.60317139,93.88217224,95.90075204,93.88217224,90.60317139,93.23218574,90.60317139
3423,90.53440568,93.23237583,90.6033441,93.88236663,95.90095978,93.88236663,90.6033441,93.23237583,90.6033441
3424,90.53457784,93.23256581,90.60351672,93.88256091,95.90116739,93.88256091,90.60351672,93.23256581,90.60351672
3425,90.5347499,93.23275568,90.60368923,93.88275507,95.90137488,93.88275507,90.60368923,93.23275568,90.60368923
3426,90.53492186,93.23294545,90.60386165,93.88294913,95.90158226,93.88294913,90.60386165,93.23294545,90.60386165
3427,90.53509372,93.23313511,90.60403396,93.88314307,95.90178952,93.88314307,90.60403396,93.23313511,90.60403396
3428,90.53526549,93.23332466,90.60420618,93.88333691,95.90199666,93.88333691,90.60420618,93.23332466,90.60420618
3429,90.53543715,93.2335141,90.6043783,93.88353063,95.90220368,93.88353063,90.6043783,93.2335141,90.6043783
3430,90.53560872,93.23370343,90.60455032,93.88372424,95.90241059,93.88372424,90.60455032,93.23370343,90.60455032
3431,90.53578019,93.23389266,90.60472225,93.88391775,95.90261737,93.88391775,90.60472225,93.23389266,90.60472225
3432,90.53595157,93.23408177,90.60489408,93.88411114,95.90282404,93.88411114,90.60489408,93.23408177,90.60489408
3433,90.53612284,93.23427078,90.6050658,93.88430442,95.90303059,93.88430442,90.6050658,93.23427078,90.6050658
3434,90.53629402,93.23445968,90.60523744,93.88449759,95.90323703,93.88449759,90.60523744,93.23445968,90.60523744
3435,90.5364651,93.23464848,90.60540897,93.88469066,95.90344334,93.88469066,90.60540897,93.23464848,90.60540897
3436,90.53663608,93.23483717,90.6055804,93.88488361,95.90364954,93.88488361,90.6055804,93.23483717,90.6055804
3437,90.53680697,93.23502575,90.60575174,93.88507645,95.90385562,93.88507645,90.60575174,93.23502575,90.60575174
3438,90.53697776,93.23521422,90.60592298,93.88526919,95.90406159,93.88526919,90.60592298,93.23521422,90.60592298
3439,90.53714845,93.23540259,90.60609413,93.88546181,95.90426743,93.88546181,90.60609413,93.23540259,90.60609413
3440,90.53731905,93.23559084,90.60626517,93.88565432,95.90447316,93.88565432,90.60626517,93.23559084,90.60626517
3441,90.53748954,93.235779,90.60643612,93.88584673,95.90467878,93.88584673,90.60643612,93.235779,90.60643612
3442,90.53765995,93.23596704,90.60660697,93.88603902,95.90488427,93.88603902,90.60660697,93.23596704,90.60660697
3443,90.53783025,93.23615498,90.60677773,93.88623121,95.90508965,93.88623121,90.60677773,93.23615498,90.60677773
3444,90.53800046,93.23634281,90.60694839,93.88642329,95.90529492,93.88642329,90.60694839,93.23634281,90.60694839
3445,90.53817057,93.23653054,90.60711895,93.88661526,95.90550006,93.88661526,90.60711895,93.23653054,90.60711895
3446,90.53834058,93.23671815,90.60728941,93.88680712,95.90570509,93.88680712,90.60728941,93.23671815,90.60728941
3447,90.5385105,93.23690567,90.60745978,93.88699887,95.90591001,93.88699887,90.60745978,93.23690567,90.60745978
3448,90.53868032,93.23709307,90.60763005,93.88719051,95.90611481,93.88719051,90.60763005,93.23709307,90.60763005
3449,90.53885005,93.23728037,90.60780023,93.88738204,95.90631949,93.88738204,90.60780023,93.23728037,90.60780023
3450,90.53901968,93.23746756,90.6079703,93.88757347,95.90652405,93.88757347,90.6079703,93.23746756,90.6079703
3451,90.53918921,93.23765465,90.60814029,93.88776478,95.9067285,93.88776478,90.60814029,93.23765465,90.60814029
3452,90.53935865,93.23784163,90.60831017,93.88795599,95.90693284,93.88795599,90.60831017,93.23784163,90.60831017
3453,90.53952799,93.23802851,90.60847996,93.88814709,95.90713706,93.88814709,90.60847996,93.23802851,90.60847996
3454,90.53969724,93.23821528,90.60864965,93.88833808,95.90734116,93.88833808,90.60864965,93.23821528,90.60864965
3455,90.53986638,93.23840194,90.60881925,93.88852896,95.90754515,93.88852896,90.60881925,93.23840194,90.60881925
3456,90.54003544,93.2385885,90.60898875,93.88871974,95.90774902,93.88871974,90.60898875,93.2385885,90.60898875
3457,90.5402044,93.23877495,90.60915816,93.88891041,95.90795277,93.88891041,90.60915816,93.23877495,90.60915816
3458,90.54037326,93.2389613,90.60932747,93.88910097,95.90815642,93.88910097,90.60932747,93.2389613,90.60932747
3459,90.54054203,93.23914754,90.60949668,93.88929142,95.90835994,93.88929142,90.60949668,93.23914754,90.60949668
3460,90.5407107,93.23933368,90.6096658,93.88948176,95.90856335,93.88948176,90.6096658,93.23933368,90.6096658
3461,90.54087928,93.23951971,90.60983482,93.889672,95.90876665,93.889672,90.60983482,93.23951971,90.60983482
3462,90.54104776,93.23970564,90.61000375,93.88986213,95.90896983,93.88986213,90.61000375,93.23970564,90.61000375
3463,90.54121614,93.23989146,90.61017258,93.89005215,95.9091729,93.89005215,90.61017258,93.23989146,90.61017258
3464,90.54138443,93.24007717,90.61034132,93.89024207,95.90937585,93.89024207,90.61034132,93.24007717,90.61034132
3465,90.54155263,93.24026279,90.61050996,93.89043187,95.90957869,93.89043187,90.61050996,93.24026279,90.61050996
3466,90.54172073,93.24044829,90.61067851,93.89062157,95.90978141,93.89062157,90.61067851,93.24044829,90.61067851
3467,90.54188874,93.24063369,90.61084696,93.89081117,95.90998402,93.89081117,90.61084696,93.24063369,90.61084696
3468,90.54205665,93.24081899,90.61101531,93.89100065,95.91018651,93.89100065,90.61101531,93.24081899,90.61101531
3469,90.54222447,93.24100419,90.61118357,93.89119003,95.91038889,93.89119003,90.61118357,93.24100419,90.61118357
3470,90.54239219,93.24118928,90.61135174,93.89137931,95.91059116,93.89137931,90.61135174,93.24118928,90.61135174
3471,90.54255982,93.24137426,90.61151981,93.89156847,95.91079331,93.89156847,90.61151981,93.24137426,90.61151981
3472,90.54272735,93.24155914,90.61168779,93.89175753,95.91099535,93.89175753,90.61168779,93.24155914,90.61168779
3473,90.54289479,93.24174392,90.61185567,93.89194649,95.91119728,93.89194649,90.61185567,93.24174392,90.61185567
3474,90.54306214,93.24192859,90.61202346,93.89213533,95.91139909,93.89213533,90.61202346,93.24192859,90.61202346
3475,90.54322939,93.24211316,90.61219115,93.89232407,95.91160079,93.89232407,90.61219115,93.24211316,90.61219115
3476,90.54339655,93.24229762,90.61235875,93.89251271,95.91180237,93.89251271,90.61235875,93.24229762,90.61235875
3477,90.54356361,93.24248198,90.61252626,93.89270124,95.91200384,93.89270124,90.61252626,93.24248198,90.61252626
3478,90.54373058,93.24266624,90.61269367,93.89288966,95.9122052,93.89288966,90.61269367,93.24266624,90.61269367
3479,90.54389745,93.2428504,90.61286098,93.89307798,95.91240644,93.89307798,90.61286098,93.2428504,90.61286098
3480,90.54406424,93.24303445,90.61302821,93.89326619,95.91260757,93.89326619,90.61302821,93.24303445,90.61302821
3481,90.54423092,93.24321839,90.61319534,93.89345429,95.91280859,93.89345429,90.61319534,93.24321839,90.61319534
3482,90.54439752,93.24340224,90.61336237,93.89364229,95.9130095,93.89364229,90.61336237,93.24340224,90.61336237
3483,90.54456402,93.24358598,90.61352931,93.89383019,95.91321029,93.89383019,90.61352931,93.24358598,90.61352931
3484,90.54473042,93.24376962,90.61369616,93.89401797,95.91341097,93.89401797,90.61369616,93.24376962,90.61369616
3485,90.54489674,93.24395315,90.61386291,93.89420566,95.91361154,93.89420566,90.61386291,93.24395315,90.61386291
3486,90.54506296,93.24413658,90.61402957,93.89439323,95.91381199,93.89439323,90.61402957,93.24413658,90.61402957
3487,90.54522909,93.24431991,90.61419614,93.89458071,95.91401233,93.89458071,90.61419614,93.24431991,90.61419614
3488,90.54539512,93.24450314,90.61436261,93.89476807,95.91421256,93.89476807,90.61436261,93.24450314,90.61436261
3489,90.54556106,93.24468626,90.61452899,93.89495534,95.91441268,93.89495534,90.61452899,93.24468626,90.61452899
3490,90.54572691,93.24486928,90.61469528,93.89514249,95.91461269,93.89514249,90.61469528,93.24486928,90.61469528
3491,90.54589266,93.2450522,90.61486147,93.89532955,95.91481258,93.89532955,90.61486147,93.2450522,90.61486147
3492,90.54605833,93.24523501,90.61502758,93.8955165,95.91501236,93.8955165,90.61502758,93.24523501,90.61502758
3493,90.5462239,93.24541772,90.61519358,93.89570334,95.91521203,93.89570334,90.61519358,93.24541772,90.61519358
3494,90.54638937,93.24560034,90.6153595,93.89589008,95.91541159,93.89589008,90.6153595,93.24560034,90.6153595
3495,90.54655476,93.24578284,90.61552532,93.89607671,95.91561104,93.89607671,90.61552532,93.24578284,90.61552532
3496,90.54672005,93.24596525,90.61569105,93.89626324,95.91581037,93.89626324,90.61569105,93.24596525,90.61569105
3497,90.54688525,93.24614756,90.61585668,93.89644967,95.9160096,93.89644967,90.61585668,93.24614756,90.61585668
3498,90.54705036,93.24632976,90.61602223,93.89663599,95.91620871,93.89663599,90.61602223,93.24632976,90.61602223
3499,90.54721537,93.24651186,90.61618768,93.8968222,95.91640771,93.8968222,90.61618768,93.24651186,90.61618768
3500,90.54738029,93.24669386,90.61635304,93.89700832,95.9166066,93.89700832,90.61635304,93.24669386,90.61635304
3501,90.54754512,93.24687576,90.61651831,93.89719433,95.91680538,93.89719433,90.61651831,93.24687576,90.61651831
3502,90.54770986,93.24705755,90.61668348,93.89738023,95.91700404,93.89738023,90.61668348,93.24705755,90.61668348
3503,90.54787451,93.24723925,90.61684856,93.89756603,95.9172026,93.89756603,90.61684856,93.24723925,90.61684856
3504,90.54803906,93.24742084,90.61701355,93.89775173,95.91740105,93.89775173,90.61701355,93.24742084,90.61701355
3505,90.54820353,93.24760233,90.61717845,93.89793733,95.91759938,93.89793733,90.61717845,93.24760233,90.61717845
3506,90.5483679,93.24778372,90.61734325,93.89812282,95.9177976,93.89812282,90.61734325,93.24778372,90.61734325
3507,90.54853218,93.24796501,90.61750797,93.8983082,95.91799572,93.8983082,90.61750797,93.24796501,90.61750797
3508,90.54869636,93.2481462,90.61767259,93.89849349,95.91819372,93.89849349,90.61767259,93.2481462,90.61767259
3509,90.54886046,93.24832728,90.61783712,93.89867867,95.91839161,93.89867867,90.61783712,93.24832728,90.61783712
3510,90.54902446,93.24850827,90.61800156,93.89886374,95.9185894,93.89886374,90.61800156,93.24850827,90.61800156
3511,90.54918838,93.24868916,90.61816591,93.89904872,95.91878707,93.89904872,90.61816591,93.24868916,90.61816591
3512,90.5493522,93.24886994,90.61833016,93.89923359,95.91898463,93.89923359,90.61833016,93.24886994,90.61833016
3513,90.54951593,93.24905062,90.61849433,93.89941836,95.91918208,93.89941836,90.61849433,93.24905062,90.61849433
3514,90.54967957,93.24923121,90.6186584,93.89960302,95.91937943,93.89960302,90.6186584,93.24923121,90.6186584
3515,90.54984312,93.24941169,90.61882238,93.89978759,95.91957666,93.89978759,90.61882238,93.24941169,90.61882238
3516,90.55000658,93.24959207,90.61898627,93.89997205,95.91977378,93.89997205,90.61898627,93.24959207,90.61898627
3517,90.55016994,93.24977235,90.61915007,93.9001564,95.9199708,93.9001564,90.61915007,93.24977235,90.61915007
3518,90.55033322,93.24995254,90.61931378,93.90034066,95.9201677,93.90034066,90.61931378,93.24995254,90.61931378
3519,90.5504964,93.25013262,90.61947739,93.90052481,95.92036449,93.90052481,90.61947739,93.25013262,90.61947739
3520,90.5506595,93.2503126,90.61964092,93.90070886,95.92056118,93.90070886,90.61964092,93.2503126,90.61964092
3521,90.5508225,93.25049248,90.61980436,93.90089281,95.92075775,93.90089281,90.61980436,93.25049248,90.61980436
3522,90.55098542,93.25067226,90.6199677,93.90107665,95.92095422,93.90107665,90.6199677,93.25067226,90.6199677
3523,90.55114824,93.25085195,90.62013095,93.9012604,95.92115058,93.9012604,90.62013095,93.25085195,90.62013095
3524,90.55131097,93.25103153,90.62029412,93.90144404,95.92134683,93.90144404,90.62029412,93.25103153,90.62029412
3525,90.55147361,93.25121101,90.62045719,93.90162758,95.92154297,93.90162758,90.62045719,93.25121101,90.62045719
3526,90.55163617,93.25139039,90.62062017,93.90181102,95.921739,93.90181102,90.62062017,93.25139039,90.62062017
3527,90.55179863,93.25156968,90.62078306,93.90199435,95.92193492,93.90199435,90.62078306,93.25156968,90.62078306
3528,90.551961,93.25174886,90.62094586,93.90217759,95.92213073,93.90217759,90.62094586,93.25174886,90.62094586
3529,90.55212328,93.25192795,90.62110857,93.90236072,95.92232644,93.90236072,90.62110857,93.25192795,90.62110857
3530,90.55228547,93.25210693,90.6212712,93.90254375,95.92252203,93.90254375,90.6212712,93.25210693,90.6212712
3531,90.55244757,93.25228582,90.62143373,93.90272668,95.92271752,93.90272668,90.62143373,93.25228582,90.62143373
3532,90.55260959,93.25246461,90.62159617,93.90290951,95.9229129,93.90290951,90.62159617,93.25246461,90.62159617
3533,90.55277151,93.25264329,90.62175852,93.90309224,95.92310817,93.90309224,90.62175852,93.25264329,90.62175852
3534,90.55293334,93.25282188,90.62192078,93.90327487,95.92330334,93.90327487,90.62192078,93.25282188,90.62192078
3535,90.55309509,93.25300037,90.62208295,93.90345739,95.92349839,93.90345739,90.62208295,93.25300037,90.62208295
3536,90.55325674,93.25317877,90.62224503,93.90363982,95.92369334,93.90363982,90.62224503,93.25317877,90.62224503
3537,90.5534183,93.25335706,90.62240702,93.90382214,95.92388818,93.90382214,90.62240702,93.25335706,90.62240702
3538,90.55357978,93.25353525,90.62256893,93.90400436,95.92408291,93.90400436,90.62256893,93.25353525,90.62256893
3539,90.55374116,93.25371335,90.62273074,93.90418648,95.92427754,93.90418648,90.62273074,93.25371335,90.62273074
3540,90.55390246,93.25389135,90.62289246,93.90436851,95.92447205,93.90436851,90.62289246,93.25389135,90.62289246
3541,90.55406367,93.25406925,90.6230541,93.90455043,95.92466646,93.90455043,90.6230541,93.25406925,90.6230541
3542,90.55422479,93.25424705,90.62321564,93.90473225,95.92486076,93.90473225,90.62321564,93.25424705,90.62321564
3543,90.55438582,93.25442475,90.6233771,93.90491397,95.92505496,93.90491397,90.6233771,93.25442475,90.6233771
3544,90.55454676,93.25460236,90.62353846,93.90509559,95.92524905,93.90509559,90.62353846,93.25460236,90.62353846
3545,90.55470761,93.25477986,90.62369974,93.90527711,95.92544303,93.90527711,90.62369974,93.25477986,90.62369974
3546,90.55486837,93.25495727,90.62386093,93.90545852,95.9256369,93.90545852,90.62386093,93.25495727,90.62386093
3547,90.55502905,93.25513458,90.62402203,93.90563984,95.92583067,93.90563984,90.62402203,93.25513458,90.62402203
3548,90.55518963,93.2553118,90.62418304,93.90582106,95.92602433,93.90582106,90.62418304,93.2553118,90.62418304
3549,90.55535013,93.25548891,90.62434396,93.90600218,95.92621788,93.90600218,90.62434396,93.25548891,90.62434396
3550,90.55551054,93.25566593,90.6245048,93.9061832,95.92641133,93.9061832,90.6245048,93.25566593,90.6245048
3551,90.55567086,93.25584285,90.62466554,93.90636412,95.92660467,93.90636412,90.62466554,93.25584285,90.62466554
3552,90.55583109,93.25601967,90.6248262,93.90654494,95.9267979,93.90654494,90.6248262,93.25601967,90.6248262
3553,90.55599124,93.2561964,90.62498676,93.90672566,95.92699103,93.90672566,90.62498676,93.2561964,90.62498676
3554,90.55615129,93.25637303,90.62514724,93.90690628,95.92718405,93.90690628,90.62514724,93.25637303,90.62514724
3555,90.55631126,93.25654956,90.62530763,93.9070868,95.92737696,93.9070868,90.62530763,93.25654956,90.62530763
3556,90.55647114,93.25672599,90.62546794,93.90726723,95.92756977,93.90726723,90.62546794,93.25672599,90.62546794
3557,90.55663093,93.25690233,90.62562815,93.90744755,95.92776247,93.90744755,90.62562815,93.25690233,90.62562815
3558,90.55679064,93.25707857,90.62578828,93.90762777,95.92795507,93.90762777,90.62578828,93.25707857,90.62578828
3559,90.55695025,93.25725471,90.62594832,93.9078079,95.92814756,93.9078079,90.62594832,93.25725471,90.62594832
3560,90.55710978,93.25743076,90.62610827,93.90798792,95.92833994,93.90798792,90.62610827,93.25743076,90.62610827
3561,90.55726922,93.25760671,90.62626813,93.90816785,95.92853222,93.90816785,90.62626813,93.25760671,90.62626813
3562,90.55742857,93.25778256,90.6264279,93.90834768,95.92872439,93.90834768,90.6264279,93.25778256,90.6264279
3563,90.55758784,93.25795832,90.62658759,93.90852741,95.92891646,93.90852741,90.62658759,93.25795832,90.62658759
3564,90.55774702,93.25813398,90.62674719,93.90870704,95.92910842,93.90870704,90.62674719,93.25813398,90.62674719
3565,90.55790611,93.25830954,90.6269067,93.90888657,95.92930028,93.90888657,90.6269067,93.25830954,90.6269067
3566,90.55806511,93.25848501,90.62706613,93.90906601,95.92949203,93.90906601,90.62706613,93.25848501,90.62706613
3567,90.55822403,93.25866038,90.62722546,93.90924534,95.92968368,93.90924534,90.62722546,93.25866038,90.62722546
3568,90.55838286,93.25883566,90.62738471,93.90942458,95.92987522,93.90942458,90.62738471,93.25883566,90.62738471
3569,90.5585416,93.25901083,90.62754388,93.90960372,95.93006666,93.90960372,90.62754388,93.25901083,90.62754388
3570,90.55870026,93.25918592,90.62770295,93.90978276,95.93025799,93.90978276,90.62770295,93.25918592,90.62770295
3571,90.55885882,93.2593609,90.62786194,93.9099617,95.93044921,93.9099617,90.62786194,93.2593609,90.62786194
3572,90.55901731,93.2595358,90.62802084,93.91014054,95.93064034,93.91014054,90.62802084,93.2595358,90.62802084
3573,90.5591757,93.25971059,90.62817965,93.91031929,95.93083135,93.91031929,90.62817965,93.25971059,90.62817965
3574,90.55933401,93.25988529,90.62833838,93.91049794,95.93102227,93.91049794,90.62833838,93.25988529,90.62833838
3575,90.55949223,93.26005989,90.62849702,93.91067649,95.93121307,93.91067649,90.62849702,93.26005989,90.62849702
3576,90.55965036,93.2602344,90.62865557,93.91085494,95.93140378,93.91085494,90.62865557,93.2602344,90.62865557
3577,90.55980841,93.26040882,90.62881404,93.9110333,95.93159438,93.9110333,90.62881404,93.26040882,90.62881404
3578,90.55996637,93.26058313,90.62897242,93.91121156,95.93178487,93.91121156,90.62897242,93.26058313,90.62897242
3579,90.56012425,93.26075735,90.62913071,93.91138972,95.93197526,93.91138972,90.62913071,93.26075735,90.62913071
3580,90.56028204,93.26093148,90.62928892,93.91156778,95.93216555,93.91156778,90.62928892,93.26093148,90.62928892
3581,90.56043974,93.26110551,90.62944704,93.91174575,95.93235573,93.91174575,90.62944704,93.26110551,90.62944704
3582,90.56059736,93.26127945,90.62960507,93.91192361,95.93254581,93.91192361,90.62960507,93.26127945,90.62960507
3583,90.56075489,93.26145329,90.62976302,93.91210139,95.93273579,93.91210139,90.62976302,93.26145329,90.62976302
3584,90.56091233,93.26162704,90.62992088,93.91227906,95.93292566,93.91227906,90.62992088,93.26162704,90.62992088
3585,90.56106969,93.26180069,90.63007866,93.91245664,95.93311543,93.91245664,90.63007866,93.26180069,90.63007866
3586,90.56122697,93.26197425,90.63023635,93.91263412,95.93330509,93.91263412,90.63023635,93.26197425,90.63023635
3587,90.56138415,93.26214771,90.63039395,93.9128115,95.93349465,93.9128115,90.63039395,93.26214771,90.63039395
3588,90.56154125,93.26232108,90.63055147,93.91298879,95.93368411,93.91298879,90.63055147,93.26232108,90.63055147
3589,90.56169827,93.26249435,90.6307089,93.91316598,95.93387346,93.91316598,90.6307089,93.26249435,90.6307089
3590,90.5618552,93.26266753,90.63086624,93.91334307,95.93406271,93.91334307,90.63086624,93.26266753,90.63086624
3591,90.56201204,93.26284062,90.6310235,93.91352007,95.93425186,93.91352007,90.6310235,93.26284062,90.6310235
3592,90.5621688,93.26301361,90.63118068,93.91369697,95.93444091,93.91369697,90.63118068,93.26301361,90.63118068
3593,90.56232548,93.2631865,90.63133776,93.91387378,95.93462985,93.91387378,90.63133776,93.2631865,90.63133776
3594,90.56248207,93.26335931,90.63149477,93.91405048,95.93481869,93.91405048,90.63149477,93.26335931,90.63149477
3595,90.56263857,93.26353201,90.63165168,93.9142271,95.93500742,93.9142271,90.63165168,93.26353201,90.63165168
3596,90.56279499,93.26370463,90.63180852,93.91440361,95.93519606,93.91440361,90.63180852,93.26370463,90.63180852
3597,90.56295132,93.26387715,90.63196526,93.91458003,95.93538459,93.91458003,90.63196526,93.26387715,90.63196526
3598,90.56310757,93.26404957,90.63212192,93.91475636,95.93557302,93.91475636,90.63212192,93.26404957,90.63212192
3599,90.56326373,93.26422191,90.6322785,93.91493258,95.93576134,93.91493258,90.6322785,93.26422191,90.6322785
3600,90.56341981,93.26439414,90.63243499,93.91510872,95.93594957,93.91510872,90.63243499,93.26439414,90.63243499
t (sec),#VALUE!,#VALUE!,#VALUE!,#VALUE!,#VALUE!,#VALUE!,#VALUE!,#VALUE!,#VALUE!
3601,90.5635758,93.26456629,90.6325914,93.91528475,95.93613769,93.91528475,90.6325914,93.26456629,90.6325914
3602,90.56373171,93.26473834,90.63274772,93.91546069,95.93632571,93.91546069,90.63274772,93.26473834,90.63274772
3603,90.56388753,93.2649103,90.63290395,93.91563654,95.93651362,93.91563654,90.63290395,93.2649103,90.63290395
3604,90.56404327,93.26508216,90.6330601,93.91581229,95.93670144,93.91581229,90.6330601,93.26508216,90.6330601
3605,90.56419893,93.26525394,90.63321617,93.91598794,95.93688915,93.91598794,90.63321617,93.26525394,90.63321617
3606,90.5643545,93.26542561,90.63337215,93.9161635,95.93707676,93.9161635,90.63337215,93.26542561,90.63337215
3607,90.56450998,93.2655972,90.63352805,93.91633897,95.93726427,93.91633897,90.63352805,93.2655972,90.63352805
3608,90.56466539,93.26576869,90.63368386,93.91651433,95.93745168,93.91651433,90.63368386,93.26576869,90.63368386
3609,90.5648207,93.26594009,90.63383959,93.91668961,95.93763899,93.91668961,90.63383959,93.26594009,90.63383959
3610,90.56497594,93.2661114,90.63399523,93.91686479,95.93782619,93.91686479,90.63399523,93.2661114,90.63399523
3611,90.56513109,93.26628261,90.63415079,93.91703987,95.93801329,93.91703987,90.63415079,93.26628261,90.63415079
3612,90.56528615,93.26645373,90.63430627,93.91721486,95.93820029,93.91721486,90.63430627,93.26645373,90.63430627
3613,90.56544113,93.26662476,90.63446166,93.91738975,95.93838719,93.91738975,90.63446166,93.26662476,90.63446166
3614,90.56559603,93.26679569,90.63461697,93.91756455,95.93857399,93.91756455,90.63461697,93.26679569,90.63461697
3615,90.56575084,93.26696654,90.63477219,93.91773926,95.93876069,93.91773926,90.63477219,93.26696654,90.63477219
3616,90.56590557,93.26713729,90.63492733,93.91791387,95.93894729,93.91791387,90.63492733,93.26713729,90.63492733
3617,90.56606022,93.26730795,90.63508238,93.91808838,95.93913378,93.91808838,90.63508238,93.26730795,90.63508238
3618,90.56621478,93.26747851,90.63523735,93.9182628,95.93932018,93.9182628,90.63523735,93.26747851,90.63523735
3619,90.56636926,93.26764898,90.63539224,93.91843713,95.93950647,93.91843713,90.63539224,93.26764898,90.63539224
3620,90.56652365,93.26781937,90.63554704,93.91861136,95.93969267,93.91861136,90.63554704,93.26781937,90.63554704
3621,90.56667796,93.26798965,90.63570176,93.9187855,95.93987876,93.9187855,90.63570176,93.26798965,90.63570176
3622,90.56683219,93.26815985,90.6358564,93.91895955,95.94006475,93.91895955,90.6358564,93.26815985,90.6358564
3623,90.56698633,93.26832996,90.63601095,93.9191335,95.94025064,93.9191335,90.63601095,93.26832996,90.63601095
3624,90.5671404,93.26849997,90.63616542,93.91930735,95.94043643,93.91930735,90.63616542,93.26849997,90.63616542
3625,90.56729437,93.26866989,90.63631981,93.91948111,95.94062213,93.91948111,90.63631981,93.26866989,90.63631981
3626,90.56744827,93.26883972,90.63647411,93.91965478,95.94080772,93.91965478,90.63647411,93.26883972,90.63647411
3627,90.56760208,93.26900946,90.63662833,93.91982836,95.94099321,93.91982836,90.63662833,93.26900946,90.63662833
3628,90.56775581,93.26917911,90.63678246,93.92000184,95.9411786,93.92000184,90.63678246,93.26917911,90.63678246
3629,90.56790946,93.26934866,90.63693652,93.92017523,95.94136389,93.92017523,90.63693652,93.26934866,90.63693652
3630,90.56806302,93.26951812,90.63709049,93.92034852,95.94154908,93.92034852,90.63709049,93.26951812,90.63709049
3631,90.5682165,93.2696875,90.63724437,93.92052172,95.94173417,93.92052172,90.63724437,93.2696875,90.63724437
3632,90.5683699,93.26985678,90.63739818,93.92069483,95.94191916,93.92069483,90.63739818,93.26985678,90.63739818
3633,90.56852321,93.27002597,90.6375519,93.92086784,95.94210405,93.92086784,90.6375519,93.27002597,90.6375519
3634,90.56867645,93.27019507,90.63770553,93.92104077,95.94228884,93.92104077,90.63770553,93.27019507,90.63770553
3635,90.5688296,93.27036407,90.63785909,93.92121359,95.94247354,93.92121359,90.63785909,93.27036407,90.63785909
3636,90.56898266,93.27053299,90.63801256,93.92138633,95.94265813,93.92138633,90.63801256,93.27053299,90.63801256
3637,90.56913565,93.27070182,90.63816595,93.92155897,95.94284262,93.92155897,90.63816595,93.27070182,90.63816595
3638,90.56928855,93.27087055,90.63831926,93.92173152,95.94302702,93.92173152,90.63831926,93.27087055,90.63831926
3639,90.56944137,93.27103919,90.63847248,93.92190398,95.94321131,93.92190398,90.63847248,93.27103919,90.63847248
3640,90.56959411,93.27120775,90.63862563,93.92207634,95.94339551,93.92207634,90.63862563,93.27120775,90.63862563
3641,90.56974677,93.27137621,90.63877869,93.92224861,95.94357961,93.92224861,90.63877869,93.27137621,90.63877869
3642,90.56989934,93.27154458,90.63893167,93.92242079,95.9437636,93.92242079,90.63893167,93.27154458,90.63893167
3643,90.57005183,93.27171287,90.63908456,93.92259287,95.9439475,93.92259287,90.63908456,93.27171287,90.63908456
3644,90.57020424,93.27188106,90.63923737,93.92276487,95.9441313,93.92276487,90.63923737,93.27188106,90.63923737
3645,90.57035657,93.27204916,90.63939011,93.92293677,95.94431501,93.92293677,90.63939011,93.27204916,90.63939011
3646,90.57050882,93.27221717,90.63954276,93.92310858,95.94449861,93.92310858,90.63954276,93.27221717,90.63954276
3647,90.57066098,93.27238509,90.63969532,93.92328029,95.94468211,93.92328029,90.63969532,93.27238509,90.63969532
3648,90.57081307,93.27255292,90.63984781,93.92345192,95.94486552,93.92345192,90.63984781,93.27255292,90.63984781
3649,90.57096507,93.27272066,90.64000021,93.92362345,95.94504883,93.92362345,90.64000021,93.27272066,90.64000021
3650,90.57111699,93.27288831,90.64015254,93.92379489,95.94523204,93.92379489,90.64015254,93.27288831,90.64015254
3651,90.57126883,93.27305587,90.64030478,93.92396624,95.94541515,93.92396624,90.64030478,93.27305587,90.64030478
3652,90.57142059,93.27322334,90.64045694,93.92413749,95.94559816,93.92413749,90.64045694,93.27322334,90.64045694
3653,90.57157226,93.27339072,90.64060901,93.92430866,95.94578108,93.92430866,90.64060901,93.27339072,90.64060901
3654,90.57172386,93.27355801,90.64076101,93.92447973,95.94596389,93.92447973,90.64076101,93.27355801,90.64076101
3655,90.57187537,93.27372522,90.64091292,93.92465071,95.94614661,93.92465071,90.64091292,93.27372522,90.64091292
3656,90.5720268,93.27389233,90.64106476,93.9248216,95.94632923,93.9248216,90.64106476,93.27389233,90.64106476
3657,90.57217815,93.27405935,90.64121651,93.9249924,95.94651176,93.9249924,90.64121651,93.27405935,90.64121651
3658,90.57232943,93.27422629,90.64136818,93.92516311,95.94669418,93.92516311,90.64136818,93.27422629,90.64136818
3659,90.57248062,93.27439313,90.64151977,93.92533372,95.94687651,93.92533372,90.64151977,93.27439313,90.64151977
3660,90.57263172,93.27455988,90.64167128,93.92550425,95.94705874,93.92550425,90.64167128,93.27455988,90.64167128
3661,90.57278275,93.27472655,90.64182271,93.92567468,95.94724088,93.92567468,90.64182271,93.27472655,90.64182271
3662,90.5729337,93.27489313,90.64197405,93.92584502,95.94742291,93.92584502,90.64197405,93.27489313,90.64197405
3663,90.57308457,93.27505961,90.64212532,93.92601528,95.94760485,93.92601528,90.64212532,93.27505961,90.64212532
3664,90.57323535,93.27522601,90.6422765,93.92618544,95.94778669,93.92618544,90.6422765,93.27522601,90.6422765
3665,90.57338606,93.27539232,90.64242761,93.9263555,95.94796844,93.9263555,90.64242761,93.27539232,90.64242761
3666,90.57353668,93.27555854,90.64257863,93.92652548,95.94815008,93.92652548,90.64257863,93.27555854,90.64257863
3667,90.57368723,93.27572468,90.64272957,93.92669537,95.94833163,93.92669537,90.64272957,93.27572468,90.64272957
3668,90.57383769,93.27589072,90.64288043,93.92686517,95.94851309,93.92686517,90.64288043,93.27589072,90.64288043
3669,90.57398807,93.27605667,90.64303122,93.92703487,95.94869444,93.92703487,90.64303122,93.27605667,90.64303122
3670,90.57413838,93.27622254,90.64318192,93.92720449,95.9488757,93.92720449,90.64318192,93.27622254,90.64318192
3671,90.5742886,93.27638832,90.64333254,93.92737401,95.94905687,93.92737401,90.64333254,93.27638832,90.64333254
3672,90.57443874,93.27655401,90.64348308,93.92754345,95.94923793,93.92754345,90.64348308,93.27655401,90.64348308
3673,90.57458881,93.27671961,90.64363354,93.92771279,95.9494189,93.92771279,90.64363354,93.27671961,90.64363354
3674,90.57473879,93.27688512,90.64378392,93.92788205,95.94959978,93.92788205,90.64378392,93.27688512,90.64378392
3675,90.57488869,93.27705055,90.64393422,93.92805121,95.94978055,93.92805121,90.64393422,93.27705055,90.64393422
3676,90.57503852,93.27721588,90.64408444,93.92822029,95.94996123,93.92822029,90.64408444,93.27721588,90.64408444
3677,90.57518826,93.27738113,90.64423458,93.92838927,95.95014182,93.92838927,90.64423458,93.27738113,90.64423458
3678,90.57533793,93.27754629,90.64438464,93.92855817,95.95032231,93.92855817,90.64438464,93.27754629,90.64438464
3679,90.57548751,93.27771137,90.64453462,93.92872697,95.9505027,93.92872697,90.64453462,93.27771137,90.64453462
3680,90.57563702,93.27787635,90.64468452,93.92889568,95.950683,93.92889568,90.64468452,93.27787635,90.64468452
3681,90.57578644,93.27804125,90.64483434,93.92906431,95.9508632,93.92906431,90.64483434,93.27804125,90.64483434
3682,90.57593579,93.27820606,90.64498408,93.92923284,95.9510433,93.92923284,90.64498408,93.27820606,90.64498408
3683,90.57608505,93.27837078,90.64513374,93.92940129,95.95122331,93.92940129,90.64513374,93.27837078,90.64513374
3684,90.57623424,93.27853542,90.64528333,93.92956965,95.95140322,93.92956965,90.64528333,93.27853542,90.64528333
3685,90.57638335,93.27869996,90.64543283,93.92973791,95.95158304,93.92973791,90.64543283,93.27869996,90.64543283
3686,90.57653238,93.27886442,90.64558225,93.92990609,95.95176276,93.92990609,90.64558225,93.27886442,90.64558225
3687,90.57668133,93.27902879,90.6457316,93.93007418,95.95194239,93.93007418,90.6457316,93.27902879,90.6457316
3688,90.5768302,93.27919308,90.64588086,93.93024218,95.95212192,93.93024218,90.64588086,93.27919308,90.64588086
3689,90.57697899,93.27935728,90.64603005,93.93041009,95.95230136,93.93041009,90.64603005,93.27935728,90.64603005
3690,90.5771277,93.27952139,90.64617915,93.93057791,95.9524807,93.93057791,90.64617915,93.27952139,90.64617915
3691,90.57727634,93.27968541,90.64632818,93.93074564,95.95265995,93.93074564,90.64632818,93.27968541,90.64632818
3692,90.57742489,93.27984935,90.64647713,93.93091328,95.9528391,93.93091328,90.64647713,93.27984935,90.64647713
3693,90.57757337,93.2800132,90.64662599,93.93108083,95.95301815,93.93108083,90.64662599,93.2800132,90.64662599
3694,90.57772176,93.28017696,90.64677478,93.9312483,95.95319711,93.9312483,90.64677478,93.28017696,90.64677478
3695,90.57787008,93.28034064,90.6469235,93.93141567,95.95337598,93.93141567,90.6469235,93.28034064,90.6469235
3696,90.57801832,93.28050423,90.64707213,93.93158296,95.95355475,93.93158296,90.64707213,93.28050423,90.64707213
3697,90.57816649,93.28066773,90.64722068,93.93175016,95.95373343,93.93175016,90.64722068,93.28066773,90.64722068
3698,90.57831457,93.28083114,90.64736916,93.93191727,95.95391201,93.93191727,90.64736916,93.28083114,90.64736916
3699,90.57846257,93.28099447,90.64751755,93.93208429,95.9540905,93.93208429,90.64751755,93.28099447,90.64751755
3700,90.5786105,93.28115772,90.64766587,93.93225122,95.95426889,93.93225122,90.64766587,93.28115772,90.64766587
3701,90.57875835,93.28132087,90.64781411,93.93241807,95.95444719,93.93241807,90.64781411,93.28132087,90.64781411
3702,90.57890612,93.28148394,90.64796227,93.93258483,95.95462539,93.93258483,90.64796227,93.28148394,90.64796227
3703,90.57905381,93.28164693,90.64811035,93.93275149,95.9548035,93.93275149,90.64811035,93.28164693,90.64811035
3704,90.57920142,93.28180983,90.64825836,93.93291808,95.95498152,93.93291808,90.64825836,93.28180983,90.64825836
3705,90.57934896,93.28197264,90.64840629,93.93308457,95.95515944,93.93308457,90.64840629,93.28197264,90.64840629
3706,90.57949642,93.28213537,90.64855413,93.93325097,95.95533727,93.93325097,90.64855413,93.28213537,90.64855413
3707,90.5796438,93.28229801,90.6487019,93.93341729,95.955515,93.93341729,90.6487019,93.28229801,90.6487019
3708,90.5797911,93.28246056,90.6488496,93.93358352,95.95569264,93.93358352,90.6488496,93.28246056,90.6488496
3709,90.57993832,93.28262303,90.64899721,93.93374966,95.95587019,93.93374966,90.64899721,93.28262303,90.64899721
3710,90.58008547,93.28278541,90.64914474,93.93391571,95.95604764,93.93391571,90.64914474,93.28278541,90.64914474
3711,90.58023254,93.28294771,90.6492922,93.93408168,95.956225,93.93408168,90.6492922,93.28294771,90.6492922
3712,90.58037953,93.28310992,90.64943958,93.93424755,95.95640227,93.93424755,90.64943958,93.28310992,90.64943958
3713,90.58052645,93.28327204,90.64958689,93.93441335,95.95657944,93.93441335,90.64958689,93.28327204,90.64958689
3714,90.58067328,93.28343408,90.64973411,93.93457905,95.95675652,93.93457905,90.64973411,93.28343408,90.64973411
3715,90.58082004,93.28359604,90.64988126,93.93474466,95.9569335,93.93474466,90.64988126,93.28359604,90.64988126
3716,90.58096672,93.28375791,90.65002833,93.93491019,95.95711039,93.93491019,90.65002833,93.28375791,90.65002833
3717,90.58111333,93.28391969,90.65017532,93.93507563,95.95728719,93.93507563,90.65017532,93.28391969,90.65017532
3718,90.58125985,93.28408139,90.65032224,93.93524099,95.9574639,93.93524099,90.65032224,93.28408139,90.65032224
3719,90.5814063,93.28424301,90.65046907,93.93540626,95.95764051,93.93540626,90.65046907,93.28424301,90.65046907
3720,90.58155268,93.28440454,90.65061583,93.93557144,95.95781703,93.93557144,90.65061583,93.28440454,90.65061583
3721,90.58169897,93.28456598,90.65076252,93.93573653,95.95799346,93.93573653,90.65076252,93.28456598,90.65076252
3722,90.58184519,93.28472734,90.65090912,93.93590154,95.95816979,93.93590154,90.65090912,93.28472734,90.65090912
3723,90.58199133,93.28488861,90.65105565,93.93606645,95.95834603,93.93606645,90.65105565,93.28488861,90.65105565
3724,90.5821374,93.2850498,90.6512021,93.93623129,95.95852218,93.93623129,90.6512021,93.2850498,90.6512021
3725,90.58228339,93.28521091,90.65134848,93.93639603,95.95869824,93.93639603,90.65134848,93.28521091,90.65134848
3726,90.5824293,93.28537193,90.65149477,93.93656069,95.9588742,93.93656069,90.65149477,93.28537193,90.65149477
3727,90.58257513,93.28553286,90.651641,93.93672527,95.95905007,93.93672527,90.651641,93.28553286,90.651641
3728,90.58272089,93.28569371,90.65178714,93.93688975,95.95922585,93.93688975,90.65178714,93.28569371,90.65178714
3729,90.58286657,93.28585448,90.65193321,93.93705415,95.95940153,93.93705415,90.65193321,93.28585448,90.65193321
3730,90.58301218,93.28601516,90.6520792,93.93721847,95.95957713,93.93721847,90.6520792,93.28601516,90.6520792
3731,90.58315771,93.28617576,90.65222511,93.93738269,95.95975263,93.93738269,90.65222511,93.28617576,90.65222511
3732,90.58330316,93.28633627,90.65237095,93.93754684,95.95992804,93.93754684,90.65237095,93.28633627,90.65237095
3733,90.58344854,93.2864967,90.65251671,93.93771089,95.96010336,93.93771089,90.65251671,93.2864967,90.65251671
3734,90.58359384,93.28665704,90.65266239,93.93787486,95.96027858,93.93787486,90.65266239,93.28665704,90.65266239
3735,90.58373906,93.2868173,90.652808,93.93803874,95.96045372,93.93803874,90.652808,93.2868173,90.652808
3736,90.58388421,93.28697748,90.65295353,93.93820254,95.96062876,93.93820254,90.65295353,93.28697748,90.65295353
3737,90.58402928,93.28713757,90.65309899,93.93836625,95.96080371,93.93836625,90.65309899,93.28713757,90.65309899
3738,90.58417428,93.28729758,90.65324437,93.93852988,95.96097857,93.93852988,90.65324437,93.28729758,90.65324437
3739,90.5843192,93.28745751,90.65338967,93.93869342,95.96115333,93.93869342,90.65338967,93.28745751,90.65338967
3740,90.58446404,93.28761735,90.6535349,93.93885687,95.96132801,93.93885687,90.6535349,93.28761735,90.6535349
3741,90.58460881,93.28777711,90.65368005,93.93902024,95.96150259,93.93902024,90.65368005,93.28777711,90.65368005
3742,90.5847535,93.28793678,90.65382512,93.93918353,95.96167709,93.93918353,90.65382512,93.28793678,90.65382512
3743,90.58489812,93.28809637,90.65397012,93.93934672,95.96185149,93.93934672,90.65397012,93.28809637,90.65397012
3744,90.58504266,93.28825588,90.65411505,93.93950984,95.9620258,93.93950984,90.65411505,93.28825588,90.65411505
3745,90.58518712,93.2884153,90.65425989,93.93967286,95.96220002,93.93967286,90.65425989,93.2884153,90.65425989
3746,90.58533151,93.28857464,90.65440467,93.93983581,95.96237414,93.93983581,90.65440467,93.28857464,90.65440467
3747,90.58547583,93.2887339,90.65454936,93.93999866,95.96254818,93.93999866,90.65454936,93.2887339,90.65454936
3748,90.58562007,93.28889307,90.65469398,93.94016143,95.96272213,93.94016143,90.65469398,93.28889307,90.65469398
3749,90.58576423,93.28905216,90.65483853,93.94032412,95.96289598,93.94032412,90.65483853,93.28905216,90.65483853
3750,90.58590832,93.28921117,90.654983,93.94048672,95.96306975,93.94048672,90.654983,93.28921117,90.654983
3751,90.58605233,93.28937009,90.65512739,93.94064924,95.96324342,93.94064924,90.65512739,93.28937009,90.65512739
3752,90.58619627,93.28952894,90.65527171,93.94081167,95.963417,93.94081167,90.65527171,93.28952894,90.65527171
3753,90.58634013,93.28968769,90.65541595,93.94097402,95.96359049,93.94097402,90.65541595,93.28968769,90.65541595
3754,90.58648392,93.28984637,90.65556012,93.94113628,95.9637639,93.94113628,90.65556012,93.28984637,90.65556012
3755,90.58662763,93.29000496,90.65570421,93.94129846,95.96393721,93.94129846,90.65570421,93.29000496,90.65570421
3756,90.58677127,93.29016347,90.65584823,93.94146055,95.96411043,93.94146055,90.65584823,93.29016347,90.65584823
3757,90.58691483,93.2903219,90.65599217,93.94162256,95.96428356,93.94162256,90.65599217,93.2903219,90.65599217
3758,90.58705832,93.29048025,90.65613604,93.94178449,95.9644566,93.94178449,90.65613604,93.29048025,90.65613604
3759,90.58720173,93.29063851,90.65627983,93.94194633,95.96462955,93.94194633,90.65627983,93.29063851,90.65627983
3760,90.58734507,93.29079669,90.65642355,93.94210808,95.96480241,93.94210808,90.65642355,93.29079669,90.65642355
3761,90.58748833,93.29095479,90.65656719,93.94226975,95.96497518,93.94226975,90.65656719,93.29095479,90.65656719
3762,90.58763152,93.2911128,90.65671076,93.94243134,95.96514786,93.94243134,90.65671076,93.2911128,90.65671076
3763,90.58777464,93.29127073,90.65685426,93.94259284,95.96532045,93.94259284,90.65685426,93.29127073,90.65685426
3764,90.58791768,93.29142858,90.65699767,93.94275426,95.96549295,93.94275426,90.65699767,93.29142858,90.65699767
3765,90.58806064,93.29158635,90.65714102,93.9429156,95.96566536,93.9429156,90.65714102,93.29158635,90.65714102
3766,90.58820354,93.29174404,90.65728429,93.94307685,95.96583768,93.94307685,90.65728429,93.29174404,90.65728429
3767,90.58834635,93.29190164,90.65742748,93.94323802,95.96600991,93.94323802,90.65742748,93.29190164,90.65742748
3768,90.5884891,93.29205917,90.6575706,93.9433991,95.96618205,93.9433991,90.6575706,93.29205917,90.6575706
3769,90.58863176,93.29221661,90.65771365,93.9435601,95.96635411,93.9435601,90.65771365,93.29221661,90.65771365
3770,90.58877436,93.29237397,90.65785662,93.94372102,95.96652607,93.94372102,90.65785662,93.29237397,90.65785662
3771,90.58891688,93.29253125,90.65799952,93.94388185,95.96669794,93.94388185,90.65799952,93.29253125,90.65799952
3772,90.58905933,93.29268844,90.65814234,93.9440426,95.96686973,93.9440426,90.65814234,93.29268844,90.65814234
3773,90.5892017,93.29284555,90.65828509,93.94420326,95.96704142,93.94420326,90.65828509,93.29284555,90.65828509
3774,90.589344,93.29300259,90.65842777,93.94436384,95.96721303,93.94436384,90.65842777,93.29300259,90.65842777
3775,90.58948622,93.29315954,90.65857037,93.94452434,95.96738454,93.94452434,90.65857037,93.29315954,90.65857037
3776,90.58962837,93.29331641,90.65871289,93.94468476,95.96755597,93.94468476,90.65871289,93.29331641,90.65871289
3777,90.58977045,93.2934732,90.65885535,93.94484509,95.96772731,93.94484509,90.65885535,93.2934732,90.65885535
3778,90.58991245,93.2936299,90.65899773,93.94500534,95.96789856,93.94500534,90.65899773,93.2936299,90.65899773
3779,90.59005438,93.29378653,90.65914003,93.94516551,95.96806972,93.94516551,90.65914003,93.29378653,90.65914003
3780,90.59019624,93.29394307,90.65928226,93.94532559,95.9682408,93.94532559,90.65928226,93.29394307,90.65928226
3781,90.59033802,93.29409954,90.65942442,93.94548559,95.96841178,93.94548559,90.65942442,93.29409954,90.65942442
3782,90.59047973,93.29425592,90.65956651,93.94564551,95.96858268,93.94564551,90.65956651,93.29425592,90.65956651
3783,90.59062137,93.29441222,90.65970852,93.94580534,95.96875348,93.94580534,90.65970852,93.29441222,90.65970852
3784,90.59076293,93.29456844,90.65985045,93.94596509,95.9689242,93.94596509,90.65985045,93.29456844,90.65985045
3785,90.59090442,93.29472458,90.65999232,93.94612476,95.96909483,93.94612476,90.65999232,93.29472458,90.65999232
3786,90.59104584,93.29488064,90.66013411,93.94628435,95.96926537,93.94628435,90.66013411,93.29488064,90.66013411
3787,90.59118718,93.29503662,90.66027583,93.94644385,95.96943583,93.94644385,90.66027583,93.29503662,90.66027583
3788,90.59132845,93.29519252,90.66041747,93.94660328,95.96960619,93.94660328,90.66041747,93.29519252,90.66041747
3789,90.59146965,93.29534833,90.66055904,93.94676262,95.96977647,93.94676262,90.66055904,93.29534833,90.66055904
3790,90.59161077,93.29550407,90.66070054,93.94692187,95.96994666,93.94692187,90.66070054,93.29550407,90.66070054
3791,90.59175182,93.29565973,90.66084196,93.94708105,95.97011676,93.94708105,90.66084196,93.29565973,90.66084196
3792,90.5918928,93.2958153,90.66098331,93.94724014,95.97028678,93.94724014,90.66098331,93.2958153,90.66098331
3793,90.59203371,93.2959708,90.66112459,93.94739915,95.9704567,93.94739915,90.66112459,93.2959708,90.66112459
3794,90.59217454,93.29612621,90.6612658,93.94755808,95.97062654,93.94755808,90.6612658,93.29612621,90.6612658
3795,90.5923153,93.29628155,90.66140693,93.94771692,95.97079629,93.94771692,90.66140693,93.29628155,90.66140693
3796,90.59245599,93.2964368,90.66154799,93.94787569,95.97096595,93.94787569,90.66154799,93.2964368,90.66154799
3797,90.5925966,93.29659197,90.66168898,93.94803437,95.97113553,93.94803437,90.66168898,93.29659197,90.66168898
3798,90.59273714,93.29674707,90.66182989,93.94819297,95.97130502,93.94819297,90.66182989,93.29674707,90.66182989
3799,90.59287761,93.29690208,90.66197073,93.94835149,95.97147442,93.94835149,90.66197073,93.29690208,90.66197073
3800,90.59301801,93.29705702,90.6621115,93.94850992,95.97164373,93.94850992,90.6621115,93.29705702,90.6621115
3801,90.59315833,93.29721187,90.6622522,93.94866828,95.97181296,93.94866828,90.6622522,93.29721187,90.6622522
3802,90.59329859,93.29736665,90.66239282,93.94882655,95.97198209,93.94882655,90.66239282,93.29736665,90.66239282
3803,90.59343877,93.29752134,90.66253337,93.94898474,95.97215115,93.94898474,90.66253337,93.29752134,90.66253337
3804,90.59357888,93.29767596,90.66267385,93.94914285,95.97232011,93.94914285,90.66267385,93.29767596,90.66267385
3805,90.59371891,93.29783049,90.66281426,93.94930088,95.97248899,93.94930088,90.66281426,93.29783049,90.66281426
3806,90.59385888,93.29798495,90.66295459,93.94945883,95.97265778,93.94945883,90.66295459,93.29798495,90.66295459
3807,90.59399877,93.29813932,90.66309485,93.9496167,95.97282648,93.9496167,90.66309485,93.29813932,90.66309485
3808,90.59413859,93.29829362,90.66323504,93.94977448,95.9729951,93.94977448,90.66323504,93.29829362,90.66323504
3809,90.59427834,93.29844784,90.66337516,93.94993219,95.97316363,93.94993219,90.66337516,93.29844784,90.66337516
3810,90.59441801,93.29860198,90.66351521,93.95008981,95.97333207,93.95008981,90.66351521,93.29860198,90.66351521
3811,90.59455762,93.29875604,90.66365518,93.95024735,95.97350043,93.95024735,90.66365518,93.29875604,90.66365518
3812,90.59469715,93.29891002,90.66379508,93.95040481,95.9736687,93.95040481,90.66379508,93.29891002,90.66379508
3813,90.59483661,93.29906392,90.66393491,93.95056219,95.97383688,93.95056219,90.66393491,93.29906392,90.66393491
3814,90.594976,93.29921774,90.66407467,93.95071949,95.97400498,93.95071949,90.66407467,93.29921774,90.66407467
3815,90.59511532,93.29937148,90.66421435,93.95087671,95.97417299,93.95087671,90.66421435,93.29937148,90.66421435
3816,90.59525456,93.29952515,90.66435397,93.95103385,95.97434092,93.95103385,90.66435397,93.29952515,90.66435397
3817,90.59539374,93.29967873,90.66449351,93.9511909,95.97450876,93.9511909,90.66449351,93.29967873,90.66449351
3818,90.59553284,93.29983224,90.66463298,93.95134788,95.97467651,93.95134788,90.66463298,93.29983224,90.66463298
3819,90.59567187,93.29998567,90.66477238,93.95150477,95.97484417,93.95150477,90.66477238,93.29998567,90.66477238
3820,90.59581083,93.30013902,90.66491171,93.95166159,95.97501175,93.95166159,90.66491171,93.30013902,90.66491171
3821,90.59594972,93.30029229,90.66505097,93.95181832,95.97517925,93.95181832,90.66505097,93.30029229,90.66505097
3822,90.59608854,93.30044548,90.66519015,93.95197498,95.97534666,93.95197498,90.66519015,93.30044548,90.66519015
3823,90.59622729,93.30059859,90.66532927,93.95213155,95.97551398,93.95213155,90.66532927,93.30059859,90.66532927
3824,90.59636596,93.30075162,90.66546831,93.95228805,95.97568122,93.95228805,90.66546831,93.30075162,90.66546831
3825,90.59650457,93.30090458,90.66560728,93.95244446,95.97584837,93.95244446,90.66560728,93.30090458,90.66560728
3826,90.5966431,93.30105746,90.66574618,93.95260079,95.97601543,93.95260079,90.66574618,93.30105746,90.66574618
3827,90.59678156,93.30121026,90.66588501,93.95275705,95.97618242,93.95275705,90.66588501,93.30121026,90.66588501
3828,90.59691996,93.30136298,90.66602377,93.95291322,95.97634931,93.95291322,90.66602377,93.30136298,90.66602377
3829,90.59705828,93.30151562,90.66616246,93.95306932,95.97651612,93.95306932,90.66616246,93.30151562,90.66616246
3830,90.59719653,93.30166819,90.66630107,93.95322533,95.97668284,93.95322533,90.66630107,93.30166819,90.66630107
3831,90.59733471,93.30182068,90.66643962,93.95338126,95.97684948,93.95338126,90.66643962,93.30182068,90.66643962
3832,90.59747282,93.30197309,90.66657809,93.95353712,95.97701604,93.95353712,90.66657809,93.30197309,90.66657809
3833,90.59761085,93.30212542,90.6667165,93.95369289,95.9771825,93.95369289,90.6667165,93.30212542,90.6667165
3834,90.59774882,93.30227767,90.66685483,93.95384859,95.97734889,93.95384859,90.66685483,93.30227767,90.66685483
3835,90.59788672,93.30242985,90.66699309,93.9540042,95.97751519,93.9540042,90.66699309,93.30242985,90.66699309
3836,90.59802455,93.30258194,90.66713128,93.95415974,95.9776814,93.95415974,90.66713128,93.30258194,90.66713128
3837,90.5981623,93.30273396,90.6672694,93.9543152,95.97784753,93.9543152,90.6672694,93.30273396,90.6672694
3838,90.59829999,93.30288591,90.66740745,93.95447057,95.97801357,93.95447057,90.66740745,93.30288591,90.66740745
3839,90.59843761,93.30303777,90.66754543,93.95462587,95.97817953,93.95462587,90.66754543,93.30303777,90.66754543
3840,90.59857515,93.30318956,90.66768334,93.95478109,95.9783454,93.95478109,90.66768334,93.30318956,90.66768334
3841,90.59871263,93.30334127,90.66782118,93.95493623,95.97851119,93.95493623,90.66782118,93.30334127,90.66782118
3842,90.59885003,93.3034929,90.66795895,93.95509129,95.9786769,93.95509129,90.66795895,93.3034929,90.66795895
3843,90.59898737,93.30364446,90.66809665,93.95524627,95.97884252,93.95524627,90.66809665,93.30364446,90.66809665
3844,90.59912463,93.30379594,90.66823428,93.95540117,95.97900806,93.95540117,90.66823428,93.30379594,90.66823428
3845,90.59926183,93.30394734,90.66837184,93.955556,95.97917351,93.955556,90.66837184,93.30394734,90.66837184
3846,90.59939895,93.30409866,90.66850933,93.95571074,95.97933888,93.95571074,90.66850933,93.30409866,90.66850933
3847,90.59953601,93.30424991,90.66864674,93.95586541,95.97950416,93.95586541,90.66864674,93.30424991,90.66864674
3848,90.599673,93.30440108,90.66878409,93.95601999,95.97966936,93.95601999,90.66878409,93.30440108,90.66878409
3849,90.59980991,93.30455217,90.66892137,93.9561745,95.97983447,93.9561745,90.66892137,93.30455217,90.66892137
3850,90.59994676,93.30470318,90.66905858,93.95632893,95.9799995,93.95632893,90.66905858,93.30470318,90.66905858
3851,90.60008353,93.30485412,90.66919572,93.95648328,95.98016445,93.95648328,90.66919572,93.30485412,90.66919572
3852,90.60022024,93.30500499,90.66933279,93.95663755,95.98032931,93.95663755,90.66933279,93.30500499,90.66933279
3853,90.60035688,93.30515577,90.66946979,93.95679175,95.98049409,93.95679175,90.66946979,93.30515577,90.66946979
3854,90.60049345,93.30530648,90.66960672,93.95694586,95.98065879,93.95694586,90.66960672,93.30530648,90.66960672
3855,90.60062995,93.30545711,90.66974358,93.9570999,95.9808234,93.9570999,90.66974358,93.30545711,90.66974358
3856,90.60076638,93.30560767,90.66988037,93.95725386,95.98098793,93.95725386,90.66988037,93.30560767,90.66988037
3857,90.60090274,93.30575815,90.67001709,93.95740774,95.98115237,93.95740774,90.67001709,93.30575815,90.67001709
3858,90.60103903,93.30590855,90.67015374,93.95756154,95.98131673,93.95756154,90.67015374,93.30590855,90.67015374
3859,90.60117525,93.30605888,90.67029032,93.95771527,95.98148101,93.95771527,90.67029032,93.30605888,90.67029032
3860,90.6013114,93.30620913,90.67042683,93.95786891,95.9816452,93.95786891,90.67042683,93.30620913,90.67042683
3861,90.60144748,93.3063593,90.67056328,93.95802248,95.98180932,93.95802248,90.67056328,93.3063593,90.67056328
3862,90.6015835,93.3065094,90.67069965,93.95817597,95.98197334,93.95817597,90.67069965,93.3065094,90.67069965
3863,90.60171944,93.30665942,90.67083596,93.95832939,95.98213729,93.95832939,90.67083596,93.30665942,90.67083596
3864,90.60185532,93.30680936,90.67097219,93.95848272,95.98230115,93.95848272,90.67097219,93.30680936,90.67097219
3865,90.60199113,93.30695923,90.67110836,93.95863598,95.98246493,93.95863598,90.67110836,93.30695923,90.67110836
3866,90.60212687,93.30710903,90.67124446,93.95878916,95.98262862,93.95878916,90.67124446,93.30710903,90.67124446
3867,90.60226254,93.30725874,90.67138048,93.95894226,95.98279223,93.95894226,90.67138048,93.30725874,90.67138048
3868,90.60239814,93.30740839,90.67151644,93.95909528,95.98295576,93.95909528,90.67151644,93.30740839,90.67151644
3869,90.60253367,93.30755795,90.67165233,93.95924823,95.98311921,93.95924823,90.67165233,93.30755795,90.67165233
3870,90.60266913,93.30770744,90.67178816,93.9594011,95.98328257,93.9594011,90.67178816,93.30770744,90.67178816
3871,90.60280453,93.30785686,90.67192391,93.95955389,95.98344585,93.95955389,90.67192391,93.30785686,90.67192391
3872,90.60293985,93.30800619,90.67205959,93.9597066,95.98360905,93.9597066,90.67205959,93.30800619,90.67205959
3873,90.60307511,93.30815546,90.67219521,93.95985924,95.98377217,93.95985924,90.67219521,93.30815546,90.67219521
3874,90.6032103,93.30830464,90.67233076,93.9600118,95.9839352,93.9600118,90.67233076,93.30830464,90.67233076
3875,90.60334542,93.30845376,90.67246624,93.96016428,95.98409815,93.96016428,90.67246624,93.30845376,90.67246624
3876,90.60348048,93.30860279,90.67260165,93.96031669,95.98426102,93.96031669,90.67260165,93.30860279,90.67260165
3877,90.60361546,93.30875175,90.67273699,93.96046902,95.9844238,93.96046902,90.67273699,93.30875175,90.67273699
3878,90.60375038,93.30890064,90.67287226,93.96062127,95.98458651,93.96062127,90.67287226,93.30890064,90.67287226
3879,90.60388523,93.30904945,90.67300747,93.96077344,95.98474913,93.96077344,90.67300747,93.30904945,90.67300747
3880,90.60402001,93.30919819,90.6731426,93.96092554,95.98491167,93.96092554,90.6731426,93.30919819,90.6731426
3881,90.60415472,93.30934685,90.67327767,93.96107756,95.98507412,93.96107756,90.67327767,93.30934685,90.67327767
3882,90.60428936,93.30949543,90.67341267,93.96122951,95.9852365,93.96122951,90.67341267,93.30949543,90.67341267
3883,90.60442394,93.30964394,90.6735476,93.96138137,95.98539879,93.96138137,90.6735476,93.30964394,90.6735476
3884,90.60455845,93.30979238,90.67368247,93.96153317,95.985561,93.96153317,90.67368247,93.30979238,90.67368247
3885,90.60469289,93.30994074,90.67381727,93.96168488,95.98572313,93.96168488,90.67381727,93.30994074,90.67381727
3886,90.60482726,93.31008903,90.67395199,93.96183652,95.98588518,93.96183652,90.67395199,93.31008903,90.67395199
3887,90.60496156,93.31023724,90.67408665,93.96198808,95.98604715,93.96198808,90.67408665,93.31023724,90.67408665
3888,90.6050958,93.31038537,90.67422125,93.96213956,95.98620903,93.96213956,90.67422125,93.31038537,90.67422125
3889,90.60522997,93.31053343,90.67435577,93.96229097,95.98637083,93.96229097,90.67435577,93.31053343,90.67435577
3890,90.60536407,93.31068142,90.67449023,93.9624423,95.98653255,93.9624423,90.67449023,93.31068142,90.67449023
3891,90.60549811,93.31082933,90.67462462,93.96259356,95.98669419,93.96259356,90.67462462,93.31082933,90.67462462
3892,90.60563207,93.31097717,90.67475894,93.96274474,95.98685575,93.96274474,90.67475894,93.31097717,90.67475894
3893,90.60576597,93.31112494,90.67489319,93.96289584,95.98701723,93.96289584,90.67489319,93.31112494,90.67489319
3894,90.6058998,93.31127262,90.67502738,93.96304687,95.98717862,93.96304687,90.67502738,93.31127262,90.67502738
3895,90.60603357,93.31142024,90.67516149,93.96319782,95.98733994,93.96319782,90.67516149,93.31142024,90.67516149
3896,90.60616727,93.31156778,90.67529555,93.9633487,95.98750117,93.9633487,90.67529555,93.31156778,90.67529555
3897,90.6063009,93.31171525,90.67542953,93.9634995,95.98766232,93.9634995,90.67542953,93.31171525,90.67542953
3898,90.60643446,93.31186264,90.67556345,93.96365022,95.98782339,93.96365022,90.67556345,93.31186264,90.67556345
3899,90.60656795,93.31200996,90.67569729,93.96380087,95.98798438,93.96380087,90.67569729,93.31200996,90.67569729
3900,90.60670138,93.3121572,90.67583108,93.96395144,95.98814529,93.96395144,90.67583108,93.3121572,90.67583108
3901,90.60683474,93.31230437,90.67596479,93.96410194,95.98830612,93.96410194,90.67596479,93.31230437,90.67596479
3902,90.60696804,93.31245147,90.67609844,93.96425236,95.98846687,93.96425236,90.67609844,93.31245147,90.67609844
3903,90.60710127,93.31259849,90.67623202,93.96440271,95.98862754,93.96440271,90.67623202,93.31259849,90.67623202
3904,90.60723443,93.31274544,90.67636553,93.96455298,95.98878812,93.96455298,90.67636553,93.31274544,90.67636553
3905,90.60736752,93.31289231,90.67649898,93.96470317,95.98894863,93.96470317,90.67649898,93.31289231,90.67649898
3906,90.60750055,93.31303911,90.67663236,93.96485329,95.98910905,93.96485329,90.67663236,93.31303911,90.67663236
3907,90.60763351,93.31318584,90.67676567,93.96500334,95.9892694,93.96500334,90.67676567,93.31318584,90.67676567
3908,90.6077664,93.3133325,90.67689891,93.9651533,95.98942966,93.9651533,90.67689891,93.3133325,90.67689891
3909,90.60789923,93.31347908,90.67703209,93.9653032,95.98958984,93.9653032,90.67703209,93.31347908,90.67703209
3910,90.60803199,93.31362558,90.6771652,93.96545302,95.98974995,93.96545302,90.6771652,93.31362558,90.6771652
3911,90.60816468,93.31377202,90.67729825,93.96560276,95.98990997,93.96560276,90.67729825,93.31377202,90.67729825
3912,90.60829731,93.31391838,90.67743123,93.96575243,95.99006991,93.96575243,90.67743123,93.31391838,90.67743123
3913,90.60842987,93.31406466,90.67756414,93.96590202,95.99022978,93.96590202,90.67756414,93.31406466,90.67756414
3914,90.60856237,93.31421088,90.67769698,93.96605154,95.99038956,93.96605154,90.67769698,93.31421088,90.67769698
3915,90.60869479,93.31435702,90.67782976,93.96620098,95.99054926,93.96620098,90.67782976,93.31435702,90.67782976
3916,90.60882716,93.31450308,90.67796247,93.96635035,95.99070888,93.96635035,90.67796247,93.31450308,90.67796247
3917,90.60895945,93.31464908,90.67809512,93.96649965,95.99086843,93.96649965,90.67809512,93.31464908,90.67809512
3918,90.60909168,93.314795,90.6782277,93.96664887,95.99102789,93.96664887,90.6782277,93.314795,90.6782277
3919,90.60922384,93.31494084,90.67836021,93.96679801,95.99118727,93.96679801,90.67836021,93.31494084,90.67836021
3920,90.60935594,93.31508662,90.67849266,93.96694708,95.99134658,93.96694708,90.67849266,93.31508662,90.67849266
3921,90.60948797,93.31523232,90.67862504,93.96709608,95.9915058,93.96709608,90.67862504,93.31523232,90.67862504
3922,90.60961994,93.31537795,90.67875735,93.967245,95.99166495,93.967245,90.67875735,93.31537795,90.67875735
3923,90.60975184,93.31552351,90.6788896,93.96739384,95.99182401,93.96739384,90.6788896,93.31552351,90.6788896
3924,90.60988367,93.31566899,90.67902178,93.96754262,95.991983,93.96754262,90.67902178,93.31566899,90.67902178
3925,90.61001544,93.3158144,90.6791539,93.96769131,95.9921419,93.96769131,90.6791539,93.3158144,90.6791539
3926,90.61014714,93.31595974,90.67928595,93.96783994,95.99230073,93.96783994,90.67928595,93.31595974,90.67928595
3927,90.61027878,93.31610501,90.67941793,93.96798849,95.99245948,93.96798849,90.67941793,93.31610501,90.67941793
3928,90.61041035,93.3162502,90.67954985,93.96813696,95.99261814,93.96813696,90.67954985,93.3162502,90.67954985
3929,90.61054185,93.31639532,90.6796817,93.96828536,95.99277673,93.96828536,90.6796817,93.31639532,90.6796817
3930,90.61067329,93.31654037,90.67981349,93.96843369,95.99293524,93.96843369,90.67981349,93.31654037,90.67981349
3931,90.61080466,93.31668534,90.67994521,93.96858194,95.99309367,93.96858194,90.67994521,93.31668534,90.67994521
3932,90.61093597,93.31683025,90.68007687,93.96873012,95.99325202,93.96873012,90.68007687,93.31683025,90.68007687
3933,90.61106721,93.31697508,90.68020846,93.96887823,95.9934103,93.96887823,90.68020846,93.31697508,90.68020846
3934,90.61119839,93.31711984,90.68033998,93.96902626,95.99356849,93.96902626,90.68033998,93.31711984,90.68033998
3935,90.6113295,93.31726453,90.68047144,93.96917422,95.99372661,93.96917422,90.68047144,93.31726453,90.68047144
3936,90.61146055,93.31740914,90.68060283,93.9693221,95.99388464,93.9693221,90.68060283,93.31740914,90.68060283
3937,90.61159153,93.31755369,90.68073416,93.96946991,95.9940426,93.96946991,90.68073416,93.31755369,90.68073416
3938,90.61172245,93.31769816,90.68086542,93.96961765,95.99420048,93.96961765,90.68086542,93.31769816,90.68086542
3939,90.6118533,93.31784256,90.68099662,93.96976531,95.99435828,93.96976531,90.68099662,93.31784256,90.68099662
3940,90.61198408,93.31798688,90.68112775,93.9699129,95.994516,93.9699129,90.68112775,93.31798688,90.68112775
3941,90.6121148,93.31813114,90.68125882,93.97006042,95.99467364,93.97006042,90.68125882,93.31813114,90.68125882
3942,90.61224546,93.31827532,90.68138982,93.97020786,95.99483121,93.97020786,90.68138982,93.31827532,90.68138982
3943,90.61237605,93.31841944,90.68152075,93.97035523,95.9949887,93.97035523,90.68152075,93.31841944,90.68152075
3944,90.61250657,93.31856348,90.68165163,93.97050253,95.99514611,93.97050253,90.68165163,93.31856348,90.68165163
3945,90.61263704,93.31870745,90.68178243,93.97064975,95.99530344,93.97064975,90.68178243,93.31870745,90.68178243
3946,90.61276743,93.31885134,90.68191317,93.9707969,95.99546069,93.9707969,90.68191317,93.31885134,90.68191317
3947,90.61289776,93.31899517,90.68204385,93.97094398,95.99561786,93.97094398,90.68204385,93.31899517,90.68204385
3948,90.61302803,93.31913892,90.68217446,93.97109099,95.99577496,93.97109099,90.68217446,93.31913892,90.68217446
3949,90.61315823,93.31928261,90.68230501,93.97123792,95.99593197,93.97123792,90.68230501,93.31928261,90.68230501
3950,90.61328837,93.31942622,90.68243549,93.97138478,95.99608891,93.97138478,90.68243549,93.31942622,90.68243549
3951,90.61341844,93.31956976,90.6825659,93.97153156,95.99624578,93.97153156,90.6825659,93.31956976,90.6825659
3952,90.61354845,93.31971323,90.68269626,93.97167827,95.99640256,93.97167827,90.68269626,93.31971323,90.68269626
3953,90.61367839,93.31985663,90.68282654,93.97182491,95.99655927,93.97182491,90.68282654,93.31985663,90.68282654
3954,90.61380827,93.31999995,90.68295677,93.97197148,95.9967159,93.97197148,90.68295677,93.31999995,90.68295677
3955,90.61393809,93.32014321,90.68308693,93.97211797,95.99687245,93.97211797,90.68308693,93.32014321,90.68308693
3956,90.61406784,93.3202864,90.68321702,93.9722644,95.99702892,93.9722644,90.68321702,93.3202864,90.68321702
3957,90.61419752,93.32042951,90.68334705,93.97241075,95.99718532,93.97241075,90.68334705,93.32042951,90.68334705
3958,90.61432714,93.32057255,90.68347701,93.97255702,95.99734163,93.97255702,90.68347701,93.32057255,90.68347701
3959,90.6144567,93.32071553,90.68360691,93.97270323,95.99749788,93.97270323,90.68360691,93.32071553,90.68360691
3960,90.6145862,93.32085843,90.68373675,93.97284936,95.99765404,93.97284936,90.68373675,93.32085843,90.68373675
3961,90.61471563,93.32100126,90.68386652,93.97299542,95.99781013,93.97299542,90.68386652,93.32100126,90.68386652
3962,90.61484499,93.32114402,90.68399623,93.97314141,95.99796614,93.97314141,90.68399623,93.32114402,90.68399623
3963,90.61497429,93.32128671,90.68412587,93.97328732,95.99812207,93.97328732,90.68412587,93.32128671,90.68412587
3964,90.61510353,93.32142933,90.68425545,93.97343316,95.99827792,93.97343316,90.68425545,93.32142933,90.68425545
3965,90.6152327,93.32157188,90.68438497,93.97357893,95.9984337,93.97357893,90.68438497,93.32157188,90.68438497
3966,90.61536181,93.32171435,90.68451442,93.97372463,95.9985894,93.97372463,90.68451442,93.32171435,90.68451442
3967,90.61549086,93.32185676,90.68464381,93.97387026,95.99874502,93.97387026,90.68464381,93.32185676,90.68464381
3968,90.61561984,93.3219991,90.68477313,93.97401581,95.99890057,93.97401581,90.68477313,93.3219991,90.68477313
3969,90.61574876,93.32214136,90.68490239,93.9741613,95.99905604,93.9741613,90.68490239,93.32214136,90.68490239
3970,90.61587761,93.32228356,90.68503158,93.97430671,95.99921143,93.97430671,90.68503158,93.32228356,90.68503158
3971,90.6160064,93.32242569,90.68516072,93.97445205,95.99936675,93.97445205,90.68516072,93.32242569,90.68516072
3972,90.61613513,93.32256774,90.68528978,93.97459731,95.99952199,93.97459731,90.68528978,93.32256774,90.68528978
3973,90.6162638,93.32270973,90.68541879,93.97474251,95.99967715,93.97474251,90.68541879,93.32270973,90.68541879
3974,90.6163924,93.32285165,90.68554773,93.97488763,95.99983224,93.97488763,90.68554773,93.32285165,90.68554773
3975,90.61652093,93.32299349,90.68567661,93.97503269,95.99998725,93.97503269,90.68567661,93.32299349,90.68567661
3976,90.61664941,93.32313527,90.68580542,93.97517767,96.00014218,93.97517767,90.68580542,93.32313527,90.68580542
3977,90.61677782,93.32327697,90.68593417,93.97532258,96.00029704,93.97532258,90.68593417,93.32327697,90.68593417
3978,90.61690616,93.32341861,90.68606286,93.97546741,96.00045182,93.97546741,90.68606286,93.32341861,90.68606286
3979,90.61703445,93.32356018,90.68619148,93.97561218,96.00060653,93.97561218,90.68619148,93.32356018,90.68619148
3980,90.61716267,93.32370167,90.68632004,93.97575688,96.00076116,93.97575688,90.68632004,93.32370167,90.68632004
3981,90.61729083,93.3238431,90.68644853,93.9759015,96.00091571,93.9759015,90.68644853,93.3238431,90.68644853
3982,90.61741892,93.32398446,90.68657697,93.97604605,96.00107018,93.97604605,90.68657697,93.32398446,90.68657697
3983,90.61754695,93.32412575,90.68670534,93.97619053,96.00122458,93.97619053,90.68670534,93.32412575,90.68670534
3984,90.61767492,93.32426696,90.68683364,93.97633494,96.00137891,93.97633494,90.68683364,93.32426696,90.68683364
3985,90.61780282,93.32440811,90.68696189,93.97647928,96.00153316,93.97647928,90.68696189,93.32440811,90.68696189
3986,90.61793067,93.32454919,90.68709007,93.97662355,96.00168733,93.97662355,90.68709007,93.32454919,90.68709007
3987,90.61805845,93.3246902,90.68721819,93.97676775,96.00184142,93.97676775,90.68721819,93.3246902,90.68721819
3988,90.61818616,93.32483114,90.68734624,93.97691188,96.00199545,93.97691188,90.68734624,93.32483114,90.68734624
3989,90.61831382,93.32497201,90.68747423,93.97705593,96.00214939,93.97705593,90.68747423,93.32497201,90.68747423
3990,90.61844141,93.32511282,90.68760216,93.97719992,96.00230326,93.97719992,90.68760216,93.32511282,90.68760216
3991,90.61856894,93.32525355,90.68773003,93.97734383,96.00245705,93.97734383,90.68773003,93.32525355,90.68773003
3992,90.6186964,93.32539421,90.68785783,93.97748767,96.00261077,93.97748767,90.68785783,93.32539421,90.68785783
3993,90.6188238,93.32553481,90.68798557,93.97763145,96.00276441,93.97763145,90.68798557,93.32553481,90.68798557
3994,90.61895114,93.32567533,90.68811325,93.97777515,96.00291798,93.97777515,90.68811325,93.32567533,90.68811325
3995,90.61907842,93.32581579,90.68824086,93.97791878,96.00307147,93.97791878,90.68824086,93.32581579,90.68824086
3996,90.61920564,93.32595618,90.68836841,93.97806234,96.00322489,93.97806234,90.68836841,93.32595618,90.68836841
3997,90.61933279,93.3260965,90.6884959,93.97820583,96.00337823,93.97820583,90.6884959,93.3260965,90.6884959
3998,90.61945988,93.32623675,90.68862333,93.97834925,96.0035315,93.97834925,90.68862333,93.32623675,90.68862333
3999,90.61958691,93.32637693,90.68875069,93.9784926,96.00368469,93.9784926,90.68875069,93.32637693,90.68875069
4000,90.61971388,93.32651704,90.688878,93.97863588,96.0038378,93.97863588,90.688878,93.32651704,90.688878
4001,90.61984078,93.32665708,90.68900524,93.97877909,96.00399084,93.97877909,90.68900524,93.32665708,90.68900524
4002,90.61996762,93.32679706,90.68913241,93.97892223,96.00414381,93.97892223,90.68913241,93.32679706,90.68913241
4003,90.6200944,93.32693697,90.68925953,93.9790653,96.0042967,93.9790653,90.68925953,93.32693697,90.68925953
4004,90.62022112,93.3270768,90.68938658,93.9792083,96.00444952,93.9792083,90.68938658,93.3270768,90.68938658
4005,90.62034777,93.32721657,90.68951357,93.97935123,96.00460226,93.97935123,90.68951357,93.32721657,90.68951357
4006,90.62047437,93.32735628,90.6896405,93.97949409,96.00475492,93.97949409,90.6896405,93.32735628,90.6896405
4007,90.6206009,93.32749591,90.68976737,93.97963688,96.00490751,93.97963688,90.68976737,93.32749591,90.68976737
4008,90.62072737,93.32763547,90.68989417,93.9797796,96.00506003,93.9797796,90.68989417,93.32763547,90.68989417
4009,90.62085378,93.32777497,90.69002091,93.97992225,96.00521247,93.97992225,90.69002091,93.32777497,90.69002091
4010,90.62098012,93.3279144,90.69014759,93.98006483,96.00536484,93.98006483,90.69014759,93.3279144,90.69014759
4011,90.62110641,93.32805376,90.69027421,93.98020734,96.00551713,93.98020734,90.69027421,93.32805376,90.69027421
4012,90.62123263,93.32819305,90.69040077,93.98034978,96.00566935,93.98034978,90.69040077,93.32819305,90.69040077
4013,90.62135879,93.32833227,90.69052726,93.98049215,96.0058215,93.98049215,90.69052726,93.32833227,90.69052726
4014,90.62148489,93.32847143,90.69065369,93.98063445,96.00597357,93.98063445,90.69065369,93.32847143,90.69065369
4015,90.62161093,93.32861051,90.69078006,93.98077668,96.00612556,93.98077668,90.69078006,93.32861051,90.69078006
4016,90.6217369,93.32874953,90.69090637,93.98091884,96.00627748,93.98091884,90.69090637,93.32874953,90.69090637
4017,90.62186282,93.32888849,90.69103262,93.98106094,96.00642933,93.98106094,90.69103262,93.32888849,90.69103262
4018,90.62198867,93.32902737,90.69115881,93.98120296,96.0065811,93.98120296,90.69115881,93.32902737,90.69115881
4019,90.62211446,93.32916619,90.69128493,93.98134491,96.0067328,93.98134491,90.69128493,93.32916619,90.69128493
4020,90.62224019,93.32930493,90.69141099,93.9814868,96.00688443,93.9814868,90.69141099,93.32930493,90.69141099
4021,90.62236586,93.32944362,90.691537,93.98162861,96.00703598,93.98162861,90.691537,93.32944362,90.691537
4022,90.62249147,93.32958223,90.69166294,93.98177036,96.00718746,93.98177036,90.69166294,93.32958223,90.69166294
4023,90.62261701,93.32972077,90.69178881,93.98191204,96.00733886,93.98191204,90.69178881,93.32972077,90.69178881
4024,90.6227425,93.32985925,90.69191463,93.98205365,96.00749019,93.98205365,90.69191463,93.32985925,90.69191463
4025,90.62286792,93.32999766,90.69204039,93.98219518,96.00764145,93.98219518,90.69204039,93.32999766,90.69204039
4026,90.62299328,93.33013601,90.69216608,93.98233665,96.00779263,93.98233665,90.69216608,93.33013601,90.69216608
4027,90.62311859,93.33027428,90.69229171,93.98247806,96.00794374,93.98247806,90.69229171,93.33027428,90.69229171
4028,90.62324383,93.33041249,90.69241729,93.98261939,96.00809477,93.98261939,90.69241729,93.33041249,90.69241729
4029,90.62336901,93.33055063,90.6925428,93.98276065,96.00824573,93.98276065,90.6925428,93.33055063,90.6925428
4030,90.62349413,93.33068871,90.69266825,93.98290185,96.00839662,93.98290185,90.69266825,93.33068871,90.69266825
4031,90.62361918,93.33082671,90.69279364,93.98304297,96.00854744,93.98304297,90.69279364,93.33082671,90.69279364
4032,90.62374418,93.33096465,90.69291896,93.98318403,96.00869818,93.98318403,90.69291896,93.33096465,90.69291896
4033,90.62386912,93.33110252,90.69304423,93.98332502,96.00884884,93.98332502,90.69304423,93.33110252,90.69304423
4034,90.62399399,93.33124033,90.69316944,93.98346594,96.00899944,93.98346594,90.69316944,93.33124033,90.69316944
4035,90.62411881,93.33137807,90.69329458,93.98360679,96.00914996,93.98360679,90.69329458,93.33137807,90.69329458
4036,90.62424356,93.33151574,90.69341967,93.98374758,96.00930041,93.98374758,90.69341967,93.33151574,90.69341967
4037,90.62436825,93.33165334,90.69354469,93.98388829,96.00945078,93.98388829,90.69354469,93.33165334,90.69354469
4038,90.62449289,93.33179088,90.69366965,93.98402894,96.00960109,93.98402894,90.69366965,93.33179088,90.69366965
4039,90.62461746,93.33192835,90.69379455,93.98416952,96.00975131,93.98416952,90.69379455,93.33192835,90.69379455
4040,90.62474197,93.33206576,90.69391939,93.98431003,96.00990147,93.98431003,90.69391939,93.33206576,90.69391939
4041,90.62486642,93.33220309,90.69404418,93.98445047,96.01005155,93.98445047,90.69404418,93.33220309,90.69404418
4042,90.62499081,93.33234037,90.6941689,93.98459084,96.01020156,93.98459084,90.6941689,93.33234037,90.6941689
4043,90.62511515,93.33247757,90.69429356,93.98473115,96.0103515,93.98473115,90.69429356,93.33247757,90.69429356
4044,90.62523942,93.33261471,90.69441815,93.98487139,96.01050137,93.98487139,90.69441815,93.33261471,90.69441815
4045,90.62536363,93.33275178,90.69454269,93.98501156,96.01065116,93.98501156,90.69454269,93.33275178,90.69454269
4046,90.62548778,93.33288878,90.69466717,93.98515166,96.01080088,93.98515166,90.69466717,93.33288878,90.69466717
4047,90.62561187,93.33302572,90.69479159,93.98529169,96.01095053,93.98529169,90.69479159,93.33302572,90.69479159
4048,90.6257359,93.33316259,90.69491595,93.98543166,96.0111001,93.98543166,90.69491595,93.33316259,90.69491595
4049,90.62585987,93.3332994,90.69504025,93.98557156,96.0112496,93.98557156,90.69504025,93.3332994,90.69504025
4050,90.62598378,93.33343614,90.69516448,93.98571139,96.01139903,93.98571139,90.69516448,93.33343614,90.69516448
4051,90.62610762,93.33357281,90.69528866,93.98585115,96.01154839,93.98585115,90.69528866,93.33357281,90.69528866
4052,90.62623141,93.33370942,90.69541278,93.98599084,96.01169767,93.98599084,90.69541278,93.33370942,90.69541278
4053,90.62635514,93.33384596,90.69553683,93.98613047,96.01184689,93.98613047,90.69553683,93.33384596,90.69553683
4054,90.62647881,93.33398244,90.69566083,93.98627003,96.01199603,93.98627003,90.69566083,93.33398244,90.69566083
4055,90.62660242,93.33411884,90.69578477,93.98640952,96.0121451,93.98640952,90.69578477,93.33411884,90.69578477
4056,90.62672597,93.33425519,90.69590865,93.98654895,96.01229409,93.98654895,90.69590865,93.33425519,90.69590865
4057,90.62684946,93.33439146,90.69603246,93.98668831,96.01244302,93.98668831,90.69603246,93.33439146,90.69603246
4058,90.6269729,93.33452768,90.69615622,93.9868276,96.01259187,93.9868276,90.69615622,93.33452768,90.69615622
4059,90.62709627,93.33466382,90.69627992,93.98696682,96.01274065,93.98696682,90.69627992,93.33466382,90.69627992
4060,90.62721958,93.3347999,90.69640356,93.98710598,96.01288936,93.98710598,90.69640356,93.3347999,90.69640356
4061,90.62734283,93.33493591,90.69652713,93.98724506,96.01303799,93.98724506,90.69652713,93.33493591,90.69652713
4062,90.62746602,93.33507186,90.69665065,93.98738408,96.01318656,93.98738408,90.69665065,93.33507186,90.69665065
4063,90.62758915,93.33520774,90.69677411,93.98752304,96.01333505,93.98752304,90.69677411,93.33520774,90.69677411
4064,90.62771223,93.33534356,90.69689751,93.98766193,96.01348347,93.98766193,90.69689751,93.33534356,90.69689751
4065,90.62783524,93.33547931,90.69702085,93.98780075,96.01363182,93.98780075,90.69702085,93.33547931,90.69702085
4066,90.6279582,93.335615,90.69714413,93.9879395,96.0137801,93.9879395,90.69714413,93.335615,90.69714413
4067,90.62808109,93.33575062,90.69726735,93.98807818,96.01392831,93.98807818,90.69726735,93.33575062,90.69726735
4068,90.62820393,93.33588617,90.69739051,93.9882168,96.01407644,93.9882168,90.69739051,93.33588617,90.69739051
4069,90.62832671,93.33602166,90.69751361,93.98835536,96.01422451,93.98835536,90.69751361,93.33602166,90.69751361
4070,90.62844942,93.33615709,90.69763665,93.98849384,96.0143725,93.98849384,90.69763665,93.33615709,90.69763665
4071,90.62857208,93.33629245,90.69775964,93.98863226,96.01452042,93.98863226,90.69775964,93.33629245,90.69775964
4072,90.62869468,93.33642774,90.69788256,93.98877061,96.01466827,93.98877061,90.69788256,93.33642774,90.69788256
4073,90.62881722,93.33656297,90.69800543,93.9889089,96.01481605,93.9889089,90.69800543,93.33656297,90.69800543
4074,90.6289397,93.33669813,90.69812823,93.98904712,96.01496376,93.98904712,90.69812823,93.33669813,90.69812823
4075,90.62906213,93.33683323,90.69825098,93.98918527,96.01511139,93.98918527,90.69825098,93.33683323,90.69825098
4076,90.62918449,93.33696826,90.69837367,93.98932335,96.01525896,93.98932335,90.69837367,93.33696826,90.69837367
4077,90.62930679,93.33710323,90.69849629,93.98946137,96.01540645,93.98946137,90.69849629,93.33710323,90.69849629
4078,90.62942904,93.33723814,90.69861886,93.98959933,96.01555387,93.98959933,90.69861886,93.33723814,90.69861886
4079,90.62955123,93.33737297,90.69874137,93.98973721,96.01570123,93.98973721,90.69874137,93.33737297,90.69874137
4080,90.62967336,93.33750775,90.69886383,93.98987503,96.01584851,93.98987503,90.69886383,93.33750775,90.69886383
4081,90.62979543,93.33764246,90.69898622,93.99001279,96.01599572,93.99001279,90.69898622,93.33764246,90.69898622
4082,90.62991744,93.3377771,90.69910855,93.99015048,96.01614286,93.99015048,90.69910855,93.3377771,90.69910855
4083,90.63003939,93.33791168,90.69923083,93.9902881,96.01628993,93.9902881,90.69923083,93.33791168,90.69923083
4084,90.63016128,93.3380462,90.69935304,93.99042565,96.01643693,93.99042565,90.69935304,93.3380462,90.69935304
4085,90.63028312,93.33818065,90.6994752,93.99056314,96.01658385,93.99056314,90.6994752,93.33818065,90.6994752
4086,90.63040489,93.33831503,90.6995973,93.99070057,96.01673071,93.99070057,90.6995973,93.33831503,90.6995973
4087,90.63052661,93.33844935,90.69971934,93.99083792,96.0168775,93.99083792,90.69971934,93.33844935,90.69971934
4088,90.63064827,93.33858361,90.69984132,93.99097521,96.01702422,93.99097521,90.69984132,93.33858361,90.69984132
4089,90.63076987,93.3387178,90.69996324,93.99111244,96.01717086,93.99111244,90.69996324,93.3387178,90.69996324
4090,90.63089142,93.33885193,90.70008511,93.9912496,96.01731744,93.9912496,90.70008511,93.33885193,90.70008511
4091,90.6310129,93.33898599,90.70020691,93.99138669,96.01746394,93.99138669,90.70020691,93.33898599,90.70020691
4092,90.63113433,93.33911999,90.70032866,93.99152372,96.01761038,93.99152372,90.70032866,93.33911999,90.70032866
4093,90.6312557,93.33925393,90.70045035,93.99166069,96.01775674,93.99166069,90.70045035,93.33925393,90.70045035
4094,90.63137701,93.3393878,90.70057198,93.99179758,96.01790304,93.99179758,90.70057198,93.3393878,90.70057198
4095,90.63149826,93.33952161,90.70069356,93.99193441,96.01804926,93.99193441,90.70069356,93.33952161,90.70069356
4096,90.63161945,93.33965535,90.70081507,93.99207118,96.01819542,93.99207118,90.70081507,93.33965535,90.70081507
4097,90.63174059,93.33978903,90.70093653,93.99220788,96.0183415,93.99220788,90.70093653,93.33978903,90.70093653
4098,90.63186167,93.33992264,90.70105793,93.99234452,96.01848752,93.99234452,90.70105793,93.33992264,90.70105793
4099,90.63198269,93.34005619,90.70117927,93.99248108,96.01863346,93.99248108,90.70117927,93.34005619,90.70117927
4100,90.63210365,93.34018968,90.70130055,93.99261759,96.01877934,93.99261759,90.70130055,93.34018968,90.70130055
4101,90.63222455,93.3403231,90.70142177,93.99275403,96.01892514,93.99275403,90.70142177,93.3403231,90.70142177
4102,90.6323454,93.34045646,90.70154294,93.9928904,96.01907088,93.9928904,90.70154294,93.34045646,90.70154294
4103,90.63246619,93.34058976,90.70166405,93.99302671,96.01921654,93.99302671,90.70166405,93.34058976,90.70166405
4104,90.63258692,93.34072299,90.7017851,93.99316295,96.01936214,93.99316295,90.7017851,93.34072299,90.7017851
4105,90.63270759,93.34085616,90.70190609,93.99329913,96.01950767,93.99329913,90.70190609,93.34085616,90.70190609
4106,90.63282821,93.34098926,90.70202702,93.99343524,96.01965312,93.99343524,90.70202702,93.34098926,90.70202702
4107,90.63294876,93.3411223,90.7021479,93.99357129,96.01979851,93.99357129,90.7021479,93.3411223,90.7021479
4108,90.63306926,93.34125528,90.70226872,93.99370728,96.01994383,93.99370728,90.70226872,93.34125528,90.70226872
4109,90.63318971,93.34138819,90.70238948,93.99384319,96.02008908,93.99384319,90.70238948,93.34138819,90.70238948
4110,90.63331009,93.34152104,90.70251018,93.99397905,96.02023426,93.99397905,90.70251018,93.34152104,90.70251018
4111,90.63343042,93.34165383,90.70263083,93.99411483,96.02037937,93.99411483,90.70263083,93.34165383,90.70263083
4112,90.63355069,93.34178655,90.70275142,93.99425056,96.02052441,93.99425056,90.70275142,93.34178655,90.70275142
4113,90.6336709,93.34191921,90.70287195,93.99438622,96.02066938,93.99438622,90.70287195,93.34191921,90.70287195
4114,90.63379106,93.34205181,90.70299242,93.99452181,96.02081428,93.99452181,90.70299242,93.34205181,90.70299242
4115,90.63391116,93.34218434,90.70311284,93.99465734,96.02095912,93.99465734,90.70311284,93.34218434,90.70311284
4116,90.6340312,93.34231681,90.7032332,93.99479281,96.02110388,93.99479281,90.7032332,93.34231681,90.7032332
4117,90.63415118,93.34244922,90.7033535,93.99492821,96.02124857,93.99492821,90.7033535,93.34244922,90.7033535
4118,90.63427111,93.34258156,90.70347374,93.99506354,96.0213932,93.99506354,90.70347374,93.34258156,90.70347374
4119,90.63439098,93.34271385,90.70359393,93.99519881,96.02153776,93.99519881,90.70359393,93.34271385,90.70359393
4120,90.63451079,93.34284606,90.70371406,93.99533402,96.02168225,93.99533402,90.70371406,93.34284606,90.70371406
4121,90.63463055,93.34297822,90.70383413,93.99546916,96.02182667,93.99546916,90.70383413,93.34297822,90.70383413
4122,90.63475024,93.34311031,90.70395415,93.99560424,96.02197102,93.99560424,90.70395415,93.34311031,90.70395415
4123,90.63486989,93.34324234,90.7040741,93.99573925,96.0221153,93.99573925,90.7040741,93.34324234,90.7040741
4124,90.63498947,93.34337431,90.704194,93.9958742,96.02225951,93.9958742,90.704194,93.34337431,90.704194
4125,90.635109,93.34350621,90.70431385,93.99600909,96.02240366,93.99600909,90.70431385,93.34350621,90.70431385
4126,90.63522847,93.34363805,90.70443364,93.99614391,96.02254774,93.99614391,90.70443364,93.34363805,90.70443364
4127,90.63534788,93.34376983,90.70455337,93.99627867,96.02269174,93.99627867,90.70455337,93.34376983,90.70455337
4128,90.63546724,93.34390155,90.70467304,93.99641336,96.02283568,93.99641336,90.70467304,93.34390155,90.70467304
4129,90.63558654,93.3440332,90.70479265,93.99654799,96.02297956,93.99654799,90.70479265,93.3440332,90.70479265
4130,90.63570578,93.34416479,90.70491221,93.99668255,96.02312336,93.99668255,90.70491221,93.34416479,90.70491221
4131,90.63582497,93.34429632,90.70503172,93.99681706,96.02326709,93.99681706,90.70503172,93.34429632,90.70503172
4132,90.6359441,93.34442778,90.70515116,93.99695149,96.02341076,93.99695149,90.70515116,93.34442778,90.70515116
4133,90.63606318,93.34455919,90.70527055,93.99708587,96.02355436,93.99708587,90.70527055,93.34455919,90.70527055
4134,90.63618219,93.34469053,90.70538988,93.99722018,96.02369789,93.99722018,90.70538988,93.34469053,90.70538988
4135,90.63630115,93.34482181,90.70550916,93.99735442,96.02384135,93.99735442,90.70550916,93.34482181,90.70550916
4136,90.63642006,93.34495302,90.70562838,93.9974886,96.02398474,93.9974886,90.70562838,93.34495302,90.70562838
4137,90.63653891,93.34508418,90.70574754,93.99762272,96.02412807,93.99762272,90.70574754,93.34508418,90.70574754
4138,90.6366577,93.34521527,90.70586665,93.99775678,96.02427133,93.99775678,90.70586665,93.34521527,90.70586665
4139,90.63677643,93.3453463,90.7059857,93.99789077,96.02441452,93.99789077,90.7059857,93.3453463,90.7059857
4140,90.63689511,93.34547726,90.70610469,93.9980247,96.02455764,93.9980247,90.70610469,93.34547726,90.70610469
4141,90.63701374,93.34560817,90.70622363,93.99815856,96.02470069,93.99815856,90.70622363,93.34560817,90.70622363
4142,90.6371323,93.34573901,90.70634251,93.99829236,96.02484368,93.99829236,90.70634251,93.34573901,90.70634251
4143,90.63725081,93.34586979,90.70646133,93.9984261,96.0249866,93.9984261,90.70646133,93.34586979,90.70646133
4144,90.63736927,93.34600051,90.7065801,93.99855978,96.02512945,93.99855978,90.7065801,93.34600051,90.7065801
4145,90.63748767,93.34613117,90.70669881,93.99869339,96.02527223,93.99869339,90.70669881,93.34613117,90.70669881
4146,90.63760601,93.34626177,90.70681746,93.99882693,96.02541495,93.99882693,90.70681746,93.34626177,90.70681746
4147,90.63772429,93.3463923,90.70693606,93.99896042,96.02555759,93.99896042,90.70693606,93.3463923,90.70693606
4148,90.63784252,93.34652277,90.70705461,93.99909384,96.02570018,93.99909384,90.70705461,93.34652277,90.70705461
4149,90.6379607,93.34665318,90.70717309,93.9992272,96.02584269,93.9992272,90.70717309,93.34665318,90.70717309
4150,90.63807882,93.34678353,90.70729152,93.99936049,96.02598513,93.99936049,90.70729152,93.34678353,90.70729152
4151,90.63819688,93.34691382,90.7074099,93.99949373,96.02612751,93.99949373,90.7074099,93.34691382,90.7074099
4152,90.63831489,93.34704404,90.70752822,93.9996269,96.02626982,93.9996269,90.70752822,93.34704404,90.70752822
4153,90.63843284,93.34717421,90.70764648,93.99976,96.02641207,93.99976,90.70764648,93.34717421,90.70764648
4154,90.63855073,93.34730431,90.70776469,93.99989304,96.02655424,93.99989304,90.70776469,93.34730431,90.70776469
4155,90.63866857,93.34743435,90.70788284,94.00002603,96.02669635,94.00002603,90.70788284,93.34743435,90.70788284
4156,90.63878636,93.34756433,90.70800094,94.00015894,96.0268384,94.00015894,90.70800094,93.34756433,90.70800094
4157,90.63890408,93.34769425,90.70811898,94.0002918,96.02698037,94.0002918,90.70811898,93.34769425,90.70811898
4158,90.63902176,93.34782411,90.70823696,94.00042459,96.02712228,94.00042459,90.70823696,93.34782411,90.70823696
4159,90.63913937,93.3479539,90.70835489,94.00055732,96.02726412,94.00055732,90.70835489,93.3479539,90.70835489
4160,90.63925694,93.34808364,90.70847276,94.00068999,96.0274059,94.00068999,90.70847276,93.34808364,90.70847276
4161,90.63937444,93.34821331,90.70859058,94.00082259,96.0275476,94.00082259,90.70859058,93.34821331,90.70859058
4162,90.63949189,93.34834292,90.70870834,94.00095513,96.02768924,94.00095513,90.70870834,93.34834292,90.70870834
4163,90.63960929,93.34847247,90.70882605,94.00108761,96.02783082,94.00108761,90.70882605,93.34847247,90.70882605
4164,90.63972663,93.34860196,90.7089437,94.00122003,96.02797233,94.00122003,90.7089437,93.34860196,90.7089437
4165,90.63984391,93.34873139,90.70906129,94.00135239,96.02811377,94.00135239,90.70906129,93.34873139,90.70906129
4166,90.63996114,93.34886076,90.70917883,94.00148468,96.02825514,94.00148468,90.70917883,93.34886076,90.70917883
4167,90.64007832,93.34899007,90.70929632,94.00161691,96.02839645,94.00161691,90.70929632,93.34899007,90.70929632
4168,90.64019544,93.34911931,90.70941375,94.00174907,96.02853769,94.00174907,90.70941375,93.34911931,90.70941375
4169,90.6403125,93.3492485,90.70953112,94.00188118,96.02867886,94.00188118,90.70953112,93.3492485,90.70953112
4170,90.64042951,93.34937762,90.70964844,94.00201322,96.02881997,94.00201322,90.70964844,93.34937762,90.70964844
4171,90.64054647,93.34950669,90.7097657,94.0021452,96.02896101,94.0021452,90.7097657,93.34950669,90.7097657
4172,90.64066336,93.34963569,90.70988291,94.00227712,96.02910199,94.00227712,90.70988291,93.34963569,90.70988291
4173,90.64078021,93.34976463,90.71000006,94.00240898,96.0292429,94.00240898,90.71000006,93.34976463,90.71000006
4174,90.640897,93.34989351,90.71011716,94.00254078,96.02938374,94.00254078,90.71011716,93.34989351,90.71011716
4175,90.64101373,93.35002234,90.7102342,94.00267251,96.02952452,94.00267251,90.7102342,93.35002234,90.7102342
4176,90.64113041,93.3501511,90.71035119,94.00280418,96.02966523,94.00280418,90.71035119,93.3501511,90.71035119
4177,90.64124704,93.3502798,90.71046813,94.00293579,96.02980587,94.00293579,90.71046813,93.3502798,90.71046813
4178,90.6413636,93.35040844,90.710585,94.00306734,96.02994645,94.00306734,90.710585,93.35040844,90.710585
4179,90.64148012,93.35053701,90.71070183,94.00319882,96.03008696,94.00319882,90.71070183,93.35053701,90.71070183
4180,90.64159658,93.35066553,90.71081859,94.00333025,96.03022741,94.00333025,90.71081859,93.35066553,90.71081859
4181,90.64171299,93.35079399,90.71093531,94.00346161,96.03036779,94.00346161,90.71093531,93.35079399,90.71093531
4182,90.64182934,93.35092239,90.71105197,94.00359291,96.0305081,94.00359291,90.71105197,93.35092239,90.71105197
4183,90.64194563,93.35105073,90.71116857,94.00372415,96.03064835,94.00372415,90.71116857,93.35105073,90.71116857
4184,90.64206187,93.35117901,90.71128512,94.00385533,96.03078853,94.00385533,90.71128512,93.35117901,90.71128512
4185,90.64217806,93.35130722,90.71140162,94.00398644,96.03092865,94.00398644,90.71140162,93.35130722,90.71140162
4186,90.64229419,93.35143538,90.71151806,94.0041175,96.0310687,94.0041175,90.71151806,93.35143538,90.71151806
4187,90.64241027,93.35156348,90.71163444,94.00424849,96.03120868,94.00424849,90.71163444,93.35156348,90.71163444
4188,90.6425263,93.35169151,90.71175077,94.00437942,96.0313486,94.00437942,90.71175077,93.35169151,90.71175077
4189,90.64264227,93.35181949,90.71186705,94.00451029,96.03148846,94.00451029,90.71186705,93.35181949,90.71186705
4190,90.64275818,93.35194741,90.71198327,94.0046411,96.03162825,94.0046411,90.71198327,93.35194741,90.71198327
4191,90.64287404,93.35207527,90.71209944,94.00477185,96.03176797,94.00477185,90.71209944,93.35207527,90.71209944
4192,90.64298985,93.35220306,90.71221555,94.00490253,96.03190763,94.00490253,90.71221555,93.35220306,90.71221555
4193,90.6431056,93.3523308,90.71233161,94.00503316,96.03204722,94.00503316,90.71233161,93.3523308,90.71233161
4194,90.6432213,93.35245848,90.71244761,94.00516372,96.03218675,94.00516372,90.71244761,93.35245848,90.71244761
4195,90.64333694,93.3525861,90.71256356,94.00529423,96.03232621,94.00529423,90.71256356,93.3525861,90.71256356
4196,90.64345253,93.35271366,90.71267946,94.00542467,96.03246561,94.00542467,90.71267946,93.35271366,90.71267946
4197,90.64356807,93.35284116,90.7127953,94.00555505,96.03260494,94.00555505,90.7127953,93.35284116,90.7127953
4198,90.64368355,93.35296859,90.71291109,94.00568537,96.0327442,94.00568537,90.71291109,93.35296859,90.71291109
4199,90.64379898,93.35309597,90.71302682,94.00581563,96.03288341,94.00581563,90.71302682,93.35309597,90.71302682
4200,90.64391435,93.35322329,90.7131425,94.00594583,96.03302254,94.00594583,90.7131425,93.35322329,90.7131425
4201,90.64402967,93.35335056,90.71325813,94.00607596,96.03316161,94.00607596,90.71325813,93.35335056,90.71325813
4202,90.64414494,93.35347776,90.7133737,94.00620604,96.03330062,94.00620604,90.7133737,93.35347776,90.7133737
4203,90.64426015,93.3536049,90.71348921,94.00633606,96.03343956,94.00633606,90.71348921,93.3536049,90.71348921
4204,90.64437531,93.35373198,90.71360468,94.00646601,96.03357844,94.00646601,90.71360468,93.35373198,90.71360468
4205,90.64449042,93.353859,90.71372009,94.0065959,96.03371725,94.0065959,90.71372009,93.353859,90.71372009
4206,90.64460547,93.35398597,90.71383544,94.00672574,96.03385599,94.00672574,90.71383544,93.35398597,90.71383544
4207,90.64472046,93.35411287,90.71395074,94.00685551,96.03399468,94.00685551,90.71395074,93.35411287,90.71395074
4208,90.64483541,93.35423972,90.71406599,94.00698522,96.03413329,94.00698522,90.71406599,93.35423972,90.71406599
4209,90.6449503,93.3543665,90.71418119,94.00711488,96.03427185,94.00711488,90.71418119,93.3543665,90.71418119
4210,90.64506513,93.35449323,90.71429633,94.00724447,96.03441033,94.00724447,90.71429633,93.35449323,90.71429633
4211,90.64517992,93.3546199,90.71441141,94.007374,96.03454876,94.007374,90.71441141,93.3546199,90.71441141
4212,90.64529465,93.35474651,90.71452645,94.00750347,96.03468712,94.00750347,90.71452645,93.35474651,90.71452645
4213,90.64540932,93.35487306,90.71464143,94.00763288,96.03482541,94.00763288,90.71464143,93.35487306,90.71464143
4214,90.64552395,93.35499955,90.71475635,94.00776223,96.03496364,94.00776223,90.71475635,93.35499955,90.71475635
4215,90.64563852,93.35512598,90.71487122,94.00789152,96.03510181,94.00789152,90.71487122,93.35512598,90.71487122
4216,90.64575303,93.35525235,90.71498604,94.00802075,96.03523991,94.00802075,90.71498604,93.35525235,90.71498604
4217,90.64586749,93.35537867,90.71510081,94.00814992,96.03537795,94.00814992,90.71510081,93.35537867,90.71510081
4218,90.6459819,93.35550492,90.71521552,94.00827903,96.03551592,94.00827903,90.71521552,93.35550492,90.71521552
4219,90.64609626,93.35563112,90.71533018,94.00840808,96.03565383,94.00840808,90.71533018,93.35563112,90.71533018
4220,90.64621056,93.35575726,90.71544478,94.00853707,96.03579167,94.00853707,90.71544478,93.35575726,90.71544478
4221,90.64632481,93.35588334,90.71555934,94.008666,96.03592945,94.008666,90.71555934,93.35588334,90.71555934
4222,90.64643901,93.35600936,90.71567384,94.00879487,96.03606717,94.00879487,90.71567384,93.35600936,90.71567384
4223,90.64655315,93.35613532,90.71578828,94.00892368,96.03620482,94.00892368,90.71578828,93.35613532,90.71578828
4224,90.64666724,93.35626123,90.71590267,94.00905243,96.03634241,94.00905243,90.71590267,93.35626123,90.71590267
4225,90.64678128,93.35638707,90.71601701,94.00918112,96.03647993,94.00918112,90.71601701,93.35638707,90.71601701
4226,90.64689527,93.35651286,90.7161313,94.00930975,96.03661739,94.00930975,90.7161313,93.35651286,90.7161313
4227,90.6470092,93.35663859,90.71624553,94.00943832,96.03675479,94.00943832,90.71624553,93.35663859,90.71624553
4228,90.64712308,93.35676426,90.71635971,94.00956683,96.03689212,94.00956683,90.71635971,93.35676426,90.71635971
4229,90.6472369,93.35688987,90.71647384,94.00969528,96.03702939,94.00969528,90.71647384,93.35688987,90.71647384
4230,90.64735067,93.35701542,90.71658791,94.00982367,96.0371666,94.00982367,90.71658791,93.35701542,90.71658791
4231,90.64746439,93.35714092,90.71670193,94.009952,96.03730374,94.009952,90.71670193,93.35714092,90.71670193
4232,90.64757806,93.35726635,90.7168159,94.01008028,96.03744082,94.01008028,90.7168159,93.35726635,90.7168159
4233,90.64769168,93.35739173,90.71692982,94.01020849,96.03757783,94.01020849,90.71692982,93.35739173,90.71692982
4234,90.64780524,93.35751705,90.71704368,94.01033664,96.03771478,94.01033664,90.71704368,93.35751705,90.71704368
4235,90.64791875,93.35764231,90.71715749,94.01046474,96.03785167,94.01046474,90.71715749,93.35764231,90.71715749
4236,90.6480322,93.35776752,90.71727125,94.01059277,96.03798849,94.01059277,90.71727125,93.35776752,90.71727125
4237,90.64814561,93.35789267,90.71738495,94.01072075,96.03812525,94.01072075,90.71738495,93.35789267,90.71738495
4238,90.64825896,93.35801775,90.7174986,94.01084866,96.03826195,94.01084866,90.7174986,93.35801775,90.7174986
4239,90.64837226,93.35814278,90.7176122,94.01097652,96.03839859,94.01097652,90.7176122,93.35814278,90.7176122
4240,90.64848551,93.35826776,90.71772575,94.01110432,96.03853516,94.01110432,90.71772575,93.35826776,90.71772575
4241,90.6485987,93.35839267,90.71783924,94.01123205,96.03867166,94.01123205,90.71783924,93.35839267,90.71783924
4242,90.64871184,93.35851753,90.71795268,94.01135973,96.03880811,94.01135973,90.71795268,93.35851753,90.71795268
4243,90.64882493,93.35864233,90.71806607,94.01148735,96.03894449,94.01148735,90.71806607,93.35864233,90.71806607
4244,90.64893797,93.35876707,90.71817941,94.01161492,96.03908081,94.01161492,90.71817941,93.35876707,90.71817941
4245,90.64905095,93.35889175,90.71829269,94.01174242,96.03921706,94.01174242,90.71829269,93.35889175,90.71829269
4246,90.64916389,93.35901638,90.71840592,94.01186986,96.03935325,94.01186986,90.71840592,93.35901638,90.71840592
4247,90.64927677,93.35914095,90.7185191,94.01199724,96.03948938,94.01199724,90.7185191,93.35914095,90.7185191
4248,90.6493896,93.35926546,90.71863223,94.01212457,96.03962545,94.01212457,90.71863223,93.35926546,90.71863223
4249,90.64950237,93.35938991,90.7187453,94.01225184,96.03976145,94.01225184,90.7187453,93.35938991,90.7187453
4250,90.6496151,93.35951431,90.71885833,94.01237904,96.03989739,94.01237904,90.71885833,93.35951431,90.71885833
4251,90.64972777,93.35963865,90.7189713,94.01250619,96.04003327,94.01250619,90.7189713,93.35963865,90.7189713
4252,90.64984039,93.35976293,90.71908421,94.01263328,96.04016909,94.01263328,90.71908421,93.35976293,90.71908421
4253,90.64995296,93.35988715,90.71919708,94.01276032,96.04030484,94.01276032,90.71919708,93.35988715,90.71919708
4254,90.65006547,93.36001132,90.71930989,94.01288729,96.04044053,94.01288729,90.71930989,93.36001132,90.71930989
4255,90.65017794,93.36013542,90.71942266,94.0130142,96.04057616,94.0130142,90.71942266,93.36013542,90.71942266
4256,90.65029035,93.36025948,90.71953537,94.01314106,96.04071172,94.01314106,90.71953537,93.36025948,90.71953537
4257,90.65040271,93.36038347,90.71964802,94.01326786,96.04084722,94.01326786,90.71964802,93.36038347,90.71964802
4258,90.65051502,93.36050741,90.71976063,94.01339459,96.04098266,94.01339459,90.71976063,93.36050741,90.71976063
4259,90.65062727,93.36063129,90.71987318,94.01352128,96.04111804,94.01352128,90.71987318,93.36063129,90.71987318
4260,90.65073948,93.36075511,90.71998568,94.0136479,96.04125335,94.0136479,90.71998568,93.36075511,90.71998568
4261,90.65085163,93.36087888,90.72009813,94.01377446,96.0413886,94.01377446,90.72009813,93.36087888,90.72009813
4262,90.65096373,93.36100259,90.72021053,94.01390097,96.04152379,94.01390097,90.72021053,93.36100259,90.72021053
4263,90.65107578,93.36112624,90.72032288,94.01402741,96.04165892,94.01402741,90.72032288,93.36112624,90.72032288
4264,90.65118778,93.36124983,90.72043517,94.0141538,96.04179399,94.0141538,90.72043517,93.36124983,90.72043517
4265,90.65129973,93.36137337,90.72054742,94.01428013,96.04192899,94.01428013,90.72054742,93.36137337,90.72054742
4266,90.65141163,93.36149685,90.72065961,94.01440641,96.04206393,94.01440641,90.72065961,93.36149685,90.72065961
4267,90.65152347,93.36162028,90.72077175,94.01453262,96.04219881,94.01453262,90.72077175,93.36162028,90.72077175
4268,90.65163526,93.36174365,90.72088384,94.01465878,96.04233363,94.01465878,90.72088384,93.36174365,90.72088384
4269,90.651747,93.36186696,90.72099587,94.01478487,96.04246838,94.01478487,90.72099587,93.36186696,90.72099587
4270,90.65185869,93.36199021,90.72110786,94.01491092,96.04260307,94.01491092,90.72110786,93.36199021,90.72110786
4271,90.65197033,93.36211341,90.72121979,94.0150369,96.04273771,94.0150369,90.72121979,93.36211341,90.72121979
4272,90.65208192,93.36223655,90.72133167,94.01516282,96.04287227,94.01516282,90.72133167,93.36223655,90.72133167
4273,90.65219345,93.36235963,90.7214435,94.01528869,96.04300678,94.01528869,90.7214435,93.36235963,90.7214435
4274,90.65230494,93.36248266,90.72155528,94.0154145,96.04314123,94.0154145,90.72155528,93.36248266,90.72155528
4275,90.65241637,93.36260563,90.72166701,94.01554025,96.04327561,94.01554025,90.72166701,93.36260563,90.72166701
4276,90.65252775,93.36272855,90.72177869,94.01566594,96.04340993,94.01566594,90.72177869,93.36272855,90.72177869
4277,90.65263908,93.36285141,90.72189031,94.01579158,96.04354419,94.01579158,90.72189031,93.36285141,90.72189031
4278,90.65275036,93.36297421,90.72200189,94.01591716,96.04367839,94.01591716,90.72200189,93.36297421,90.72200189
4279,90.65286159,93.36309695,90.72211341,94.01604268,96.04381253,94.01604268,90.72211341,93.36309695,90.72211341
4280,90.65297277,93.36321964,90.72222488,94.01616814,96.04394661,94.01616814,90.72222488,93.36321964,90.72222488
4281,90.6530839,93.36334228,90.7223363,94.01629354,96.04408062,94.01629354,90.7223363,93.36334228,90.7223363
4282,90.65319497,93.36346485,90.72244767,94.01641889,96.04421457,94.01641889,90.72244767,93.36346485,90.72244767
4283,90.653306,93.36358737,90.72255899,94.01654418,96.04434846,94.01654418,90.72255899,93.36358737,90.72255899
4284,90.65341697,93.36370984,90.72267026,94.01666941,96.04448229,94.01666941,90.72267026,93.36370984,90.72267026
4285,90.65352789,93.36383225,90.72278148,94.01679459,96.04461606,94.01679459,90.72278148,93.36383225,90.72278148
4286,90.65363877,93.3639546,90.72289264,94.01691971,96.04474977,94.01691971,90.72289264,93.3639546,90.72289264
4287,90.65374959,93.36407689,90.72300376,94.01704477,96.04488341,94.01704477,90.72300376,93.36407689,90.72300376
4288,90.65386036,93.36419913,90.72311482,94.01716977,96.045017,94.01716977,90.72311482,93.36419913,90.72311482
4289,90.65397108,93.36432132,90.72322583,94.01729472,96.04515052,94.01729472,90.72322583,93.36432132,90.72322583
4290,90.65408175,93.36444345,90.7233368,94.01741961,96.04528399,94.01741961,90.7233368,93.36444345,90.7233368
4291,90.65419237,93.36456552,90.72344771,94.01754444,96.04541739,94.01754444,90.72344771,93.36456552,90.72344771
4292,90.65430294,93.36468754,90.72355857,94.01766921,96.04555073,94.01766921,90.72355857,93.36468754,90.72355857
4293,90.65441345,93.3648095,90.72366938,94.01779393,96.04568401,94.01779393,90.72366938,93.3648095,90.72366938
4294,90.65452392,93.3649314,90.72378014,94.01791859,96.04581723,94.01791859,90.72378014,93.3649314,90.72378014
4295,90.65463434,93.36505325,90.72389085,94.0180432,96.04595038,94.0180432,90.72389085,93.36505325,90.72389085
4296,90.6547447,93.36517505,90.7240015,94.01816774,96.04608348,94.01816774,90.7240015,93.36517505,90.7240015
4297,90.65485502,93.36529678,90.72411211,94.01829223,96.04621652,94.01829223,90.72411211,93.36529678,90.72411211
4298,90.65496528,93.36541847,90.72422267,94.01841666,96.04634949,94.01841666,90.72422267,93.36541847,90.72422267
4299,90.6550755,93.36554009,90.72433317,94.01854104,96.0464824,94.01854104,90.72433317,93.36554009,90.72433317
4300,90.65518566,93.36566166,90.72444363,94.01866536,96.04661526,94.01866536,90.72444363,93.36566166,90.72444363
4301,90.65529578,93.36578318,90.72455404,94.01878962,96.04674805,94.01878962,90.72455404,93.36578318,90.72455404
4302,90.65540584,93.36590464,90.72466439,94.01891383,96.04688078,94.01891383,90.72466439,93.36590464,90.72466439
4303,90.65551585,93.36602604,90.7247747,94.01903798,96.04701345,94.01903798,90.7247747,93.36602604,90.7247747
4304,90.65562582,93.36614739,90.72488495,94.01916207,96.04714607,94.01916207,90.72488495,93.36614739,90.72488495
4305,90.65573573,93.36626869,90.72499515,94.01928611,96.04727862,94.01928611,90.72499515,93.36626869,90.72499515
4306,90.65584559,93.36638993,90.72510531,94.01941008,96.04741111,94.01941008,90.72510531,93.36638993,90.72510531
4307,90.65595541,93.36651111,90.72521541,94.01953401,96.04754354,94.01953401,90.72521541,93.36651111,90.72521541
4308,90.65606517,93.36663224,90.72532546,94.01965787,96.04767591,94.01965787,90.72532546,93.36663224,90.72532546
4309,90.65617488,93.36675331,90.72543547,94.01978168,96.04780822,94.01978168,90.72543547,93.36675331,90.72543547
4310,90.65628455,93.36687433,90.72554542,94.01990544,96.04794046,94.01990544,90.72554542,93.36687433,90.72554542
4311,90.65639416,93.36699529,90.72565532,94.02002913,96.04807265,94.02002913,90.72565532,93.36699529,90.72565532
4312,90.65650372,93.3671162,90.72576518,94.02015277,96.04820478,94.02015277,90.72576518,93.3671162,90.72576518
4313,90.65661324,93.36723705,90.72587498,94.02027636,96.04833685,94.02027636,90.72587498,93.36723705,90.72587498
4314,90.6567227,93.36735785,90.72598473,94.02039989,96.04846886,94.02039989,90.72598473,93.36735785,90.72598473
4315,90.65683211,93.36747859,90.72609444,94.02052336,96.04860081,94.02052336,90.72609444,93.36747859,90.72609444
4316,90.65694148,93.36759928,90.72620409,94.02064677,96.04873269,94.02064677,90.72620409,93.36759928,90.72620409
4317,90.65705079,93.36771991,90.72631369,94.02077013,96.04886452,94.02077013,90.72631369,93.36771991,90.72631369
4318,90.65716005,93.36784049,90.72642325,94.02089344,96.04899629,94.02089344,90.72642325,93.36784049,90.72642325
4319,90.65726927,93.36796101,90.72653275,94.02101668,96.049128,94.02101668,90.72653275,93.36796101,90.72653275
4320,90.65737843,93.36808148,90.7266422,94.02113988,96.04925965,94.02113988,90.7266422,93.36808148,90.7266422
4321,90.65748755,93.36820189,90.72675161,94.02126301,96.04939123,94.02126301,90.72675161,93.36820189,90.72675161
4322,90.65759661,93.36832225,90.72686096,94.02138609,96.04952276,94.02138609,90.72686096,93.36832225,90.72686096
4323,90.65770563,93.36844256,90.72697027,94.02150911,96.04965423,94.02150911,90.72697027,93.36844256,90.72697027
4324,90.6578146,93.3685628,90.72707952,94.02163208,96.04978564,94.02163208,90.72707952,93.3685628,90.72707952
4325,90.65792351,93.368683,90.72718873,94.02175499,96.04991699,94.02175499,90.72718873,93.368683,90.72718873
4326,90.65803238,93.36880314,90.72729788,94.02187785,96.05004828,94.02187785,90.72729788,93.36880314,90.72729788
4327,90.6581412,93.36892322,90.72740699,94.02200065,96.05017951,94.02200065,90.72740699,93.36892322,90.72740699
4328,90.65824997,93.36904326,90.72751604,94.02212339,96.05031068,94.02212339,90.72751604,93.36904326,90.72751604
4329,90.65835869,93.36916323,90.72762505,94.02224608,96.05044179,94.02224608,90.72762505,93.36916323,90.72762505
4330,90.65846736,93.36928316,90.72773401,94.02236872,96.05057284,94.02236872,90.72773401,93.36928316,90.72773401
4331,90.65857598,93.36940302,90.72784292,94.02249129,96.05070384,94.02249129,90.72784292,93.36940302,90.72784292
4332,90.65868455,93.36952284,90.72795178,94.02261381,96.05083477,94.02261381,90.72795178,93.36952284,90.72795178
4333,90.65879307,93.3696426,90.72806059,94.02273628,96.05096564,94.02273628,90.72806059,93.3696426,90.72806059
4334,90.65890155,93.3697623,90.72816935,94.02285869,96.05109646,94.02285869,90.72816935,93.3697623,90.72816935
4335,90.65900997,93.36988195,90.72827806,94.02298105,96.05122721,94.02298105,90.72827806,93.36988195,90.72827806
4336,90.65911835,93.37000155,90.72838672,94.02310335,96.05135791,94.02310335,90.72838672,93.37000155,90.72838672
4337,90.65922667,93.37012109,90.72849533,94.02322559,96.05148854,94.02322559,90.72849533,93.37012109,90.72849533
4338,90.65933495,93.37024058,90.7286039,94.02334778,96.05161912,94.02334778,90.7286039,93.37024058,90.7286039
4339,90.65944318,93.37036001,90.72871241,94.02346991,96.05174964,94.02346991,90.72871241,93.37036001,90.72871241
4340,90.65955136,93.37047939,90.72882088,94.02359199,96.0518801,94.02359199,90.72882088,93.37047939,90.72882088
4341,90.65965949,93.37059872,90.72892929,94.02371402,96.0520105,94.02371402,90.72892929,93.37059872,90.72892929
4342,90.65976757,93.37071799,90.72903766,94.02383598,96.05214084,94.02383598,90.72903766,93.37071799,90.72903766
4343,90.6598756,93.37083721,90.72914598,94.0239579,96.05227112,94.0239579,90.72914598,93.37083721,90.72914598
4344,90.65998358,93.37095637,90.72925425,94.02407976,96.05240135,94.02407976,90.72925425,93.37095637,90.72925425
4345,90.66009152,93.37107548,90.72936247,94.02420156,96.05253151,94.02420156,90.72936247,93.37107548,90.72936247
4346,90.6601994,93.37119454,90.72947064,94.02432331,96.05266162,94.02432331,90.72947064,93.37119454,90.72947064
4347,90.66030724,93.37131354,90.72957876,94.024445,96.05279166,94.024445,90.72957876,93.37131354,90.72957876
4348,90.66041503,93.37143249,90.72968683,94.02456664,96.05292165,94.02456664,90.72968683,93.37143249,90.72968683
4349,90.66052277,93.37155139,90.72979486,94.02468822,96.05305158,94.02468822,90.72979486,93.37155139,90.72979486
4350,90.66063046,93.37167023,90.72990283,94.02480975,96.05318145,94.02480975,90.72990283,93.37167023,90.72990283
4351,90.6607381,93.37178902,90.73001076,94.02493122,96.05331126,94.02493122,90.73001076,93.37178902,90.73001076
4352,90.6608457,93.37190775,90.73011864,94.02505264,96.05344102,94.02505264,90.73011864,93.37190775,90.73011864
4353,90.66095324,93.37202643,90.73022647,94.025174,96.05357071,94.025174,90.73022647,93.37202643,90.73022647
4354,90.66106074,93.37214506,90.73033425,94.02529531,96.05370035,94.02529531,90.73033425,93.37214506,90.73033425
4355,90.66116819,93.37226363,90.73044198,94.02541657,96.05382993,94.02541657,90.73044198,93.37226363,90.73044198
4356,90.66127559,93.37238215,90.73054967,94.02553776,96.05395945,94.02553776,90.73054967,93.37238215,90.73054967
4357,90.66138294,93.37250062,90.7306573,94.02565891,96.05408891,94.02565891,90.7306573,93.37250062,90.7306573
4358,90.66149024,93.37261903,90.73076489,94.02578,96.05421831,94.02578,90.73076489,93.37261903,90.73076489
4359,90.6615975,93.37273739,90.73087243,94.02590103,96.05434765,94.02590103,90.73087243,93.37273739,90.73087243
4360,90.6617047,93.3728557,90.73097992,94.02602202,96.05447694,94.02602202,90.73097992,93.3728557,90.73097992
4361,90.66181186,93.37297395,90.73108736,94.02614294,96.05460617,94.02614294,90.73108736,93.37297395,90.73108736
4362,90.66191897,93.37309215,90.73119475,94.02626381,96.05473534,94.02626381,90.73119475,93.37309215,90.73119475
4363,90.66202603,93.3732103,90.7313021,94.02638463,96.05486445,94.02638463,90.7313021,93.3732103,90.7313021
4364,90.66213304,93.37332839,90.73140939,94.0265054,96.0549935,94.0265054,90.73140939,93.37332839,90.73140939
4365,90.66224001,93.37344643,90.73151664,94.0266261,96.0551225,94.0266261,90.73151664,93.37344643,90.73151664
4366,90.66234693,93.37356442,90.73162384,94.02674676,96.05525144,94.02674676,90.73162384,93.37356442,90.73162384
4367,90.6624538,93.37368236,90.73173099,94.02686736,96.05538031,94.02686736,90.73173099,93.37368236,90.73173099
4368,90.66256062,93.37380024,90.7318381,94.02698791,96.05550914,94.02698791,90.7318381,93.37380024,90.7318381
4369,90.66266739,93.37391807,90.73194515,94.0271084,96.0556379,94.0271084,90.73194515,93.37391807,90.73194515
4370,90.66277411,93.37403584,90.73205216,94.02722883,96.05576661,94.02722883,90.73205216,93.37403584,90.73205216
4371,90.66288079,93.37415356,90.73215912,94.02734922,96.05589525,94.02734922,90.73215912,93.37415356,90.73215912
4372,90.66298742,93.37427123,90.73226603,94.02746955,96.05602384,94.02746955,90.73226603,93.37427123,90.73226603
4373,90.663094,93.37438885,90.73237289,94.02758982,96.05615238,94.02758982,90.73237289,93.37438885,90.73237289
4374,90.66320053,93.37450641,90.73247971,94.02771004,96.05628085,94.02771004,90.73247971,93.37450641,90.73247971
4375,90.66330702,93.37462393,90.73258647,94.02783021,96.05640927,94.02783021,90.73258647,93.37462393,90.73258647
4376,90.66341346,93.37474138,90.73269319,94.02795033,96.05653763,94.02795033,90.73269319,93.37474138,90.73269319
4377,90.66351985,93.37485879,90.73279986,94.02807039,96.05666593,94.02807039,90.73279986,93.37485879,90.73279986
4378,90.66362619,93.37497614,90.73290649,94.02819039,96.05679417,94.02819039,90.73290649,93.37497614,90.73290649
4379,90.66373248,93.37509344,90.73301306,94.02831034,96.05692236,94.02831034,90.73301306,93.37509344,90.73301306
4380,90.66383873,93.37521069,90.73311959,94.02843024,96.05705049,94.02843024,90.73311959,93.37521069,90.73311959
4381,90.66394493,93.37532789,90.73322607,94.02855009,96.05717856,94.02855009,90.73322607,93.37532789,90.73322607
4382,90.66405108,93.37544503,90.7333325,94.02866988,96.05730657,94.02866988,90.7333325,93.37544503,90.7333325
4383,90.66415718,93.37556212,90.73343889,94.02878961,96.05743453,94.02878961,90.73343889,93.37556212,90.73343889
4384,90.66426324,93.37567916,90.73354523,94.0289093,96.05756243,94.0289093,90.73354523,93.37567916,90.73354523
4385,90.66436925,93.37579614,90.73365151,94.02902893,96.05769027,94.02902893,90.73365151,93.37579614,90.73365151
4386,90.66447521,93.37591307,90.73375776,94.0291485,96.05781806,94.0291485,90.73375776,93.37591307,90.73375776
4387,90.66458112,93.37602995,90.73386395,94.02926802,96.05794578,94.02926802,90.73386395,93.37602995,90.73386395
4388,90.66468699,93.37614678,90.7339701,94.02938749,96.05807345,94.02938749,90.7339701,93.37614678,90.7339701
4389,90.66479281,93.37626356,90.7340762,94.02950691,96.05820107,94.02950691,90.7340762,93.37626356,90.7340762
4390,90.66489858,93.37638028,90.73418225,94.02962627,96.05832862,94.02962627,90.73418225,93.37638028,90.73418225
4391,90.66500431,93.37649695,90.73428825,94.02974558,96.05845612,94.02974558,90.73428825,93.37649695,90.73428825
4392,90.66510998,93.37661357,90.73439421,94.02986483,96.05858356,94.02986483,90.73439421,93.37661357,90.73439421
4393,90.66521561,93.37673014,90.73450012,94.02998404,96.05871095,94.02998404,90.73450012,93.37673014,90.73450012
4394,90.6653212,93.37684665,90.73460598,94.03010319,96.05883828,94.03010319,90.73460598,93.37684665,90.73460598
4395,90.66542673,93.37696312,90.73471179,94.03022228,96.05896555,94.03022228,90.73471179,93.37696312,90.73471179
4396,90.66553222,93.37707953,90.73481756,94.03034132,96.05909276,94.03034132,90.73481756,93.37707953,90.73481756
4397,90.66563766,93.37719589,90.73492328,94.03046031,96.05921992,94.03046031,90.73492328,93.37719589,90.73492328
4398,90.66574305,93.37731219,90.73502895,94.03057925,96.05934702,94.03057925,90.73502895,93.37731219,90.73502895
4399,90.6658484,93.37742845,90.73513458,94.03069813,96.05947406,94.03069813,90.73513458,93.37742845,90.73513458
4400,90.6659537,93.37754465,90.73524016,94.03081696,96.05960105,94.03081696,90.73524016,93.37754465,90.73524016
4401,90.66605895,93.3776608,90.73534569,94.03093574,96.05972798,94.03093574,90.73534569,93.3776608,90.73534569
4402,90.66616416,93.3777769,90.73545117,94.03105446,96.05985486,94.03105446,90.73545117,93.3777769,90.73545117
4403,90.66626932,93.37789295,90.73555661,94.03117313,96.05998167,94.03117313,90.73555661,93.37789295,90.73555661
4404,90.66637443,93.37800894,90.735662,94.03129175,96.06010843,94.03129175,90.735662,93.37800894,90.735662
4405,90.6664795,93.37812489,90.73576734,94.03141031,96.06023514,94.03141031,90.73576734,93.37812489,90.73576734
4406,90.66658451,93.37824078,90.73587264,94.03152883,96.06036179,94.03152883,90.73587264,93.37824078,90.73587264
4407,90.66668949,93.37835662,90.73597789,94.03164728,96.06048838,94.03164728,90.73597789,93.37835662,90.73597789
4408,90.66679441,93.37847241,90.73608309,94.03176569,96.06061491,94.03176569,90.73608309,93.37847241,90.73608309
4409,90.66689929,93.37858815,90.73618825,94.03188404,96.06074139,94.03188404,90.73618825,93.37858815,90.73618825
4410,90.66700412,93.37870383,90.73629336,94.03200235,96.06086781,94.03200235,90.73629336,93.37870383,90.73629336
4411,90.6671089,93.37881947,90.73639842,94.03212059,96.06099418,94.03212059,90.73639842,93.37881947,90.73639842
4412,90.66721364,93.37893505,90.73650343,94.03223879,96.06112049,94.03223879,90.73650343,93.37893505,90.73650343
4413,90.66731833,93.37905058,90.7366084,94.03235693,96.06124674,94.03235693,90.7366084,93.37905058,90.7366084
4414,90.66742298,93.37916606,90.73671332,94.03247502,96.06137294,94.03247502,90.73671332,93.37916606,90.73671332
4415,90.66752758,93.37928149,90.7368182,94.03259306,96.06149908,94.03259306,90.7368182,93.37928149,90.7368182
4416,90.66763213,93.37939687,90.73692303,94.03271104,96.06162516,94.03271104,90.73692303,93.37939687,90.73692303
4417,90.66773663,93.37951219,90.73702781,94.03282898,96.06175119,94.03282898,90.73702781,93.37951219,90.73702781
4418,90.66784109,93.37962747,90.73713254,94.03294686,96.06187716,94.03294686,90.73713254,93.37962747,90.73713254
4419,90.6679455,93.37974269,90.73723723,94.03306469,96.06200308,94.03306469,90.73723723,93.37974269,90.73723723
4420,90.66804987,93.37985786,90.73734187,94.03318246,96.06212894,94.03318246,90.73734187,93.37985786,90.73734187
4421,90.66815419,93.37997298,90.73744647,94.03330018,96.06225475,94.03330018,90.73744647,93.37997298,90.73744647
4422,90.66825846,93.38008805,90.73755102,94.03341785,96.06238049,94.03341785,90.73755102,93.38008805,90.73755102
4423,90.66836269,93.38020307,90.73765552,94.03353547,96.06250619,94.03353547,90.73765552,93.38020307,90.73765552
4424,90.66846687,93.38031804,90.73775998,94.03365304,96.06263182,94.03365304,90.73775998,93.38031804,90.73775998
4425,90.668571,93.38043296,90.73786438,94.03377055,96.06275741,94.03377055,90.73786438,93.38043296,90.73786438
4426,90.66867509,93.38054782,90.73796875,94.03388802,96.06288293,94.03388802,90.73796875,93.38054782,90.73796875
4427,90.66877913,93.38066263,90.73807306,94.03400543,96.0630084,94.03400543,90.73807306,93.38066263,90.73807306
4428,90.66888313,93.3807774,90.73817734,94.03412278,96.06313382,94.03412278,90.73817734,93.3807774,90.73817734
4429,90.66898708,93.38089211,90.73828156,94.03424009,96.06325917,94.03424009,90.73828156,93.38089211,90.73828156
4430,90.66909098,93.38100677,90.73838574,94.03435734,96.06338448,94.03435734,90.73838574,93.38100677,90.73838574
4431,90.66919484,93.38112138,90.73848987,94.03447454,96.06350972,94.03447454,90.73848987,93.38112138,90.73848987
4432,90.66929865,93.38123594,90.73859396,94.03459169,96.06363492,94.03459169,90.73859396,93.38123594,90.73859396
4433,90.66940241,93.38135045,90.738698,94.03470879,96.06376005,94.03470879,90.738698,93.38135045,90.738698
4434,90.66950613,93.38146491,90.73880199,94.03482584,96.06388513,94.03482584,90.73880199,93.38146491,90.73880199
4435,90.66960981,93.38157932,90.73890594,94.03494283,96.06401016,94.03494283,90.73890594,93.38157932,90.73890594
4436,90.66971343,93.38169368,90.73900984,94.03505977,96.06413513,94.03505977,90.73900984,93.38169368,90.73900984
4437,90.66981702,93.38180798,90.73911369,94.03517666,96.06426004,94.03517666,90.73911369,93.38180798,90.73911369
4438,90.66992055,93.38192224,90.7392175,94.0352935,96.0643849,94.0352935,90.7392175,93.38192224,90.7392175
4439,90.67002404,93.38203644,90.73932127,94.03541029,96.06450971,94.03541029,90.73932127,93.38203644,90.73932127
4440,90.67012748,93.3821506,90.73942498,94.03552702,96.06463446,94.03552702,90.73942498,93.3821506,90.73942498
4441,90.67023088,93.3822647,90.73952866,94.03564371,96.06475915,94.03564371,90.73952866,93.3822647,90.73952866
4442,90.67033424,93.38237876,90.73963228,94.03576034,96.06488379,94.03576034,90.73963228,93.38237876,90.73963228
4443,90.67043754,93.38249276,90.73973586,94.03587692,96.06500837,94.03587692,90.73973586,93.38249276,90.73973586
4444,90.6705408,93.38260671,90.7398394,94.03599345,96.0651329,94.03599345,90.7398394,93.38260671,90.7398394
4445,90.67064402,93.38272062,90.73994288,94.03610993,96.06525737,94.03610993,90.73994288,93.38272062,90.73994288
4446,90.67074719,93.38283447,90.74004633,94.03622635,96.06538179,94.03622635,90.74004633,93.38283447,90.74004633
4447,90.67085031,93.38294827,90.74014972,94.03634273,96.06550615,94.03634273,90.74014972,93.38294827,90.74014972
4448,90.67095339,93.38306202,90.74025308,94.03645905,96.06563046,94.03645905,90.74025308,93.38306202,90.74025308
4449,90.67105642,93.38317572,90.74035638,94.03657532,96.06575472,94.03657532,90.74035638,93.38317572,90.74035638
4450,90.67115941,93.38328937,90.74045964,94.03669154,96.06587892,94.03669154,90.74045964,93.38328937,90.74045964
4451,90.67126235,93.38340297,90.74056286,94.03680771,96.06600306,94.03680771,90.74056286,93.38340297,90.74056286
4452,90.67136525,93.38351653,90.74066602,94.03692383,96.06612715,94.03692383,90.74066602,93.38351653,90.74066602
4453,90.6714681,93.38363003,90.74076915,94.03703989,96.06625118,94.03703989,90.74076915,93.38363003,90.74076915
4454,90.67157091,93.38374348,90.74087223,94.03715591,96.06637516,94.03715591,90.74087223,93.38374348,90.74087223
4455,90.67167367,93.38385688,90.74097526,94.03727187,96.06649909,94.03727187,90.74097526,93.38385688,90.74097526
4456,90.67177638,93.38397023,90.74107825,94.03738779,96.06662296,94.03738779,90.74107825,93.38397023,90.74107825
4457,90.67187905,93.38408353,90.74118119,94.03750365,96.06674677,94.03750365,90.74118119,93.38408353,90.74118119
4458,90.67198168,93.38419678,90.74128408,94.03761946,96.06687053,94.03761946,90.74128408,93.38419678,90.74128408
4459,90.67208426,93.38430998,90.74138693,94.03773522,96.06699424,94.03773522,90.74138693,93.38430998,90.74138693
4460,90.67218679,93.38442313,90.74148974,94.03785093,96.06711789,94.03785093,90.74148974,93.38442313,90.74148974
4461,90.67228928,93.38453623,90.7415925,94.03796658,96.06724149,94.03796658,90.7415925,93.38453623,90.7415925
4462,90.67239172,93.38464928,90.74169521,94.03808219,96.06736503,94.03808219,90.74169521,93.38464928,90.74169521
4463,90.67249412,93.38476229,90.74179788,94.03819775,96.06748852,94.03819775,90.74179788,93.38476229,90.74179788
4464,90.67259648,93.38487524,90.74190051,94.03831325,96.06761196,94.03831325,90.74190051,93.38487524,90.74190051
4465,90.67269879,93.38498814,90.74200309,94.03842871,96.06773534,94.03842871,90.74200309,93.38498814,90.74200309
4466,90.67280105,93.38510099,90.74210562,94.03854411,96.06785866,94.03854411,90.74210562,93.38510099,90.74210562
4467,90.67290327,93.38521379,90.74220811,94.03865946,96.06798193,94.03865946,90.74220811,93.38521379,90.74220811
4468,90.67300544,93.38532655,90.74231056,94.03877476,96.06810515,94.03877476,90.74231056,93.38532655,90.74231056
4469,90.67310757,93.38543925,90.74241296,94.03889001,96.06822831,94.03889001,90.74241296,93.38543925,90.74241296
4470,90.67320965,93.3855519,90.74251531,94.03900522,96.06835142,94.03900522,90.74251531,93.3855519,90.74251531
4471,90.67331169,93.38566451,90.74261762,94.03912037,96.06847448,94.03912037,90.74261762,93.38566451,90.74261762
4472,90.67341369,93.38577706,90.74271988,94.03923546,96.06859748,94.03923546,90.74271988,93.38577706,90.74271988
4473,90.67351564,93.38588957,90.7428221,94.03935051,96.06872042,94.03935051,90.7428221,93.38588957,90.7428221
4474,90.67361754,93.38600203,90.74292428,94.03946551,96.06884332,94.03946551,90.74292428,93.38600203,90.74292428
4475,90.6737194,93.38611443,90.7430264,94.03958046,96.06896615,94.03958046,90.7430264,93.38611443,90.7430264
4476,90.67382122,93.38622679,90.74312849,94.03969536,96.06908894,94.03969536,90.74312849,93.38622679,90.74312849
4477,90.67392299,93.3863391,90.74323053,94.0398102,96.06921167,94.0398102,90.74323053,93.3863391,90.74323053
4478,90.67402471,93.38645136,90.74333252,94.039925,96.06933435,94.039925,90.74333252,93.38645136,90.74333252
4479,90.67412639,93.38656357,90.74343447,94.04003975,96.06945697,94.04003975,90.74343447,93.38656357,90.74343447
4480,90.67422803,93.38667573,90.74353638,94.04015444,96.06957954,94.04015444,90.74353638,93.38667573,90.74353638
4481,90.67432962,93.38678784,90.74363824,94.04026909,96.06970206,94.04026909,90.74363824,93.38678784,90.74363824
4482,90.67443117,93.3868999,90.74374006,94.04038368,96.06982452,94.04038368,90.74374006,93.3868999,90.74374006
4483,90.67453267,93.38701191,90.74384183,94.04049823,96.06994693,94.04049823,90.74384183,93.38701191,90.74384183
4484,90.67463413,93.38712388,90.74394356,94.04061272,96.07006928,94.04061272,90.74394356,93.38712388,90.74394356
4485,90.67473555,93.38723579,90.74404524,94.04072717,96.07019158,94.04072717,90.74404524,93.38723579,90.74404524
4486,90.67483692,93.38734766,90.74414688,94.04084156,96.07031383,94.04084156,90.74414688,93.38734766,90.74414688
4487,90.67493824,93.38745947,90.74424847,94.0409559,96.07043602,94.0409559,90.74424847,93.38745947,90.74424847
4488,90.67503952,93.38757124,90.74435002,94.0410702,96.07055816,94.0410702,90.74435002,93.38757124,90.74435002
4489,90.67514076,93.38768296,90.74445152,94.04118444,96.07068025,94.04118444,90.74445152,93.38768296,90.74445152
4490,90.67524195,93.38779463,90.74455298,94.04129864,96.07080228,94.04129864,90.74455298,93.38779463,90.74455298
4491,90.6753431,93.38790625,90.7446544,94.04141278,96.07092426,94.04141278,90.7446544,93.38790625,90.7446544
4492,90.6754442,93.38801782,90.74475577,94.04152687,96.07104619,94.04152687,90.74475577,93.38801782,90.74475577
4493,90.67554526,93.38812935,90.74485709,94.04164092,96.07116806,94.04164092,90.74485709,93.38812935,90.74485709
4494,90.67564628,93.38824082,90.74495838,94.04175491,96.07128988,94.04175491,90.74495838,93.38824082,90.74495838
4495,90.67574725,93.38835225,90.74505962,94.04186886,96.07141165,94.04186886,90.74505962,93.38835225,90.74505962
4496,90.67584817,93.38846362,90.74516081,94.04198275,96.07153336,94.04198275,90.74516081,93.38846362,90.74516081
4497,90.67594906,93.38857495,90.74526196,94.0420966,96.07165502,94.0420966,90.74526196,93.38857495,90.74526196
4498,90.6760499,93.38868623,90.74536306,94.04221039,96.07177663,94.04221039,90.74536306,93.38868623,90.74536306
4499,90.67615069,93.38879746,90.74546413,94.04232414,96.07189818,94.04232414,90.74546413,93.38879746,90.74546413
4500,90.67625144,93.38890864,90.74556514,94.04243783,96.07201968,94.04243783,90.74556514,93.38890864,90.74556514
4501,90.67635215,93.38901978,90.74566612,94.04255148,96.07214113,94.04255148,90.74566612,93.38901978,90.74566612
4502,90.67645281,93.38913086,90.74576704,94.04266508,96.07226253,94.04266508,90.74576704,93.38913086,90.74576704
4503,90.67655343,93.3892419,90.74586793,94.04277862,96.07238387,94.04277862,90.74586793,93.3892419,90.74586793
4504,90.676654,93.38935289,90.74596877,94.04289212,96.07250516,94.04289212,90.74596877,93.38935289,90.74596877
4505,90.67675453,93.38946383,90.74606957,94.04300557,96.07262639,94.04300557,90.74606957,93.38946383,90.74606957
4506,90.67685502,93.38957472,90.74617032,94.04311897,96.07274758,94.04311897,90.74617032,93.38957472,90.74617032
4507,90.67695546,93.38968556,90.74627103,94.04323232,96.07286871,94.04323232,90.74627103,93.38968556,90.74627103
4508,90.67705586,93.38979636,90.74637169,94.04334562,96.07298979,94.04334562,90.74637169,93.38979636,90.74637169
4509,90.67715622,93.38990711,90.74647232,94.04345887,96.07311081,94.04345887,90.74647232,93.38990711,90.74647232
4510,90.67725653,93.39001781,90.74657289,94.04357207,96.07323178,94.04357207,90.74657289,93.39001781,90.74657289
4511,90.6773568,93.39012846,90.74667343,94.04368522,96.0733527,94.04368522,90.74667343,93.39012846,90.74667343
4512,90.67745702,93.39023906,90.74677392,94.04379832,96.07347357,94.04379832,90.74677392,93.39023906,90.74677392
4513,90.67755721,93.39034961,90.74687436,94.04391137,96.07359438,94.04391137,90.74687436,93.39034961,90.74687436
4514,90.67765734,93.39046012,90.74697476,94.04402438,96.07371514,94.04402438,90.74697476,93.39046012,90.74697476
4515,90.67775744,93.39057057,90.74707512,94.04413733,96.07383585,94.04413733,90.74707512,93.39057057,90.74707512
4516,90.67785749,93.39068098,90.74717544,94.04425024,96.07395651,94.04425024,90.74717544,93.39068098,90.74717544
4517,90.67795749,93.39079135,90.74727571,94.04436309,96.07407711,94.04436309,90.74727571,93.39079135,90.74727571
4518,90.67805746,93.39090166,90.74737594,94.0444759,96.07419766,94.0444759,90.74737594,93.39090166,90.74737594
4519,90.67815738,93.39101193,90.74747612,94.04458866,96.07431816,94.04458866,90.74747612,93.39101193,90.74747612
4520,90.67825725,93.39112214,90.74757626,94.04470137,96.07443861,94.04470137,90.74757626,93.39112214,90.74757626
4521,90.67835709,93.39123231,90.74767636,94.04481403,96.074559,94.04481403,90.74767636,93.39123231,90.74767636
4522,90.67845687,93.39134243,90.74777641,94.04492664,96.07467934,94.04492664,90.74777641,93.39134243,90.74777641
4523,90.67855662,93.39145251,90.74787642,94.0450392,96.07479963,94.0450392,90.74787642,93.39145251,90.74787642
4524,90.67865632,93.39156253,90.74797639,94.04515171,96.07491987,94.04515171,90.74797639,93.39156253,90.74797639
4525,90.67875598,93.39167251,90.74807631,94.04526418,96.07504005,94.04526418,90.74807631,93.39167251,90.74807631
4526,90.6788556,93.39178244,90.74817619,94.04537659,96.07516019,94.04537659,90.74817619,93.39178244,90.74817619
4527,90.67895517,93.39189233,90.74827603,94.04548896,96.07528027,94.04548896,90.74827603,93.39189233,90.74827603
4528,90.6790547,93.39200216,90.74837582,94.04560128,96.0754003,94.04560128,90.74837582,93.39200216,90.74837582
4529,90.67915419,93.39211195,90.74847557,94.04571355,96.07552027,94.04571355,90.74847557,93.39211195,90.74847557
4530,90.67925363,93.39222169,90.74857528,94.04582577,96.0756402,94.04582577,90.74857528,93.39222169,90.74857528
4531,90.67935303,93.39233138,90.74867494,94.04593794,96.07576007,94.04593794,90.74867494,93.39233138,90.74867494
4532,90.67945239,93.39244103,90.74877456,94.04605006,96.07587989,94.04605006,90.74877456,93.39244103,90.74877456
4533,90.6795517,93.39255062,90.74887413,94.04616214,96.07599966,94.04616214,90.74887413,93.39255062,90.74887413
4534,90.67965097,93.39266017,90.74897367,94.04627416,96.07611937,94.04627416,90.74897367,93.39266017,90.74897367
4535,90.6797502,93.39276967,90.74907316,94.04638614,96.07623904,94.04638614,90.74907316,93.39276967,90.74907316
4536,90.67984938,93.39287913,90.74917261,94.04649807,96.07635865,94.04649807,90.74917261,93.39287913,90.74917261
4537,90.67994853,93.39298854,90.74927201,94.04660995,96.07647821,94.04660995,90.74927201,93.39298854,90.74927201
4538,90.68004763,93.3930979,90.74937137,94.04672178,96.07659772,94.04672178,90.74937137,93.3930979,90.74937137
4539,90.68014668,93.39320721,90.74947069,94.04683357,96.07671718,94.04683357,90.74947069,93.39320721,90.74947069
4540,90.68024569,93.39331647,90.74956996,94.0469453,96.07683658,94.0469453,90.74956996,93.39331647,90.74956996
4541,90.68034466,93.39342569,90.7496692,94.04705699,96.07695594,94.04705699,90.7496692,93.39342569,90.7496692
4542,90.68044359,93.39353486,90.74976839,94.04716863,96.07707524,94.04716863,90.74976839,93.39353486,90.74976839
4543,90.68054248,93.39364398,90.74986753,94.04728022,96.07719449,94.04728022,90.74986753,93.39364398,90.74986753
4544,90.68064132,93.39375306,90.74996663,94.04739176,96.07731369,94.04739176,90.74996663,93.39375306,90.74996663
4545,90.68074012,93.39386209,90.7500657,94.04750325,96.07743284,94.04750325,90.7500657,93.39386209,90.7500657
4546,90.68083887,93.39397107,90.75016471,94.0476147,96.07755193,94.0476147,90.75016471,93.39397107,90.75016471
4547,90.68093759,93.39408001,90.75026369,94.04772609,96.07767098,94.04772609,90.75026369,93.39408001,90.75026369
4548,90.68103626,93.39418889,90.75036262,94.04783744,96.07778997,94.04783744,90.75036262,93.39418889,90.75036262
4549,90.68113489,93.39429773,90.75046151,94.04794874,96.07790891,94.04794874,90.75046151,93.39429773,90.75046151
4550,90.68123347,93.39440653,90.75056036,94.04806,96.0780278,94.04806,90.75056036,93.39440653,90.75056036
4551,90.68133202,93.39451527,90.75065916,94.0481712,96.07814664,94.0481712,90.75065916,93.39451527,90.75065916
4552,90.68143052,93.39462397,90.75075792,94.04828236,96.07826543,94.04828236,90.75075792,93.39462397,90.75075792
4553,90.68152897,93.39473263,90.75085664,94.04839347,96.07838416,94.04839347,90.75085664,93.39473263,90.75085664
4554,90.68162739,93.39484123,90.75095532,94.04850453,96.07850285,94.04850453,90.75095532,93.39484123,90.75095532
4555,90.68172576,93.39494979,90.75105395,94.04861554,96.07862148,94.04861554,90.75105395,93.39494979,90.75105395
4556,90.68182409,93.3950583,90.75115254,94.0487265,96.07874007,94.0487265,90.75115254,93.3950583,90.75115254
4557,90.68192238,93.39516677,90.75125109,94.04883742,96.0788586,94.04883742,90.75125109,93.39516677,90.75125109
4558,90.68202063,93.39527519,90.75134959,94.04894829,96.07897708,94.04894829,90.75134959,93.39527519,90.75134959
4559,90.68211883,93.39538356,90.75144806,94.04905911,96.07909551,94.04905911,90.75144806,93.39538356,90.75144806
4560,90.68221699,93.39549188,90.75154648,94.04916989,96.07921388,94.04916989,90.75154648,93.39549188,90.75154648
4561,90.68231511,93.39560016,90.75164486,94.04928061,96.07933221,94.04928061,90.75164486,93.39560016,90.75164486
4562,90.68241319,93.39570839,90.75174319,94.04939129,96.07945049,94.04939129,90.75174319,93.39570839,90.75174319
4563,90.68251122,93.39581658,90.75184149,94.04950192,96.07956871,94.04950192,90.75184149,93.39581658,90.75184149
4564,90.68260921,93.39592472,90.75193974,94.0496125,96.07968689,94.0496125,90.75193974,93.39592472,90.75193974
4565,90.68270716,93.39603281,90.75203795,94.04972304,96.07980501,94.04972304,90.75203795,93.39603281,90.75203795
4566,90.68280507,93.39614085,90.75213611,94.04983353,96.07992308,94.04983353,90.75213611,93.39614085,90.75213611
4567,90.68290294,93.39624885,90.75223424,94.04994397,96.0800411,94.04994397,90.75223424,93.39624885,90.75223424
4568,90.68300076,93.39635681,90.75233232,94.05005436,96.08015908,94.05005436,90.75233232,93.39635681,90.75233232
4569,90.68309854,93.39646471,90.75243036,94.0501647,96.080277,94.0501647,90.75243036,93.39646471,90.75243036
4570,90.68319628,93.39657257,90.75252836,94.050275,96.08039487,94.050275,90.75252836,93.39657257,90.75252836
4571,90.68329398,93.39668038,90.75262631,94.05038525,96.08051268,94.05038525,90.75262631,93.39668038,90.75262631
4572,90.68339163,93.39678815,90.75272423,94.05049545,96.08063045,94.05049545,90.75272423,93.39678815,90.75272423
4573,90.68348925,93.39689587,90.7528221,94.05060561,96.08074817,94.05060561,90.7528221,93.39689587,90.7528221
4574,90.68358682,93.39700354,90.75291993,94.05071572,96.08086584,94.05071572,90.75291993,93.39700354,90.75291993
4575,90.68368435,93.39711117,90.75301771,94.05082578,96.08098345,94.05082578,90.75301771,93.39711117,90.75301771
4576,90.68378183,93.39721875,90.75311546,94.05093579,96.08110102,94.05093579,90.75311546,93.39721875,90.75311546
4577,90.68387928,93.39732629,90.75321316,94.05104576,96.08121853,94.05104576,90.75321316,93.39732629,90.75321316
4578,90.68397668,93.39743378,90.75331082,94.05115568,96.081336,94.05115568,90.75331082,93.39743378,90.75331082
4579,90.68407405,93.39754122,90.75340844,94.05126555,96.08145341,94.05126555,90.75340844,93.39754122,90.75340844
4580,90.68417137,93.39764862,90.75350602,94.05137537,96.08157078,94.05137537,90.75350602,93.39764862,90.75350602
4581,90.68426864,93.39775597,90.75360356,94.05148515,96.08168809,94.05148515,90.75360356,93.39775597,90.75360356
4582,90.68436588,93.39786327,90.75370105,94.05159488,96.08180535,94.05159488,90.75370105,93.39786327,90.75370105
4583,90.68446308,93.39797053,90.7537985,94.05170456,96.08192257,94.05170456,90.7537985,93.39797053,90.7537985
4584,90.68456023,93.39807775,90.75389591,94.0518142,96.08203973,94.0518142,90.75389591,93.39807775,90.75389591
4585,90.68465734,93.39818491,90.75399328,94.05192379,96.08215684,94.05192379,90.75399328,93.39818491,90.75399328
4586,90.68475441,93.39829203,90.75409061,94.05203333,96.0822739,94.05203333,90.75409061,93.39829203,90.75409061
4587,90.68485144,93.39839911,90.75418789,94.05214283,96.08239091,94.05214283,90.75418789,93.39839911,90.75418789
4588,90.68494843,93.39850614,90.75428514,94.05225228,96.08250788,94.05225228,90.75428514,93.39850614,90.75428514
4589,90.68504537,93.39861312,90.75438234,94.05236168,96.08262479,94.05236168,90.75438234,93.39861312,90.75438234
4590,90.68514227,93.39872006,90.7544795,94.05247103,96.08274165,94.05247103,90.7544795,93.39872006,90.7544795
4591,90.68523914,93.39882695,90.75457662,94.05258034,96.08285846,94.05258034,90.75457662,93.39882695,90.75457662
4592,90.68533596,93.39893379,90.75467369,94.0526896,96.08297522,94.0526896,90.75467369,93.39893379,90.75467369
4593,90.68543274,93.39904059,90.75477073,94.05279881,96.08309193,94.05279881,90.75477073,93.39904059,90.75477073
4594,90.68552947,93.39914735,90.75486772,94.05290798,96.0832086,94.05290798,90.75486772,93.39914735,90.75486772
4595,90.68562617,93.39925406,90.75496468,94.0530171,96.08332521,94.0530171,90.75496468,93.39925406,90.75496468
4596,90.68572283,93.39936072,90.75506159,94.05312618,96.08344177,94.05312618,90.75506159,93.39936072,90.75506159
4597,90.68581944,93.39946734,90.75515846,94.0532352,96.08355828,94.0532352,90.75515846,93.39946734,90.75515846
4598,90.68591601,93.39957391,90.75525528,94.05334418,96.08367474,94.05334418,90.75525528,93.39957391,90.75525528
4599,90.68601254,93.39968044,90.75535207,94.05345312,96.08379116,94.05345312,90.75535207,93.39968044,90.75535207
4600,90.68610903,93.39978692,90.75544882,94.05356201,96.08390752,94.05356201,90.75544882,93.39978692,90.75544882
4601,90.68620548,93.39989335,90.75554552,94.05367085,96.08402383,94.05367085,90.75554552,93.39989335,90.75554552
4602,90.68630189,93.39999974,90.75564218,94.05377964,96.0841401,94.05377964,90.75564218,93.39999974,90.75564218
4603,90.68639826,93.40010609,90.7557388,94.05388839,96.08425631,94.05388839,90.7557388,93.40010609,90.7557388
4604,90.68649458,93.40021238,90.75583538,94.05399709,96.08437247,94.05399709,90.75583538,93.40021238,90.75583538
4605,90.68659086,93.40031864,90.75593192,94.05410575,96.08448859,94.05410575,90.75593192,93.40031864,90.75593192
4606,90.68668711,93.40042485,90.75602842,94.05421436,96.08460465,94.05421436,90.75602842,93.40042485,90.75602842
4607,90.68678331,93.40053101,90.75612488,94.05432292,96.08472067,94.05432292,90.75612488,93.40053101,90.75612488
4608,90.68687947,93.40063713,90.75622129,94.05443143,96.08483663,94.05443143,90.75622129,93.40063713,90.75622129
4609,90.68697559,93.4007432,90.75631766,94.0545399,96.08495255,94.0545399,90.75631766,93.4007432,90.75631766
4610,90.68707167,93.40084923,90.756414,94.05464833,96.08506842,94.05464833,90.756414,93.40084923,90.756414
4611,90.68716771,93.40095521,90.75651029,94.05475671,96.08518423,94.05475671,90.75651029,93.40095521,90.75651029
4612,90.6872637,93.40106114,90.75660654,94.05486504,96.0853,94.05486504,90.75660654,93.40106114,90.75660654
4613,90.68735966,93.40116704,90.75670275,94.05497332,96.08541572,94.05497332,90.75670275,93.40116704,90.75670275
4614,90.68745557,93.40127288,90.75679892,94.05508156,96.08553139,94.05508156,90.75679892,93.40127288,90.75679892
4615,90.68755145,93.40137868,90.75689505,94.05518975,96.08564701,94.05518975,90.75689505,93.40137868,90.75689505
4616,90.68764728,93.40148444,90.75699113,94.0552979,96.08576258,94.0552979,90.75699113,93.40148444,90.75699113
4617,90.68774307,93.40159015,90.75708718,94.055406,96.0858781,94.055406,90.75708718,93.40159015,90.75708718
4618,90.68783883,93.40169582,90.75718318,94.05551406,96.08599358,94.05551406,90.75718318,93.40169582,90.75718318
4619,90.68793454,93.40180144,90.75727915,94.05562206,96.086109,94.05562206,90.75727915,93.40180144,90.75727915
4620,90.68803021,93.40190701,90.75737507,94.05573003,96.08622437,94.05573003,90.75737507,93.40190701,90.75737507
4621,90.68812584,93.40201254,90.75747095,94.05583794,96.0863397,94.05583794,90.75747095,93.40201254,90.75747095
4622,90.68822143,93.40211803,90.7575668,94.05594581,96.08645497,94.05594581,90.7575668,93.40211803,90.7575668
4623,90.68831697,93.40222347,90.7576626,94.05605364,96.0865702,94.05605364,90.7576626,93.40222347,90.7576626
4624,90.68841248,93.40232887,90.75775836,94.05616142,96.08668538,94.05616142,90.75775836,93.40232887,90.75775836
4625,90.68850795,93.40243422,90.75785408,94.05626915,96.08680051,94.05626915,90.75785408,93.40243422,90.75785408
4626,90.68860337,93.40253953,90.75794976,94.05637684,96.08691559,94.05637684,90.75794976,93.40253953,90.75794976
4627,90.68869876,93.40264479,90.75804539,94.05648448,96.08703062,94.05648448,90.75804539,93.40264479,90.75804539
4628,90.68879411,93.40275001,90.75814099,94.05659208,96.0871456,94.05659208,90.75814099,93.40275001,90.75814099
4629,90.68888941,93.40285518,90.75823655,94.05669963,96.08726053,94.05669963,90.75823655,93.40285518,90.75823655
4630,90.68898467,93.40296031,90.75833206,94.05680713,96.08737542,94.05680713,90.75833206,93.40296031,90.75833206
4631,90.6890799,93.40306539,90.75842754,94.05691459,96.08749026,94.05691459,90.75842754,93.40306539,90.75842754
4632,90.68917508,93.40317043,90.75852298,94.057022,96.08760504,94.057022,90.75852298,93.40317043,90.75852298
4633,90.68927022,93.40327543,90.75861837,94.05712937,96.08771978,94.05712937,90.75861837,93.40327543,90.75861837
4634,90.68936533,93.40338038,90.75871372,94.05723669,96.08783447,94.05723669,90.75871372,93.40338038,90.75871372
4635,90.68946039,93.40348528,90.75880904,94.05734397,96.08794911,94.05734397,90.75880904,93.40348528,90.75880904
4636,90.68955541,93.40359014,90.75890431,94.0574512,96.0880637,94.0574512,90.75890431,93.40359014,90.75890431
4637,90.68965039,93.40369496,90.75899954,94.05755839,96.08817825,94.05755839,90.75899954,93.40369496,90.75899954
4638,90.68974533,93.40379973,90.75909474,94.05766553,96.08829274,94.05766553,90.75909474,93.40379973,90.75909474
4639,90.68984024,93.40390446,90.75918989,94.05777262,96.08840719,94.05777262,90.75918989,93.40390446,90.75918989
4640,90.6899351,93.40400914,90.759285,94.05787967,96.08852159,94.05787967,90.759285,93.40400914,90.759285
4641,90.69002992,93.40411378,90.75938007,94.05798668,96.08863594,94.05798668,90.75938007,93.40411378,90.75938007
4642,90.6901247,93.40421837,90.7594751,94.05809364,96.08875024,94.05809364,90.7594751,93.40421837,90.7594751
4643,90.69021944,93.40432292,90.7595701,94.05820055,96.08886449,94.05820055,90.7595701,93.40432292,90.7595701
4644,90.69031414,93.40442743,90.75966505,94.05830742,96.0889787,94.05830742,90.75966505,93.40442743,90.75966505
4645,90.6904088,93.40453189,90.75975996,94.05841424,96.08909285,94.05841424,90.75975996,93.40453189,90.75975996
4646,90.69050342,93.40463631,90.75985483,94.05852102,96.08920696,94.05852102,90.75985483,93.40463631,90.75985483
4647,90.690598,93.40474068,90.75994966,94.05862775,96.08932102,94.05862775,90.75994966,93.40474068,90.75994966
4648,90.69069254,93.40484501,90.76004445,94.05873444,96.08943503,94.05873444,90.76004445,93.40484501,90.76004445
4649,90.69078704,93.4049493,90.7601392,94.05884108,96.08954899,94.05884108,90.7601392,93.4049493,90.7601392
4650,90.6908815,93.40505354,90.76023391,94.05894768,96.08966291,94.05894768,90.76023391,93.40505354,90.76023391
4651,90.69097592,93.40515773,90.76032858,94.05905423,96.08977678,94.05905423,90.76032858,93.40515773,90.76032858
4652,90.6910703,93.40526189,90.76042321,94.05916074,96.0898906,94.05916074,90.76042321,93.40526189,90.76042321
4653,90.69116464,93.40536599,90.7605178,94.0592672,96.09000437,94.0592672,90.7605178,93.40536599,90.7605178
4654,90.69125894,93.40547006,90.76061235,94.05937361,96.09011809,94.05937361,90.76061235,93.40547006,90.76061235
4655,90.6913532,93.40557408,90.76070686,94.05947999,96.09023176,94.05947999,90.76070686,93.40557408,90.76070686
4656,90.69144742,93.40567806,90.76080133,94.05958631,96.09034539,94.05958631,90.76080133,93.40567806,90.76080133
4657,90.6915416,93.40578199,90.76089576,94.0596926,96.09045897,94.0596926,90.76089576,93.40578199,90.76089576
4658,90.69163575,93.40588588,90.76099015,94.05979883,96.0905725,94.05979883,90.76099015,93.40588588,90.76099015
4659,90.69172985,93.40598972,90.7610845,94.05990503,96.09068598,94.05990503,90.7610845,93.40598972,90.7610845
4660,90.69182391,93.40609352,90.76117881,94.06001117,96.09079941,94.06001117,90.76117881,93.40609352,90.76117881
4661,90.69191793,93.40619728,90.76127308,94.06011728,96.0909128,94.06011728,90.76127308,93.40619728,90.76127308
4662,90.69201191,93.406301,90.76136731,94.06022333,96.09102614,94.06022333,90.76136731,93.406301,90.76136731
4663,90.69210586,93.40640467,90.7614615,94.06032935,96.09113943,94.06032935,90.7614615,93.40640467,90.7614615
4664,90.69219976,93.40650829,90.76155566,94.06043532,96.09125268,94.06043532,90.76155566,93.40650829,90.76155566
4665,90.69229362,93.40661187,90.76164977,94.06054124,96.09136587,94.06054124,90.76164977,93.40661187,90.76164977
4666,90.69238745,93.40671541,90.76174384,94.06064712,96.09147902,94.06064712,90.76174384,93.40671541,90.76174384
4667,90.69248123,93.40681891,90.76183787,94.06075296,96.09159212,94.06075296,90.76183787,93.40681891,90.76183787
4668,90.69257498,93.40692236,90.76193187,94.06085875,96.09170517,94.06085875,90.76193187,93.40692236,90.76193187
4669,90.69266868,93.40702577,90.76202582,94.06096449,96.09181818,94.06096449,90.76202582,93.40702577,90.76202582
4670,90.69276235,93.40712913,90.76211973,94.06107019,96.09193113,94.06107019,90.76211973,93.40712913,90.76211973
4671,90.69285598,93.40723245,90.76221361,94.06117585,96.09204404,94.06117585,90.76221361,93.40723245,90.76221361
4672,90.69294956,93.40733573,90.76230744,94.06128146,96.09215691,94.06128146,90.76230744,93.40733573,90.76230744
4673,90.69304311,93.40743897,90.76240124,94.06138703,96.09226972,94.06138703,90.76240124,93.40743897,90.76240124
4674,90.69313662,93.40754216,90.762495,94.06149255,96.09238249,94.06149255,90.762495,93.40754216,90.762495
4675,90.69323009,93.4076453,90.76258871,94.06159803,96.09249521,94.06159803,90.76258871,93.4076453,90.76258871
4676,90.69332352,93.40774841,90.76268239,94.06170347,96.09260788,94.06170347,90.76268239,93.40774841,90.76268239
4677,90.69341691,93.40785147,90.76277603,94.06180886,96.09272051,94.06180886,90.76277603,93.40785147,90.76277603
4678,90.69351026,93.40795449,90.76286962,94.0619142,96.09283308,94.0619142,90.76286962,93.40795449,90.76286962
4679,90.69360357,93.40805746,90.76296318,94.0620195,96.09294561,94.0620195,90.76296318,93.40805746,90.76296318
4680,90.69369685,93.40816039,90.7630567,94.06212476,96.0930581,94.06212476,90.7630567,93.40816039,90.7630567
4681,90.69379008,93.40826328,90.76315018,94.06222997,96.09317053,94.06222997,90.76315018,93.40826328,90.76315018
4682,90.69388327,93.40836612,90.76324363,94.06233514,96.09328292,94.06233514,90.76324363,93.40836612,90.76324363
4683,90.69397643,93.40846892,90.76333703,94.06244027,96.09339526,94.06244027,90.76333703,93.40846892,90.76333703
4684,90.69406955,93.40857168,90.76343039,94.06254535,96.09350756,94.06254535,90.76343039,93.40857168,90.76343039
4685,90.69416262,93.4086744,90.76352371,94.06265038,96.0936198,94.06265038,90.76352371,93.4086744,90.76352371
4686,90.69425566,93.40877707,90.763617,94.06275538,96.093732,94.06275538,90.763617,93.40877707,90.763617
4687,90.69434866,93.4088797,90.76371024,94.06286033,96.09384416,94.06286033,90.76371024,93.4088797,90.76371024
4688,90.69444162,93.40898228,90.76380345,94.06296523,96.09395626,94.06296523,90.76380345,93.40898228,90.76380345
4689,90.69453454,93.40908482,90.76389662,94.06307009,96.09406832,94.06307009,90.76389662,93.40908482,90.76389662
4690,90.69462742,93.40918732,90.76398974,94.06317491,96.09418033,94.06317491,90.76398974,93.40918732,90.76398974
4691,90.69472027,93.40928978,90.76408283,94.06327968,96.0942923,94.06327968,90.76408283,93.40928978,90.76408283
4692,90.69481307,93.40939219,90.76417588,94.06338441,96.09440422,94.06338441,90.76417588,93.40939219,90.76417588
4693,90.69490584,93.40949456,90.76426889,94.06348909,96.09451609,94.06348909,90.76426889,93.40949456,90.76426889
4694,90.69499856,93.40959689,90.76436186,94.06359373,96.09462791,94.06359373,90.76436186,93.40959689,90.76436186
4695,90.69509125,93.40969918,90.7644548,94.06369833,96.09473969,94.06369833,90.7644548,93.40969918,90.7644548
4696,90.6951839,93.40980142,90.76454769,94.06380288,96.09485142,94.06380288,90.76454769,93.40980142,90.76454769
4697,90.69527651,93.40990362,90.76464055,94.06390739,96.0949631,94.06390739,90.76464055,93.40990362,90.76464055
4698,90.69536908,93.41000577,90.76473336,94.06401186,96.09507474,94.06401186,90.76473336,93.41000577,90.76473336
4699,90.69546161,93.41010789,90.76482614,94.06411628,96.09518633,94.06411628,90.76482614,93.41010789,90.76482614
4700,90.69555411,93.41020996,90.76491888,94.06422066,96.09529788,94.06422066,90.76491888,93.41020996,90.76491888
4701,90.69564656,93.41031199,90.76501158,94.06432499,96.09540937,94.06432499,90.76501158,93.41031199,90.76501158
4702,90.69573898,93.41041397,90.76510424,94.06442928,96.09552082,94.06442928,90.76510424,93.41041397,90.76510424
4703,90.69583136,93.41051591,90.76519686,94.06453353,96.09563223,94.06453353,90.76519686,93.41051591,90.76519686
4704,90.6959237,93.41061781,90.76528945,94.06463773,96.09574358,94.06463773,90.76528945,93.41061781,90.76528945
4705,90.696016,93.41071967,90.76538199,94.06474189,96.09585489,94.06474189,90.76538199,93.41071967,90.76538199
4706,90.69610826,93.41082149,90.7654745,94.06484601,96.09596616,94.06484601,90.7654745,93.41082149,90.7654745
4707,90.69620048,93.41092326,90.76556696,94.06495008,96.09607738,94.06495008,90.76556696,93.41092326,90.76556696
4708,90.69629267,93.41102499,90.76565939,94.06505411,96.09618855,94.06505411,90.76565939,93.41102499,90.76565939
4709,90.69638481,93.41112668,90.76575178,94.0651581,96.09629967,94.0651581,90.76575178,93.41112668,90.76575178
4710,90.69647692,93.41122832,90.76584413,94.06526204,96.09641075,94.06526204,90.76584413,93.41122832,90.76584413
4711,90.69656899,93.41132992,90.76593645,94.06536594,96.09652178,94.06536594,90.76593645,93.41132992,90.76593645
4712,90.69666102,93.41143148,90.76602872,94.0654698,96.09663277,94.0654698,90.76602872,93.41143148,90.76602872
4713,90.69675301,93.411533,90.76612096,94.06557361,96.09674371,94.06557361,90.76612096,93.411533,90.76612096
4714,90.69684497,93.41163448,90.76621316,94.06567738,96.0968546,94.06567738,90.76621316,93.41163448,90.76621316
4715,90.69693688,93.41173591,90.76630531,94.0657811,96.09696545,94.0657811,90.76630531,93.41173591,90.76630531
4716,90.69702876,93.4118373,90.76639744,94.06588479,96.09707625,94.06588479,90.76639744,93.4118373,90.76639744
4717,90.6971206,93.41193865,90.76648952,94.06598843,96.097187,94.06598843,90.76648952,93.41193865,90.76648952
4718,90.6972124,93.41203996,90.76658156,94.06609202,96.09729771,94.06609202,90.76658156,93.41203996,90.76658156
4719,90.69730417,93.41214122,90.76667357,94.06619558,96.09740837,94.06619558,90.76667357,93.41214122,90.76667357
4720,90.69739589,93.41224244,90.76676553,94.06629909,96.09751899,94.06629909,90.76676553,93.41224244,90.76676553
4721,90.69748758,93.41234362,90.76685746,94.06640255,96.09762955,94.06640255,90.76685746,93.41234362,90.76685746
4722,90.69757922,93.41244476,90.76694935,94.06650598,96.09774008,94.06650598,90.76694935,93.41244476,90.76694935
4723,90.69767083,93.41254585,90.76704121,94.06660936,96.09785056,94.06660936,90.76704121,93.41254585,90.76704121
4724,90.69776241,93.41264691,90.76713302,94.06671269,96.09796099,94.06671269,90.76713302,93.41264691,90.76713302
4725,90.69785394,93.41274792,90.7672248,94.06681599,96.09807137,94.06681599,90.7672248,93.41274792,90.7672248
4726,90.69794543,93.41284889,90.76731653,94.06691924,96.09818171,94.06691924,90.76731653,93.41284889,90.76731653
4727,90.69803689,93.41294982,90.76740823,94.06702245,96.09829201,94.06702245,90.76740823,93.41294982,90.76740823
4728,90.69812831,93.4130507,90.76749989,94.06712561,96.09840225,94.06712561,90.76749989,93.4130507,90.76749989
4729,90.69821969,93.41315154,90.76759152,94.06722874,96.09851246,94.06722874,90.76759152,93.41315154,90.76759152
4730,90.69831104,93.41325235,90.7676831,94.06733182,96.09862261,94.06733182,90.7676831,93.41325235,90.7676831
4731,90.69840234,93.4133531,90.76777465,94.06743485,96.09873272,94.06743485,90.76777465,93.4133531,90.76777465
4732,90.69849361,93.41345382,90.76786616,94.06753785,96.09884279,94.06753785,90.76786616,93.41345382,90.76786616
4733,90.69858484,93.4135545,90.76795763,94.0676408,96.09895281,94.0676408,90.76795763,93.4135545,90.76795763
4734,90.69867603,93.41365513,90.76804906,94.06774371,96.09906278,94.06774371,90.76804906,93.41365513,90.76804906
4735,90.69876718,93.41375572,90.76814046,94.06784657,96.09917271,94.06784657,90.76814046,93.41375572,90.76814046
4736,90.6988583,93.41385627,90.76823181,94.0679494,96.09928259,94.0679494,90.76823181,93.41385627,90.76823181
4737,90.69894938,93.41395678,90.76832313,94.06805218,96.09939242,94.06805218,90.76832313,93.41395678,90.76832313
4738,90.69904042,93.41405725,90.76841441,94.06815492,96.09950222,94.06815492,90.76841441,93.41405725,90.76841441
4739,90.69913142,93.41415767,90.76850566,94.06825761,96.09961196,94.06825761,90.76850566,93.41415767,90.76850566
4740,90.69922238,93.41425806,90.76859686,94.06836026,96.09972166,94.06836026,90.76859686,93.41425806,90.76859686
4741,90.69931331,93.4143584,90.76868803,94.06846287,96.09983131,94.06846287,90.76868803,93.4143584,90.76868803
4742,90.6994042,93.4144587,90.76877916,94.06856544,96.09994092,94.06856544,90.76877916,93.4144587,90.76877916
4743,90.69949505,93.41455896,90.76887025,94.06866797,96.10005049,94.06866797,90.76887025,93.41455896,90.76887025
4744,90.69958587,93.41465917,90.7689613,94.06877045,96.10016,94.06877045,90.7689613,93.41465917,90.7689613
4745,90.69967664,93.41475935,90.76905232,94.06887289,96.10026948,94.06887289,90.76905232,93.41475935,90.76905232
4746,90.69976738,93.41485948,90.7691433,94.06897528,96.1003789,94.06897528,90.7691433,93.41485948,90.7691433
4747,90.69985808,93.41495958,90.76923424,94.06907764,96.10048828,94.06907764,90.76923424,93.41495958,90.76923424
4748,90.69994874,93.41505963,90.76932514,94.06917995,96.10059762,94.06917995,90.76932514,93.41505963,90.76932514
4749,90.70003937,93.41515964,90.76941601,94.06928222,96.10070691,94.06928222,90.76941601,93.41515964,90.76941601
4750,90.70012996,93.4152596,90.76950684,94.06938445,96.10081616,94.06938445,90.76950684,93.4152596,90.76950684
4751,90.70022051,93.41535953,90.76959763,94.06948664,96.10092536,94.06948664,90.76959763,93.41535953,90.76959763
4752,90.70031102,93.41545942,90.76968838,94.06958878,96.10103451,94.06958878,90.76968838,93.41545942,90.76968838
4753,90.7004015,93.41555926,90.76977909,94.06969088,96.10114362,94.06969088,90.76977909,93.41555926,90.76977909
4754,90.70049194,93.41565906,90.76986977,94.06979294,96.10125269,94.06979294,90.76986977,93.41565906,90.76986977
4755,90.70058234,93.41575882,90.76996041,94.06989495,96.10136171,94.06989495,90.76996041,93.41575882,90.76996041
4756,90.7006727,93.41585854,90.77005102,94.06999693,96.10147068,94.06999693,90.77005102,93.41585854,90.77005102
4757,90.70076303,93.41595822,90.77014158,94.07009886,96.10157961,94.07009886,90.77014158,93.41595822,90.77014158
4758,90.70085332,93.41605786,90.77023211,94.07020075,96.10168849,94.07020075,90.77023211,93.41605786,90.77023211
4759,90.70094357,93.41615746,90.7703226,94.0703026,96.10179733,94.0703026,90.7703226,93.41615746,90.7703226
4760,90.70103378,93.41625701,90.77041305,94.0704044,96.10190613,94.0704044,90.77041305,93.41625701,90.77041305
4761,90.70112396,93.41635653,90.77050347,94.07050617,96.10201488,94.07050617,90.77050347,93.41635653,90.77050347
4762,90.7012141,93.416456,90.77059384,94.07060789,96.10212358,94.07060789,90.77059384,93.416456,90.77059384
4763,90.7013042,93.41655543,90.77068419,94.07070957,96.10223224,94.07070957,90.77068419,93.41655543,90.77068419
4764,90.70139427,93.41665482,90.77077449,94.07081121,96.10234086,94.07081121,90.77077449,93.41665482,90.77077449
4765,90.70148429,93.41675417,90.77086476,94.0709128,96.10244943,94.0709128,90.77086476,93.41675417,90.77086476
4766,90.70157429,93.41685348,90.77095498,94.07101435,96.10255795,94.07101435,90.77095498,93.41685348,90.77095498
4767,90.70166424,93.41695275,90.77104518,94.07111587,96.10266643,94.07111587,90.77104518,93.41695275,90.77104518
4768,90.70175416,93.41705197,90.77113533,94.07121734,96.10277487,94.07121734,90.77113533,93.41705197,90.77113533
4769,90.70184404,93.41715116,90.77122545,94.07131876,96.10288326,94.07131876,90.77122545,93.41715116,90.77122545
4770,90.70193388,93.41725031,90.77131553,94.07142015,96.1029916,94.07142015,90.77131553,93.41725031,90.77131553
4771,90.70202368,93.41734941,90.77140557,94.07152149,96.10309991,94.07152149,90.77140557,93.41734941,90.77140557
4772,90.70211345,93.41744847,90.77149558,94.0716228,96.10320816,94.0716228,90.77149558,93.41744847,90.77149558
4773,90.70220318,93.41754749,90.77158555,94.07172406,96.10331638,94.07172406,90.77158555,93.41754749,90.77158555
4774,90.70229288,93.41764648,90.77167548,94.07182528,96.10342454,94.07182528,90.77167548,93.41764648,90.77167548
4775,90.70238254,93.41774542,90.77176537,94.07192645,96.10353267,94.07192645,90.77176537,93.41774542,90.77176537
4776,90.70247216,93.41784432,90.77185523,94.07202759,96.10364074,94.07202759,90.77185523,93.41784432,90.77185523
4777,90.70256174,93.41794318,90.77194505,94.07212868,96.10374878,94.07212868,90.77194505,93.41794318,90.77194505
4778,90.70265129,93.418042,90.77203483,94.07222974,96.10385677,94.07222974,90.77203483,93.418042,90.77203483
4779,90.7027408,93.41814077,90.77212458,94.07233075,96.10396471,94.07233075,90.77212458,93.41814077,90.77212458
4780,90.70283027,93.41823951,90.77221429,94.07243172,96.10407261,94.07243172,90.77221429,93.41823951,90.77221429
4781,90.70291971,93.41833821,90.77230396,94.07253264,96.10418047,94.07253264,90.77230396,93.41833821,90.77230396
4782,90.7030091,93.41843686,90.7723936,94.07263353,96.10428828,94.07263353,90.7723936,93.41843686,90.7723936
4783,90.70309847,93.41853548,90.7724832,94.07273437,96.10439605,94.07273437,90.7724832,93.41853548,90.7724832
4784,90.70318779,93.41863405,90.77257276,94.07283518,96.10450377,94.07283518,90.77257276,93.41863405,90.77257276
4785,90.70327708,93.41873259,90.77266229,94.07293594,96.10461145,94.07293594,90.77266229,93.41873259,90.77266229
4786,90.70336633,93.41883108,90.77275177,94.07303666,96.10471909,94.07303666,90.77275177,93.41883108,90.77275177
4787,90.70345555,93.41892954,90.77284123,94.07313734,96.10482668,94.07313734,90.77284123,93.41892954,90.77284123
4788,90.70354473,93.41902795,90.77293064,94.07323798,96.10493422,94.07323798,90.77293064,93.41902795,90.77293064
4789,90.70363387,93.41912632,90.77302002,94.07333857,96.10504172,94.07333857,90.77302002,93.41912632,90.77302002
4790,90.70372298,93.41922465,90.77310936,94.07343913,96.10514918,94.07343913,90.77310936,93.41922465,90.77310936
4791,90.70381205,93.41932294,90.77319867,94.07353964,96.1052566,94.07353964,90.77319867,93.41932294,90.77319867
4792,90.70390108,93.4194212,90.77328793,94.07364011,96.10536397,94.07364011,90.77328793,93.4194212,90.77328793
4793,90.70399008,93.41951941,90.77337717,94.07374054,96.10547129,94.07374054,90.77337717,93.41951941,90.77337717
4794,90.70407904,93.41961758,90.77346636,94.07384093,96.10557857,94.07384093,90.77346636,93.41961758,90.77346636
4795,90.70416796,93.41971571,90.77355552,94.07394128,96.10568581,94.07394128,90.77355552,93.41971571,90.77355552
4796,90.70425685,93.4198138,90.77364464,94.07404159,96.105793,94.07404159,90.77364464,93.4198138,90.77364464
4797,90.7043457,93.41991185,90.77373373,94.07414186,96.10590015,94.07414186,90.77373373,93.41991185,90.77373373
4798,90.70443451,93.42000986,90.77382278,94.07424208,96.10600726,94.07424208,90.77382278,93.42000986,90.77382278
4799,90.70452329,93.42010783,90.77391179,94.07434227,96.10611432,94.07434227,90.77391179,93.42010783,90.77391179
4800,90.70461203,93.42020576,90.77400076,94.07444241,96.10622134,94.07444241,90.77400076,93.42020576,90.77400076
4801,90.70470073,93.42030365,90.7740897,94.07454251,96.10632831,94.07454251,90.7740897,93.42030365,90.7740897
4802,90.7047894,93.4204015,90.77417861,94.07464257,96.10643524,94.07464257,90.77417861,93.4204015,90.77417861
4803,90.70487803,93.4204993,90.77426747,94.07474259,96.10654213,94.07474259,90.77426747,93.4204993,90.77426747
4804,90.70496663,93.42059707,90.7743563,94.07484257,96.10664897,94.07484257,90.7743563,93.42059707,90.7743563
4805,90.70505519,93.4206948,90.7744451,94.07494251,96.10675577,94.07494251,90.7744451,93.4206948,90.7744451
4806,90.70514371,93.42079249,90.77453385,94.07504241,96.10686253,94.07504241,90.77453385,93.42079249,90.77453385
4807,90.7052322,93.42089014,90.77462257,94.07514226,96.10696924,94.07514226,90.77462257,93.42089014,90.77462257
4808,90.70532065,93.42098775,90.77471126,94.07524208,96.1070759,94.07524208,90.77471126,93.42098775,90.77471126
4809,90.70540906,93.42108532,90.77479991,94.07534185,96.10718253,94.07534185,90.77479991,93.42108532,90.77479991
4810,90.70549744,93.42118285,90.77488852,94.07544159,96.10728911,94.07544159,90.77488852,93.42118285,90.77488852
4811,90.70558578,93.42128034,90.7749771,94.07554128,96.10739565,94.07554128,90.7749771,93.42128034,90.7749771
4812,90.70567409,93.42137779,90.77506563,94.07564093,96.10750214,94.07564093,90.77506563,93.42137779,90.77506563
4813,90.70576236,93.4214752,90.77515414,94.07574054,96.10760859,94.07574054,90.77515414,93.4214752,90.77515414
4814,90.70585059,93.42157257,90.77524261,94.07584012,96.107715,94.07584012,90.77524261,93.42157257,90.77524261
4815,90.70593879,93.4216699,90.77533104,94.07593965,96.10782136,94.07593965,90.77533104,93.4216699,90.77533104
4816,90.70602695,93.42176719,90.77541943,94.07603913,96.10792768,94.07603913,90.77541943,93.42176719,90.77541943
4817,90.70611508,93.42186444,90.77550779,94.07613858,96.10803395,94.07613858,90.77550779,93.42186444,90.77550779
4818,90.70620317,93.42196165,90.77559611,94.07623799,96.10814019,94.07623799,90.77559611,93.42196165,90.77559611
4819,90.70629122,93.42205882,90.7756844,94.07633736,96.10824637,94.07633736,90.7756844,93.42205882,90.7756844
4820,90.70637924,93.42215595,90.77577265,94.07643669,96.10835252,94.07643669,90.77577265,93.42215595,90.77577265
4821,90.70646722,93.42225304,90.77586087,94.07653597,96.10845862,94.07653597,90.77586087,93.42225304,90.77586087
4822,90.70655517,93.42235009,90.77594904,94.07663522,96.10856468,94.07663522,90.77594904,93.42235009,90.77594904
4823,90.70664308,93.42244711,90.77603719,94.07673442,96.1086707,94.07673442,90.77603719,93.42244711,90.77603719
4824,90.70673095,93.42254408,90.77612529,94.07683359,96.10877667,94.07683359,90.77612529,93.42254408,90.77612529
4825,90.70681879,93.42264101,90.77621336,94.07693271,96.1088826,94.07693271,90.77621336,93.42264101,90.77621336
4826,90.70690659,93.42273791,90.7763014,94.0770318,96.10898849,94.0770318,90.7763014,93.42273791,90.7763014
4827,90.70699436,93.42283476,90.7763894,94.07713084,96.10909433,94.07713084,90.7763894,93.42283476,90.7763894
4828,90.70708209,93.42293158,90.77647736,94.07722985,96.10920013,94.07722985,90.77647736,93.42293158,90.77647736
4829,90.70716979,93.42302835,90.77656529,94.07732881,96.10930589,94.07732881,90.77656529,93.42302835,90.77656529
4830,90.70725745,93.42312509,90.77665318,94.07742773,96.1094116,94.07742773,90.77665318,93.42312509,90.77665318
4831,90.70734507,93.42322178,90.77674104,94.07752661,96.10951727,94.07752661,90.77674104,93.42322178,90.77674104
4832,90.70743266,93.42331844,90.77682886,94.07762546,96.1096229,94.07762546,90.77682886,93.42331844,90.77682886
4833,90.70752021,93.42341506,90.77691664,94.07772426,96.10972848,94.07772426,90.77691664,93.42341506,90.77691664
4834,90.70760773,93.42351164,90.77700439,94.07782302,96.10983402,94.07782302,90.77700439,93.42351164,90.77700439
4835,90.70769521,93.42360818,90.7770921,94.07792174,96.10993952,94.07792174,90.7770921,93.42360818,90.7770921
4836,90.70778265,93.42370468,90.77717978,94.07802042,96.11004498,94.07802042,90.77717978,93.42370468,90.77717978
4837,90.70787006,93.42380114,90.77726742,94.07811906,96.11015039,94.07811906,90.77726742,93.42380114,90.77726742
4838,90.70795744,93.42389756,90.77735503,94.07821767,96.11025576,94.07821767,90.77735503,93.42389756,90.77735503
4839,90.70804478,93.42399394,90.7774426,94.07831623,96.11036109,94.07831623,90.7774426,93.42399394,90.7774426
4840,90.70813208,93.42409029,90.77753013,94.07841475,96.11046637,94.07841475,90.77753013,93.42409029,90.77753013
4841,90.70821935,93.42418659,90.77761763,94.07851323,96.11057161,94.07851323,90.77761763,93.42418659,90.77761763
4842,90.70830658,93.42428285,90.77770509,94.07861167,96.11067681,94.07861167,90.77770509,93.42428285,90.77770509
4843,90.70839378,93.42437908,90.77779252,94.07871007,96.11078197,94.07871007,90.77779252,93.42437908,90.77779252
4844,90.70848094,93.42447527,90.77787991,94.07880843,96.11088708,94.07880843,90.77787991,93.42447527,90.77787991
4845,90.70856807,93.42457141,90.77796727,94.07890675,96.11099215,94.07890675,90.77796727,93.42457141,90.77796727
4846,90.70865516,93.42466752,90.77805459,94.07900503,96.11109718,94.07900503,90.77805459,93.42466752,90.77805459
4847,90.70874221,93.42476359,90.77814188,94.07910327,96.11120217,94.07910327,90.77814188,93.42476359,90.77814188
4848,90.70882923,93.42485962,90.77822913,94.07920148,96.11130711,94.07920148,90.77822913,93.42485962,90.77822913
4849,90.70891622,93.42495561,90.77831634,94.07929964,96.11141201,94.07929964,90.77831634,93.42495561,90.77831634
4850,90.70900317,93.42505157,90.77840352,94.07939776,96.11151687,94.07939776,90.77840352,93.42505157,90.77840352
4851,90.70909008,93.42514748,90.77849067,94.07949584,96.11162168,94.07949584,90.77849067,93.42514748,90.77849067
4852,90.70917696,93.42524336,90.77857778,94.07959388,96.11172645,94.07959388,90.77857778,93.42524336,90.77857778
4853,90.70926381,93.42533919,90.77866485,94.07969188,96.11183118,94.07969188,90.77866485,93.42533919,90.77866485
4854,90.70935061,93.42543499,90.77875189,94.07978985,96.11193587,94.07978985,90.77875189,93.42543499,90.77875189
4855,90.70943739,93.42553075,90.77883889,94.07988777,96.11204052,94.07988777,90.77883889,93.42553075,90.77883889
4856,90.70952413,93.42562647,90.77892586,94.07998565,96.11214512,94.07998565,90.77892586,93.42562647,90.77892586
4857,90.70961083,93.42572215,90.77901279,94.0800835,96.11224968,94.0800835,90.77901279,93.42572215,90.77901279
4858,90.7096975,93.42581779,90.77909969,94.0801813,96.1123542,94.0801813,90.77909969,93.42581779,90.77909969
4859,90.70978413,93.42591339,90.77918655,94.08027906,96.11245867,94.08027906,90.77918655,93.42591339,90.77918655
4860,90.70987073,93.42600896,90.77927338,94.08037679,96.11256311,94.08037679,90.77927338,93.42600896,90.77927338
4861,90.70995729,93.42610448,90.77936017,94.08047447,96.1126675,94.08047447,90.77936017,93.42610448,90.77936017
4862,90.71004382,93.42619997,90.77944693,94.08057212,96.11277185,94.08057212,90.77944693,93.42619997,90.77944693
4863,90.71013031,93.42629542,90.77953365,94.08066973,96.11287615,94.08066973,90.77953365,93.42629542,90.77953365
4864,90.71021677,93.42639083,90.77962033,94.08076729,96.11298042,94.08076729,90.77962033,93.42639083,90.77962033
4865,90.71030319,93.4264862,90.77970698,94.08086482,96.11308464,94.08086482,90.77970698,93.4264862,90.77970698
4866,90.71038958,93.42658153,90.7797936,94.08096231,96.11318882,94.08096231,90.7797936,93.42658153,90.7797936
4867,90.71047593,93.42667683,90.77988018,94.08105975,96.11329296,94.08105975,90.77988018,93.42667683,90.77988018
4868,90.71056225,93.42677208,90.77996673,94.08115716,96.11339705,94.08115716,90.77996673,93.42677208,90.77996673
4869,90.71064853,93.4268673,90.78005324,94.08125453,96.11350111,94.08125453,90.78005324,93.4268673,90.78005324
4870,90.71073478,93.42696248,90.78013972,94.08135186,96.11360512,94.08135186,90.78013972,93.42696248,90.78013972
4871,90.710821,93.42705762,90.78022616,94.08144915,96.11370909,94.08144915,90.78022616,93.42705762,90.78022616
4872,90.71090717,93.42715272,90.78031256,94.0815464,96.11381302,94.0815464,90.78031256,93.42715272,90.78031256
4873,90.71099332,93.42724778,90.78039894,94.08164362,96.1139169,94.08164362,90.78039894,93.42724778,90.78039894
4874,90.71107943,93.42734281,90.78048527,94.08174079,96.11402074,94.08174079,90.78048527,93.42734281,90.78048527
4875,90.7111655,93.42743779,90.78057158,94.08183792,96.11412455,94.08183792,90.78057158,93.42743779,90.78057158
4876,90.71125154,93.42753274,90.78065784,94.08193502,96.11422831,94.08193502,90.78065784,93.42753274,90.78065784
4877,90.71133754,93.42762765,90.78074407,94.08203207,96.11433202,94.08203207,90.78074407,93.42762765,90.78074407
4878,90.71142351,93.42772252,90.78083027,94.08212909,96.1144357,94.08212909,90.78083027,93.42772252,90.78083027
4879,90.71150945,93.42781736,90.78091643,94.08222607,96.11453934,94.08222607,90.78091643,93.42781736,90.78091643
4880,90.71159535,93.42791215,90.78100256,94.082323,96.11464293,94.082323,90.78100256,93.42791215,90.78100256
4881,90.71168122,93.42800691,90.78108866,94.0824199,96.11474648,94.0824199,90.78108866,93.42800691,90.78108866
4882,90.71176705,93.42810163,90.78117471,94.08251676,96.11484999,94.08251676,90.78117471,93.42810163,90.78117471
4883,90.71185285,93.42819631,90.78126074,94.08261358,96.11495346,94.08261358,90.78126074,93.42819631,90.78126074
4884,90.71193861,93.42829095,90.78134673,94.08271037,96.11505688,94.08271037,90.78134673,93.42829095,90.78134673
4885,90.71202434,93.42838555,90.78143268,94.08280711,96.11516026,94.08280711,90.78143268,93.42838555,90.78143268
4886,90.71211003,93.42848012,90.7815186,94.08290381,96.11526361,94.08290381,90.7815186,93.42848012,90.7815186
4887,90.71219569,93.42857465,90.78160449,94.08300048,96.11536691,94.08300048,90.78160449,93.42857465,90.78160449
4888,90.71228131,93.42866914,90.78169034,94.0830971,96.11547017,94.0830971,90.78169034,93.42866914,90.78169034
4889,90.7123669,93.42876359,90.78177615,94.08319369,96.11557338,94.08319369,90.78177615,93.42876359,90.78177615
4890,90.71245246,93.428858,90.78186194,94.08329024,96.11567656,94.08329024,90.78186194,93.428858,90.78186194
4891,90.71253798,93.42895238,90.78194768,94.08338675,96.11577969,94.08338675,90.78194768,93.42895238,90.78194768
4892,90.71262346,93.42904672,90.7820334,94.08348322,96.11588279,94.08348322,90.7820334,93.42904672,90.7820334
4893,90.71270892,93.42914102,90.78211907,94.08357965,96.11598584,94.08357965,90.78211907,93.42914102,90.78211907
4894,90.71279433,93.42923528,90.78220472,94.08367604,96.11608885,94.08367604,90.78220472,93.42923528,90.78220472
4895,90.71287972,93.4293295,90.78229033,94.0837724,96.11619182,94.0837724,90.78229033,93.4293295,90.78229033
4896,90.71296507,93.42942369,90.7823759,94.08386871,96.11629475,94.08386871,90.7823759,93.42942369,90.7823759
4897,90.71305038,93.42951784,90.78246144,94.08396499,96.11639763,94.08396499,90.78246144,93.42951784,90.78246144
4898,90.71313566,93.42961195,90.78254695,94.08406123,96.11650048,94.08406123,90.78254695,93.42961195,90.78254695
4899,90.71322091,93.42970602,90.78263242,94.08415743,96.11660328,94.08415743,90.78263242,93.42970602,90.78263242
4900,90.71330612,93.42980006,90.78271786,94.08425359,96.11670604,94.08425359,90.78271786,93.42980006,90.78271786
4901,90.7133913,93.42989405,90.78280326,94.08434971,96.11680876,94.08434971,90.78280326,93.42989405,90.78280326
4902,90.71347644,93.42998801,90.78288863,94.08444579,96.11691144,94.08444579,90.78288863,93.42998801,90.78288863
4903,90.71356155,93.43008194,90.78297396,94.08454184,96.11701408,94.08454184,90.78297396,93.43008194,90.78297396
4904,90.71364663,93.43017582,90.78305926,94.08463784,96.11711668,94.08463784,90.78305926,93.43017582,90.78305926
4905,90.71373167,93.43026967,90.78314453,94.08473381,96.11721923,94.08473381,90.78314453,93.43026967,90.78314453
4906,90.71381667,93.43036347,90.78322976,94.08482974,96.11732175,94.08482974,90.78322976,93.43036347,90.78322976
4907,90.71390165,93.43045725,90.78331496,94.08492563,96.11742422,94.08492563,90.78331496,93.43045725,90.78331496
4908,90.71398659,93.43055098,90.78340012,94.08502148,96.11752665,94.08502148,90.78340012,93.43055098,90.78340012
4909,90.71407149,93.43064468,90.78348525,94.0851173,96.11762905,94.0851173,90.78348525,93.43064468,90.78348525
4910,90.71415636,93.43073833,90.78357035,94.08521307,96.1177314,94.08521307,90.78357035,93.43073833,90.78357035
4911,90.7142412,93.43083195,90.78365541,94.08530881,96.1178337,94.08530881,90.78365541,93.43083195,90.78365541
4912,90.714326,93.43092554,90.78374044,94.08540451,96.11793597,94.08540451,90.78374044,93.43092554,90.78374044
4913,90.71441077,93.43101908,90.78382543,94.08550017,96.1180382,94.08550017,90.78382543,93.43101908,90.78382543
4914,90.7144955,93.43111259,90.78391039,94.08559579,96.11814039,94.08559579,90.78391039,93.43111259,90.78391039
4915,90.7145802,93.43120606,90.78399531,94.08569137,96.11824253,94.08569137,90.78399531,93.43120606,90.78399531
4916,90.71466487,93.4312995,90.7840802,94.08578692,96.11834464,94.08578692,90.7840802,93.4312995,90.7840802
4917,90.7147495,93.43139289,90.78416506,94.08588243,96.1184467,94.08588243,90.78416506,93.43139289,90.78416506
4918,90.7148341,93.43148625,90.78424988,94.0859779,96.11854872,94.0859779,90.78424988,93.43148625,90.78424988
4919,90.71491867,93.43157957,90.78433467,94.08607333,96.11865071,94.08607333,90.78433467,93.43157957,90.78433467
4920,90.7150032,93.43167286,90.78441943,94.08616872,96.11875265,94.08616872,90.78441943,93.43167286,90.78441943
4921,90.7150877,93.4317661,90.78450415,94.08626407,96.11885455,94.08626407,90.78450415,93.4317661,90.78450415
4922,90.71517216,93.43185931,90.78458884,94.08635939,96.11895641,94.08635939,90.78458884,93.43185931,90.78458884
4923,90.71525659,93.43195249,90.78467349,94.08645467,96.11905823,94.08645467,90.78467349,93.43195249,90.78467349
4924,90.71534099,93.43204562,90.78475811,94.08654991,96.11916001,94.08654991,90.78475811,93.43204562,90.78475811
4925,90.71542535,93.43213872,90.7848427,94.08664511,96.11926174,94.08664511,90.7848427,93.43213872,90.7848427
4926,90.71550968,93.43223178,90.78492725,94.08674028,96.11936344,94.08674028,90.78492725,93.43223178,90.78492725
4927,90.71559397,93.4323248,90.78501177,94.0868354,96.1194651,94.0868354,90.78501177,93.4323248,90.78501177
4928,90.71567824,93.43241779,90.78509625,94.08693049,96.11956671,94.08693049,90.78509625,93.43241779,90.78509625
4929,90.71576246,93.43251074,90.7851807,94.08702554,96.11966829,94.08702554,90.7851807,93.43251074,90.7851807
4930,90.71584666,93.43260365,90.78526512,94.08712055,96.11976982,94.08712055,90.78526512,93.43260365,90.78526512
4931,90.71593082,93.43269652,90.7853495,94.08721553,96.11987132,94.08721553,90.7853495,93.43269652,90.7853495
4932,90.71601495,93.43278936,90.78543385,94.08731046,96.11997277,94.08731046,90.78543385,93.43278936,90.78543385
4933,90.71609904,93.43288216,90.78551817,94.08740536,96.12007418,94.08740536,90.78551817,93.43288216,90.78551817
4934,90.7161831,93.43297493,90.78560245,94.08750022,96.12017556,94.08750022,90.78560245,93.43297493,90.78560245
4935,90.71626713,93.43306765,90.7856867,94.08759505,96.12027689,94.08759505,90.7856867,93.43306765,90.7856867
4936,90.71635112,93.43316034,90.78577091,94.08768983,96.12037818,94.08768983,90.78577091,93.43316034,90.78577091
4937,90.71643508,93.433253,90.78585509,94.08778458,96.12047943,94.08778458,90.78585509,93.433253,90.78585509
4938,90.716519,93.43334561,90.78593924,94.08787929,96.12058064,94.08787929,90.78593924,93.43334561,90.78593924
4939,90.7166029,93.43343819,90.78602336,94.08797396,96.12068181,94.08797396,90.78602336,93.43343819,90.78602336
4940,90.71668676,93.43353073,90.78610744,94.08806859,96.12078294,94.08806859,90.78610744,93.43353073,90.78610744
4941,90.71677058,93.43362324,90.78619149,94.08816319,96.12088403,94.08816319,90.78619149,93.43362324,90.78619149
4942,90.71685437,93.43371571,90.7862755,94.08825775,96.12098508,94.08825775,90.7862755,93.43371571,90.7862755
4943,90.71693813,93.43380814,90.78635948,94.08835227,96.12108609,94.08835227,90.78635948,93.43380814,90.78635948
4944,90.71702186,93.43390053,90.78644343,94.08844675,96.12118706,94.08844675,90.78644343,93.43390053,90.78644343
4945,90.71710555,93.43399289,90.78652734,94.0885412,96.12128799,94.0885412,90.78652734,93.43399289,90.78652734
4946,90.71718921,93.43408521,90.78661122,94.08863561,96.12138888,94.08863561,90.78661122,93.43408521,90.78661122
4947,90.71727283,93.4341775,90.78669507,94.08872998,96.12148973,94.08872998,90.78669507,93.4341775,90.78669507
4948,90.71735643,93.43426974,90.78677888,94.08882431,96.12159054,94.08882431,90.78677888,93.43426974,90.78677888
4949,90.71743999,93.43436195,90.78686266,94.0889186,96.12169131,94.0889186,90.78686266,93.43436195,90.78686266
4950,90.71752351,93.43445413,90.78694641,94.08901286,96.12179204,94.08901286,90.78694641,93.43445413,90.78694641
4951,90.717607,93.43454627,90.78703012,94.08910708,96.12189272,94.08910708,90.78703012,93.43454627,90.78703012
4952,90.71769046,93.43463837,90.7871138,94.08920127,96.12199337,94.08920127,90.7871138,93.43463837,90.7871138
4953,90.71777389,93.43473043,90.78719745,94.08929541,96.12209398,94.08929541,90.78719745,93.43473043,90.78719745
4954,90.71785728,93.43482246,90.78728106,94.08938952,96.12219455,94.08938952,90.78728106,93.43482246,90.78728106
4955,90.71794064,93.43491445,90.78736464,94.08948359,96.12229508,94.08948359,90.78736464,93.43491445,90.78736464
4956,90.71802397,93.43500641,90.78744819,94.08957762,96.12239557,94.08957762,90.78744819,93.43500641,90.78744819
4957,90.71810726,93.43509832,90.7875317,94.08967162,96.12249602,94.08967162,90.7875317,93.43509832,90.7875317
4958,90.71819053,93.43519021,90.78761519,94.08976558,96.12259643,94.08976558,90.78761519,93.43519021,90.78761519
4959,90.71827375,93.43528205,90.78769863,94.0898595,96.12269679,94.0898595,90.78769863,93.43528205,90.78769863
4960,90.71835695,93.43537386,90.78778205,94.08995338,96.12279712,94.08995338,90.78778205,93.43537386,90.78778205
4961,90.71844011,93.43546563,90.78786543,94.09004723,96.12289741,94.09004723,90.78786543,93.43546563,90.78786543
4962,90.71852324,93.43555737,90.78794878,94.09014104,96.12299766,94.09014104,90.78794878,93.43555737,90.78794878
4963,90.71860633,93.43564907,90.78803209,94.09023481,96.12309787,94.09023481,90.78803209,93.43564907,90.78803209
4964,90.7186894,93.43574073,90.78811538,94.09032855,96.12319804,94.09032855,90.78811538,93.43574073,90.78811538
4965,90.71877243,93.43583236,90.78819863,94.09042225,96.12329817,94.09042225,90.78819863,93.43583236,90.78819863
4966,90.71885542,93.43592395,90.78828184,94.09051591,96.12339826,94.09051591,90.78828184,93.43592395,90.78828184
4967,90.71893839,93.4360155,90.78836503,94.09060953,96.12349831,94.09060953,90.78836503,93.4360155,90.78836503
4968,90.71902132,93.43610702,90.78844818,94.09070312,96.12359833,94.09070312,90.78844818,93.43610702,90.78844818
4969,90.71910422,93.4361985,90.78853129,94.09079667,96.1236983,94.09079667,90.78853129,93.4361985,90.78853129
4970,90.71918708,93.43628995,90.78861438,94.09089018,96.12379823,94.09089018,90.78861438,93.43628995,90.78861438
4971,90.71926991,93.43638136,90.78869743,94.09098366,96.12389812,94.09098366,90.78869743,93.43638136,90.78869743
4972,90.71935271,93.43647273,90.78878045,94.09107709,96.12399798,94.09107709,90.78878045,93.43647273,90.78878045
4973,90.71943548,93.43656407,90.78886344,94.0911705,96.12409779,94.0911705,90.78886344,93.43656407,90.78886344
4974,90.71951822,93.43665537,90.78894639,94.09126386,96.12419756,94.09126386,90.78894639,93.43665537,90.78894639
4975,90.71960092,93.43674663,90.78902931,94.09135719,96.1242973,94.09135719,90.78902931,93.43674663,90.78902931
4976,90.71968359,93.43683786,90.7891122,94.09145048,96.12439699,94.09145048,90.7891122,93.43683786,90.7891122
4977,90.71976622,93.43692905,90.78919505,94.09154373,96.12449665,94.09154373,90.78919505,93.43692905,90.78919505
4978,90.71984883,93.43702021,90.78927787,94.09163695,96.12459626,94.09163695,90.78927787,93.43702021,90.78927787
4979,90.7199314,93.43711133,90.78936066,94.09173013,96.12469584,94.09173013,90.78936066,93.43711133,90.78936066
4980,90.72001393,93.43720242,90.78944342,94.09182327,96.12479538,94.09182327,90.78944342,93.43720242,90.78944342
4981,90.72009644,93.43729346,90.78952614,94.09191638,96.12489488,94.09191638,90.78952614,93.43729346,90.78952614
4982,90.72017891,93.43738448,90.78960883,94.09200945,96.12499434,94.09200945,90.78960883,93.43738448,90.78960883
4983,90.72026135,93.43747545,90.78969149,94.09210248,96.12509376,94.09210248,90.78969149,93.43747545,90.78969149
4984,90.72034376,93.43756639,90.78977412,94.09219548,96.12519314,94.09219548,90.78977412,93.43756639,90.78977412
4985,90.72042614,93.4376573,90.78985671,94.09228844,96.12529248,94.09228844,90.78985671,93.4376573,90.78985671
4986,90.72050848,93.43774817,90.78993927,94.09238136,96.12539178,94.09238136,90.78993927,93.43774817,90.78993927
4987,90.72059079,93.437839,90.7900218,94.09247425,96.12549104,94.09247425,90.7900218,93.437839,90.7900218
4988,90.72067307,93.4379298,90.7901043,94.0925671,96.12559026,94.0925671,90.7901043,93.4379298,90.7901043
4989,90.72075531,93.43802056,90.79018676,94.09265991,96.12568945,94.09265991,90.79018676,93.43802056,90.79018676
4990,90.72083752,93.43811128,90.79026919,94.09275268,96.12578859,94.09275268,90.79026919,93.43811128,90.79026919
4991,90.72091971,93.43820197,90.79035159,94.09284542,96.1258877,94.09284542,90.79035159,93.43820197,90.79035159
4992,90.72100185,93.43829263,90.79043395,94.09293813,96.12598677,94.09293813,90.79043395,93.43829263,90.79043395
4993,90.72108397,93.43838324,90.79051628,94.09303079,96.12608579,94.09303079,90.79051628,93.43838324,90.79051628
4994,90.72116605,93.43847383,90.79059859,94.09312342,96.12618478,94.09312342,90.79059859,93.43847383,90.79059859
4995,90.7212481,93.43856437,90.79068085,94.09321602,96.12628373,94.09321602,90.79068085,93.43856437,90.79068085
4996,90.72133012,93.43865488,90.79076309,94.09330857,96.12638264,94.09330857,90.79076309,93.43865488,90.79076309
4997,90.72141211,93.43874536,90.79084529,94.09340109,96.12648152,94.09340109,90.79084529,93.43874536,90.79084529
4998,90.72149406,93.4388358,90.79092746,94.09349358,96.12658035,94.09349358,90.79092746,93.4388358,90.79092746
4999,90.72157598,93.4389262,90.7910096,94.09358603,96.12667914,94.09358603,90.7910096,93.4389262,90.7910096
5000,90.72165787,93.43901657,90.79109171,94.09367844,96.1267779,94.09367844,90.79109171,93.43901657,90.79109171
5001,90.72173973,93.4391069,90.79117378,94.09377081,96.12687661,94.09377081,90.79117378,93.4391069,90.79117378
5002,90.72182155,93.4391972,90.79125582,94.09386315,96.12697529,94.09386315,90.79125582,93.4391972,90.79125582
5003,90.72190335,93.43928746,90.79133783,94.09395545,96.12707393,94.09395545,90.79133783,93.43928746,90.79133783
5004,90.72198511,93.43937769,90.79141981,94.09404772,96.12717253,94.09404772,90.79141981,93.43937769,90.79141981
5005,90.72206684,93.43946788,90.79150175,94.09413995,96.12727109,94.09413995,90.79150175,93.43946788,90.79150175
5006,90.72214853,93.43955803,90.79158366,94.09423214,96.12736961,94.09423214,90.79158366,93.43955803,90.79158366
5007,90.7222302,93.43964815,90.79166554,94.0943243,96.1274681,94.0943243,90.79166554,93.43964815,90.79166554
5008,90.72231183,93.43973824,90.79174739,94.09441642,96.12756654,94.09441642,90.79174739,93.43973824,90.79174739
5009,90.72239343,93.43982829,90.79182921,94.0945085,96.12766495,94.0945085,90.79182921,93.43982829,90.79182921
5010,90.722475,93.4399183,90.79191099,94.09460055,96.12776331,94.09460055,90.79191099,93.4399183,90.79191099
5011,90.72255653,93.44000828,90.79199274,94.09469256,96.12786164,94.09469256,90.79199274,93.44000828,90.79199274
5012,90.72263804,93.44009822,90.79207446,94.09478454,96.12795993,94.09478454,90.79207446,93.44009822,90.79207446
5013,90.72271951,93.44018813,90.79215615,94.09487648,96.12805818,94.09487648,90.79215615,93.44018813,90.79215615
5014,90.72280095,93.440278,90.79223781,94.09496838,96.1281564,94.09496838,90.79223781,93.440278,90.79223781
5015,90.72288235,93.44036784,90.79231943,94.09506025,96.12825457,94.09506025,90.79231943,93.44036784,90.79231943
5016,90.72296373,93.44045764,90.79240102,94.09515208,96.12835271,94.09515208,90.79240102,93.44045764,90.79240102
5017,90.72304507,93.44054741,90.79248258,94.09524388,96.1284508,94.09524388,90.79248258,93.44054741,90.79248258
5018,90.72312639,93.44063714,90.79256411,94.09533564,96.12854886,94.09533564,90.79256411,93.44063714,90.79256411
5019,90.72320767,93.44072683,90.7926456,94.09542736,96.12864688,94.09542736,90.7926456,93.44072683,90.7926456
5020,90.72328891,93.4408165,90.79272706,94.09551905,96.12874486,94.09551905,90.79272706,93.4408165,90.79272706
5021,90.72337013,93.44090612,90.7928085,94.0956107,96.12884281,94.0956107,90.7928085,93.44090612,90.7928085
5022,90.72345132,93.44099571,90.79288989,94.09570232,96.12894071,94.09570232,90.79288989,93.44099571,90.79288989
5023,90.72353247,93.44108527,90.79297126,94.0957939,96.12903858,94.0957939,90.79297126,93.44108527,90.79297126
5024,90.72361359,93.44117479,90.7930526,94.09588544,96.12913641,94.09588544,90.7930526,93.44117479,90.7930526
5025,90.72369468,93.44126427,90.7931339,94.09597695,96.1292342,94.09597695,90.7931339,93.44126427,90.7931339
5026,90.72377574,93.44135372,90.79321517,94.09606842,96.12933195,94.09606842,90.79321517,93.44135372,90.79321517
5027,90.72385676,93.44144314,90.79329641,94.09615986,96.12942966,94.09615986,90.79329641,93.44144314,90.79329641
5028,90.72393775,93.44153252,90.79337762,94.09625126,96.12952734,94.09625126,90.79337762,93.44153252,90.79337762
5029,90.72401872,93.44162186,90.7934588,94.09634262,96.12962497,94.09634262,90.7934588,93.44162186,90.7934588
5030,90.72409965,93.44171117,90.79353994,94.09643395,96.12972257,94.09643395,90.79353994,93.44171117,90.79353994
5031,90.72418055,93.44180045,90.79362105,94.09652524,96.12982013,94.09652524,90.79362105,93.44180045,90.79362105
5032,90.72426141,93.44188969,90.79370214,94.0966165,96.12991766,94.0966165,90.79370214,93.44188969,90.79370214
5033,90.72434225,93.44197889,90.79378318,94.09670772,96.13001514,94.09670772,90.79378318,93.44197889,90.79378318
5034,90.72442305,93.44206806,90.7938642,94.09679891,96.13011259,94.09679891,90.7938642,93.44206806,90.7938642
5035,90.72450382,93.4421572,90.79394519,94.09689006,96.13020999,94.09689006,90.79394519,93.4421572,90.79394519
5036,90.72458457,93.4422463,90.79402614,94.09698117,96.13030736,94.09698117,90.79402614,93.4422463,90.79402614
5037,90.72466527,93.44233537,90.79410707,94.09707225,96.1304047,94.09707225,90.79410707,93.44233537,90.79410707
5038,90.72474595,93.4424244,90.79418796,94.0971633,96.13050199,94.0971633,90.79418796,93.4424244,90.79418796
5039,90.7248266,93.44251339,90.79426882,94.0972543,96.13059924,94.0972543,90.79426882,93.44251339,90.79426882
5040,90.72490721,93.44260236,90.79434964,94.09734528,96.13069646,94.09734528,90.79434964,93.44260236,90.79434964
5041,90.7249878,93.44269128,90.79443044,94.09743621,96.13079364,94.09743621,90.79443044,93.44269128,90.79443044
5042,90.72506835,93.44278017,90.7945112,94.09752712,96.13089078,94.09752712,90.7945112,93.44278017,90.7945112
5043,90.72514887,93.44286903,90.79459194,94.09761798,96.13098789,94.09761798,90.79459194,93.44286903,90.79459194
5044,90.72522936,93.44295785,90.79467264,94.09770881,96.13108495,94.09770881,90.79467264,93.44295785,90.79467264
5045,90.72530981,93.44304664,90.79475331,94.09779961,96.13118198,94.09779961,90.79475331,93.44304664,90.79475331
5046,90.72539024,93.4431354,90.79483395,94.09789037,96.13127897,94.09789037,90.79483395,93.4431354,90.79483395
5047,90.72547063,93.44322411,90.79491456,94.09798109,96.13137592,94.09798109,90.79491456,93.44322411,90.79491456
5048,90.725551,93.4433128,90.79499513,94.09807178,96.13147284,94.09807178,90.79499513,93.4433128,90.79499513
5049,90.72563133,93.44340145,90.79507568,94.09816243,96.13156972,94.09816243,90.79507568,93.44340145,90.79507568
5050,90.72571163,93.44349006,90.79515619,94.09825305,96.13166655,94.09825305,90.79515619,93.44349006,90.79515619
5051,90.7257919,93.44357864,90.79523667,94.09834363,96.13176336,94.09834363,90.79523667,93.44357864,90.79523667
5052,90.72587214,93.44366719,90.79531712,94.09843418,96.13186012,94.09843418,90.79531712,93.44366719,90.79531712
5053,90.72595234,93.4437557,90.79539754,94.09852469,96.13195684,94.09852469,90.79539754,93.4437557,90.79539754
5054,90.72603252,93.44384418,90.79547793,94.09861517,96.13205353,94.09861517,90.79547793,93.44384418,90.79547793
5055,90.72611266,93.44393262,90.79555828,94.09870561,96.13215018,94.09870561,90.79555828,93.44393262,90.79555828
5056,90.72619277,93.44402103,90.79563861,94.09879602,96.1322468,94.09879602,90.79563861,93.44402103,90.79563861
5057,90.72627286,93.4441094,90.7957189,94.09888639,96.13234337,94.09888639,90.7957189,93.4441094,90.7957189
5058,90.72635291,93.44419774,90.79579916,94.09897673,96.13243991,94.09897673,90.79579916,93.44419774,90.79579916
5059,90.72643293,93.44428605,90.79587939,94.09906703,96.13253641,94.09906703,90.79587939,93.44428605,90.79587939
5060,90.72651291,93.44437432,90.79595959,94.09915729,96.13263287,94.09915729,90.79595959,93.44437432,90.79595959
5061,90.72659287,93.44446255,90.79603976,94.09924752,96.1327293,94.09924752,90.79603976,93.44446255,90.79603976
5062,90.7266728,93.44455075,90.7961199,94.09933772,96.13282568,94.09933772,90.7961199,93.44455075,90.7961199
5063,90.72675269,93.44463892,90.79620001,94.09942788,96.13292203,94.09942788,90.79620001,93.44463892,90.79620001
5064,90.72683256,93.44472705,90.79628008,94.099518,96.13301835,94.099518,90.79628008,93.44472705,90.79628008
5065,90.72691239,93.44481515,90.79636013,94.09960809,96.13311462,94.09960809,90.79636013,93.44481515,90.79636013
5066,90.72699219,93.44490322,90.79644014,94.09969815,96.13321086,94.09969815,90.79644014,93.44490322,90.79644014
5067,90.72707196,93.44499125,90.79652012,94.09978817,96.13330706,94.09978817,90.79652012,93.44499125,90.79652012
5068,90.7271517,93.44507924,90.79660007,94.09987816,96.13340322,94.09987816,90.79660007,93.44507924,90.79660007
5069,90.72723141,93.44516721,90.79667999,94.09996811,96.13349935,94.09996811,90.79667999,93.44516721,90.79667999
5070,90.72731109,93.44525513,90.79675988,94.10005802,96.13359543,94.10005802,90.79675988,93.44525513,90.79675988
5071,90.72739073,93.44534303,90.79683974,94.1001479,96.13369148,94.1001479,90.79683974,93.44534303,90.79683974
5072,90.72747035,93.44543089,90.79691956,94.10023775,96.1337875,94.10023775,90.79691956,93.44543089,90.79691956
5073,90.72754994,93.44551871,90.79699936,94.10032756,96.13388347,94.10032756,90.79699936,93.44551871,90.79699936
5074,90.72762949,93.4456065,90.79707912,94.10041733,96.13397941,94.10041733,90.79707912,93.4456065,90.79707912
5075,90.72770901,93.44569426,90.79715886,94.10050708,96.13407531,94.10050708,90.79715886,93.44569426,90.79715886
5076,90.72778851,93.44578199,90.79723856,94.10059678,96.13417118,94.10059678,90.79723856,93.44578199,90.79723856
5077,90.72786797,93.44586967,90.79731823,94.10068645,96.13426701,94.10068645,90.79731823,93.44586967,90.79731823
5078,90.7279474,93.44595733,90.79739787,94.10077609,96.1343628,94.10077609,90.79739787,93.44595733,90.79739787
5079,90.7280268,93.44604495,90.79747748,94.10086569,96.13445855,94.10086569,90.79747748,93.44604495,90.79747748
5080,90.72810617,93.44613254,90.79755706,94.10095526,96.13455427,94.10095526,90.79755706,93.44613254,90.79755706
5081,90.72818551,93.44622009,90.79763661,94.10104479,96.13464994,94.10104479,90.79763661,93.44622009,90.79763661
5082,90.72826481,93.44630761,90.79771613,94.10113429,96.13474559,94.10113429,90.79771613,93.44630761,90.79771613
5083,90.72834409,93.4463951,90.79779561,94.10122375,96.13484119,94.10122375,90.79779561,93.4463951,90.79779561
5084,90.72842334,93.44648255,90.79787507,94.10131318,96.13493676,94.10131318,90.79787507,93.44648255,90.79787507
5085,90.72850255,93.44656997,90.7979545,94.10140257,96.13503229,94.10140257,90.7979545,93.44656997,90.7979545
5086,90.72858174,93.44665735,90.79803389,94.10149193,96.13512778,94.10149193,90.79803389,93.44665735,90.79803389
5087,90.72866089,93.4467447,90.79811325,94.10158126,96.13522324,94.10158126,90.79811325,93.4467447,90.79811325
5088,90.72874002,93.44683202,90.79819259,94.10167055,96.13531866,94.10167055,90.79819259,93.44683202,90.79819259
5089,90.72881911,93.4469193,90.79827189,94.1017598,96.13541404,94.1017598,90.79827189,93.4469193,90.79827189
5090,90.72889817,93.44700655,90.79835116,94.10184903,96.13550939,94.10184903,90.79835116,93.44700655,90.79835116
5091,90.7289772,93.44709376,90.7984304,94.10193821,96.1356047,94.10193821,90.7984304,93.44709376,90.7984304
5092,90.7290562,93.44718094,90.79850961,94.10202736,96.13569997,94.10202736,90.79850961,93.44718094,90.79850961
5093,90.72913517,93.44726809,90.79858879,94.10211648,96.1357952,94.10211648,90.79858879,93.44726809,90.79858879
5094,90.72921411,93.44735521,90.79866794,94.10220556,96.1358904,94.10220556,90.79866794,93.44735521,90.79866794
5095,90.72929302,93.44744229,90.79874706,94.10229461,96.13598556,94.10229461,90.79874706,93.44744229,90.79874706
5096,90.7293719,93.44752933,90.79882615,94.10238363,96.13608069,94.10238363,90.79882615,93.44752933,90.79882615
5097,90.72945075,93.44761634,90.7989052,94.10247261,96.13617578,94.10247261,90.7989052,93.44761634,90.7989052
5098,90.72952957,93.44770332,90.79898423,94.10256155,96.13627083,94.10256155,90.79898423,93.44770332,90.79898423
5099,90.72960836,93.44779027,90.79906323,94.10265046,96.13636584,94.10265046,90.79906323,93.44779027,90.79906323
5100,90.72968712,93.44787718,90.79914219,94.10273934,96.13646082,94.10273934,90.79914219,93.44787718,90.79914219
5101,90.72976584,93.44796406,90.79922113,94.10282818,96.13655576,94.10282818,90.79922113,93.44796406,90.79922113
5102,90.72984454,93.44805091,90.79930003,94.10291699,96.13665067,94.10291699,90.79930003,93.44805091,90.79930003
5103,90.72992321,93.44813772,90.79937891,94.10300576,96.13674554,94.10300576,90.79937891,93.44813772,90.79937891
5104,90.73000184,93.44822449,90.79945775,94.1030945,96.13684037,94.1030945,90.79945775,93.44822449,90.79945775
5105,90.73008045,93.44831124,90.79953656,94.10318321,96.13693516,94.10318321,90.79953656,93.44831124,90.79953656
5106,90.73015902,93.44839795,90.79961535,94.10327188,96.13702992,94.10327188,90.79961535,93.44839795,90.79961535
5107,90.73023757,93.44848463,90.7996941,94.10336052,96.13712464,94.10336052,90.7996941,93.44848463,90.7996941
5108,90.73031608,93.44857127,90.79977282,94.10344912,96.13721933,94.10344912,90.79977282,93.44857127,90.79977282
5109,90.73039457,93.44865788,90.79985151,94.10353769,96.13731398,94.10353769,90.79985151,93.44865788,90.79985151
5110,90.73047302,93.44874446,90.79993018,94.10362622,96.13740859,94.10362622,90.79993018,93.44874446,90.79993018
5111,90.73055144,93.448831,90.80000881,94.10371472,96.13750316,94.10371472,90.80000881,93.448831,90.80000881
5112,90.73062984,93.44891752,90.80008741,94.10380319,96.1375977,94.10380319,90.80008741,93.44891752,90.80008741
5113,90.7307082,93.44900399,90.80016598,94.10389162,96.13769221,94.10389162,90.80016598,93.44900399,90.80016598
5114,90.73078653,93.44909044,90.80024452,94.10398002,96.13778667,94.10398002,90.80024452,93.44909044,90.80024452
5115,90.73086484,93.44917685,90.80032303,94.10406838,96.1378811,94.10406838,90.80032303,93.44917685,90.80032303
5116,90.73094311,93.44926323,90.80040151,94.10415671,96.1379755,94.10415671,90.80040151,93.44926323,90.80040151
5117,90.73102135,93.44934957,90.80047996,94.10424501,96.13806985,94.10424501,90.80047996,93.44934957,90.80047996
5118,90.73109957,93.44943588,90.80055838,94.10433327,96.13816418,94.10433327,90.80055838,93.44943588,90.80055838
5119,90.73117775,93.44952216,90.80063677,94.1044215,96.13825846,94.1044215,90.80063677,93.44952216,90.80063677
5120,90.7312559,93.4496084,90.80071513,94.10450969,96.13835271,94.10450969,90.80071513,93.4496084,90.80071513
5121,90.73133402,93.44969461,90.80079346,94.10459785,96.13844692,94.10459785,90.80079346,93.44969461,90.80079346
5122,90.73141212,93.44978079,90.80087176,94.10468598,96.1385411,94.10468598,90.80087176,93.44978079,90.80087176
5123,90.73149018,93.44986694,90.80095003,94.10477407,96.13863524,94.10477407,90.80095003,93.44986694,90.80095003
5124,90.73156821,93.44995305,90.80102826,94.10486213,96.13872934,94.10486213,90.80102826,93.44995305,90.80102826
5125,90.73164621,93.45003913,90.80110647,94.10495016,96.13882341,94.10495016,90.80110647,93.45003913,90.80110647
5126,90.73172419,93.45012517,90.80118465,94.10503815,96.13891744,94.10503815,90.80118465,93.45012517,90.80118465
5127,90.73180213,93.45021119,90.8012628,94.10512611,96.13901144,94.10512611,90.8012628,93.45021119,90.8012628
5128,90.73188004,93.45029717,90.80134092,94.10521403,96.13910539,94.10521403,90.80134092,93.45029717,90.80134092
5129,90.73195792,93.45038311,90.80141901,94.10530192,96.13919932,94.10530192,90.80141901,93.45038311,90.80141901
5130,90.73203578,93.45046903,90.80149707,94.10538977,96.13929321,94.10538977,90.80149707,93.45046903,90.80149707
5131,90.7321136,93.45055491,90.8015751,94.1054776,96.13938706,94.1054776,90.8015751,93.45055491,90.8015751
5132,90.73219139,93.45064076,90.80165309,94.10556538,96.13948087,94.10556538,90.80165309,93.45064076,90.80165309
5133,90.73226915,93.45072657,90.80173106,94.10565314,96.13957465,94.10565314,90.80173106,93.45072657,90.80173106
5134,90.73234689,93.45081235,90.801809,94.10574086,96.13966839,94.10574086,90.801809,93.45081235,90.801809
5135,90.73242459,93.4508981,90.80188691,94.10582855,96.1397621,94.10582855,90.80188691,93.4508981,90.80188691
5136,90.73250227,93.45098382,90.80196479,94.1059162,96.13985577,94.1059162,90.80196479,93.45098382,90.80196479
5137,90.73257991,93.4510695,90.80204264,94.10600382,96.13994941,94.10600382,90.80204264,93.4510695,90.80204264
5138,90.73265752,93.45115515,90.80212046,94.10609141,96.14004301,94.10609141,90.80212046,93.45115515,90.80212046
5139,90.73273511,93.45124077,90.80219825,94.10617896,96.14013657,94.10617896,90.80219825,93.45124077,90.80219825
5140,90.73281266,93.45132636,90.80227601,94.10626648,96.1402301,94.10626648,90.80227601,93.45132636,90.80227601
5141,90.73289019,93.45141191,90.80235374,94.10635397,96.14032359,94.10635397,90.80235374,93.45141191,90.80235374
5142,90.73296768,93.45149743,90.80243144,94.10644142,96.14041705,94.10644142,90.80243144,93.45149743,90.80243144
5143,90.73304515,93.45158291,90.80250911,94.10652884,96.14051047,94.10652884,90.80250911,93.45158291,90.80250911
5144,90.73312258,93.45166837,90.80258675,94.10661622,96.14060385,94.10661622,90.80258675,93.45166837,90.80258675
5145,90.73319999,93.45175379,90.80266436,94.10670358,96.1406972,94.10670358,90.80266436,93.45175379,90.80266436
5146,90.73327737,93.45183918,90.80274194,94.1067909,96.14079051,94.1067909,90.80274194,93.45183918,90.80274194
5147,90.73335471,93.45192453,90.8028195,94.10687818,96.14088379,94.10687818,90.8028195,93.45192453,90.8028195
5148,90.73343203,93.45200986,90.80289702,94.10696543,96.14097703,94.10696543,90.80289702,93.45200986,90.80289702
5149,90.73350932,93.45209515,90.80297451,94.10705265,96.14107024,94.10705265,90.80297451,93.45209515,90.80297451
5150,90.73358658,93.4521804,90.80305197,94.10713984,96.14116341,94.10713984,90.80305197,93.4521804,90.80305197
5151,90.73366381,93.45226563,90.80312941,94.10722699,96.14125654,94.10722699,90.80312941,93.45226563,90.80312941
5152,90.73374101,93.45235082,90.80320681,94.10731411,96.14134964,94.10731411,90.80320681,93.45235082,90.80320681
5153,90.73381818,93.45243598,90.80328418,94.10740119,96.1414427,94.10740119,90.80328418,93.45243598,90.80328418
5154,90.73389532,93.45252111,90.80336153,94.10748824,96.14153573,94.10748824,90.80336153,93.45252111,90.80336153
5155,90.73397243,93.4526062,90.80343884,94.10757526,96.14162872,94.10757526,90.80343884,93.4526062,90.80343884
5156,90.73404951,93.45269127,90.80351613,94.10766225,96.14172168,94.10766225,90.80351613,93.45269127,90.80351613
5157,90.73412656,93.4527763,90.80359338,94.1077492,96.1418146,94.1077492,90.80359338,93.4527763,90.80359338
5158,90.73420358,93.4528613,90.80367061,94.10783612,96.14190749,94.10783612,90.80367061,93.4528613,90.80367061
5159,90.73428058,93.45294626,90.80374781,94.107923,96.14200034,94.107923,90.80374781,93.45294626,90.80374781
5160,90.73435754,93.45303119,90.80382497,94.10800986,96.14209315,94.10800986,90.80382497,93.45303119,90.80382497
5161,90.73443447,93.45311609,90.80390211,94.10809668,96.14218593,94.10809668,90.80390211,93.45311609,90.80390211
5162,90.73451138,93.45320096,90.80397922,94.10818346,96.14227868,94.10818346,90.80397922,93.45320096,90.80397922
5163,90.73458825,93.4532858,90.8040563,94.10827021,96.14237138,94.10827021,90.8040563,93.4532858,90.8040563
5164,90.7346651,93.4533706,90.80413335,94.10835693,96.14246406,94.10835693,90.80413335,93.4533706,90.80413335
5165,90.73474192,93.45345537,90.80421037,94.10844362,96.1425567,94.10844362,90.80421037,93.45345537,90.80421037
5166,90.7348187,93.45354011,90.80428736,94.10853028,96.1426493,94.10853028,90.80428736,93.45354011,90.80428736
5167,90.73489546,93.45362481,90.80436432,94.1086169,96.14274187,94.1086169,90.80436432,93.45362481,90.80436432
5168,90.73497219,93.45370949,90.80444125,94.10870348,96.1428344,94.10870348,90.80444125,93.45370949,90.80444125
5169,90.73504889,93.45379413,90.80451816,94.10879004,96.14292689,94.10879004,90.80451816,93.45379413,90.80451816
5170,90.73512556,93.45387874,90.80459503,94.10887656,96.14301936,94.10887656,90.80459503,93.45387874,90.80459503
5171,90.7352022,93.45396332,90.80467187,94.10896305,96.14311178,94.10896305,90.80467187,93.45396332,90.80467187
5172,90.73527882,93.45404786,90.80474869,94.10904951,96.14320417,94.10904951,90.80474869,93.45404786,90.80474869
5173,90.7353554,93.45413237,90.80482547,94.10913593,96.14329653,94.10913593,90.80482547,93.45413237,90.80482547
5174,90.73543195,93.45421685,90.80490223,94.10922232,96.14338885,94.10922232,90.80490223,93.45421685,90.80490223
5175,90.73550848,93.4543013,90.80497896,94.10930868,96.14348114,94.10930868,90.80497896,93.4543013,90.80497896
5176,90.73558497,93.45438572,90.80505566,94.109395,96.14357339,94.109395,90.80505566,93.45438572,90.80505566
5177,90.73566144,93.4544701,90.80513232,94.10948129,96.1436656,94.10948129,90.80513232,93.4544701,90.80513232
5178,90.73573788,93.45455446,90.80520896,94.10956755,96.14375778,94.10956755,90.80520896,93.45455446,90.80520896
5179,90.73581429,93.45463878,90.80528557,94.10965378,96.14384993,94.10965378,90.80528557,93.45463878,90.80528557
5180,90.73589067,93.45472306,90.80536216,94.10973997,96.14394204,94.10973997,90.80536216,93.45472306,90.80536216
5181,90.73596702,93.45480732,90.80543871,94.10982613,96.14403411,94.10982613,90.80543871,93.45480732,90.80543871
5182,90.73604334,93.45489154,90.80551523,94.10991226,96.14412615,94.10991226,90.80551523,93.45489154,90.80551523
5183,90.73611963,93.45497573,90.80559173,94.10999835,96.14421816,94.10999835,90.80559173,93.45497573,90.80559173
5184,90.73619589,93.45505989,90.80566819,94.11008442,96.14431013,94.11008442,90.80566819,93.45505989,90.80566819
5185,90.73627213,93.45514402,90.80574463,94.11017045,96.14440206,94.11017045,90.80574463,93.45514402,90.80574463
5186,90.73634833,93.45522812,90.80582103,94.11025644,96.14449396,94.11025644,90.80582103,93.45522812,90.80582103
5187,90.73642451,93.45531218,90.80589741,94.11034241,96.14458583,94.11034241,90.80589741,93.45531218,90.80589741
5188,90.73650066,93.45539621,90.80597376,94.11042834,96.14467766,94.11042834,90.80597376,93.45539621,90.80597376
5189,90.73657678,93.45548021,90.80605008,94.11051424,96.14476946,94.11051424,90.80605008,93.45548021,90.80605008
5190,90.73665286,93.45556418,90.80612637,94.1106001,96.14486122,94.1106001,90.80612637,93.45556418,90.80612637
5191,90.73672893,93.45564812,90.80620263,94.11068594,96.14495294,94.11068594,90.80620263,93.45564812,90.80620263
5192,90.73680496,93.45573202,90.80627887,94.11077174,96.14504463,94.11077174,90.80627887,93.45573202,90.80627887
5193,90.73688096,93.4558159,90.80635507,94.11085751,96.14513629,94.11085751,90.80635507,93.4558159,90.80635507
5194,90.73695693,93.45589974,90.80643125,94.11094324,96.14522791,94.11094324,90.80643125,93.45589974,90.80643125
5195,90.73703288,93.45598355,90.80650739,94.11102895,96.1453195,94.11102895,90.80650739,93.45598355,90.80650739
5196,90.7371088,93.45606732,90.80658351,94.11111462,96.14541105,94.11111462,90.80658351,93.45606732,90.80658351
5197,90.73718469,93.45615107,90.8066596,94.11120026,96.14550257,94.11120026,90.8066596,93.45615107,90.8066596
5198,90.73726054,93.45623478,90.80673566,94.11128586,96.14559405,94.11128586,90.80673566,93.45623478,90.80673566
5199,90.73733637,93.45631846,90.80681169,94.11137144,96.1456855,94.11137144,90.80681169,93.45631846,90.80681169
5200,90.73741218,93.45640211,90.80688769,94.11145698,96.14577691,94.11145698,90.80688769,93.45640211,90.80688769
5201,90.73748795,93.45648573,90.80696367,94.11154249,96.14586829,94.11154249,90.80696367,93.45648573,90.80696367
5202,90.73756369,93.45656932,90.80703961,94.11162796,96.14595964,94.11162796,90.80703961,93.45656932,90.80703961
5203,90.73763941,93.45665288,90.80711553,94.11171341,96.14605095,94.11171341,90.80711553,93.45665288,90.80711553
5204,90.7377151,93.4567364,90.80719141,94.11179882,96.14614222,94.11179882,90.80719141,93.4567364,90.80719141
5205,90.73779075,93.45681989,90.80726727,94.1118842,96.14623346,94.1118842,90.80726727,93.45681989,90.80726727
5206,90.73786638,93.45690335,90.8073431,94.11196954,96.14632467,94.11196954,90.8073431,93.45690335,90.8073431
5207,90.73794198,93.45698678,90.8074189,94.11205486,96.14641584,94.11205486,90.8074189,93.45698678,90.8074189
5208,90.73801756,93.45707018,90.80749467,94.11214014,96.14650698,94.11214014,90.80749467,93.45707018,90.80749467
5209,90.7380931,93.45715354,90.80757042,94.11222539,96.14659808,94.11222539,90.80757042,93.45715354,90.80757042
5210,90.73816862,93.45723688,90.80764613,94.11231061,96.14668915,94.11231061,90.80764613,93.45723688,90.80764613
5211,90.7382441,93.45732018,90.80772182,94.1123958,96.14678018,94.1123958,90.80772182,93.45732018,90.80772182
5212,90.73831956,93.45740345,90.80779748,94.11248095,96.14687118,94.11248095,90.80779748,93.45740345,90.80779748
5213,90.73839499,93.45748669,90.80787311,94.11256607,96.14696215,94.11256607,90.80787311,93.45748669,90.80787311
5214,90.73847039,93.4575699,90.80794871,94.11265116,96.14705308,94.11265116,90.80794871,93.4575699,90.80794871
5215,90.73854577,93.45765308,90.80802428,94.11273622,96.14714397,94.11273622,90.80802428,93.45765308,90.80802428
5216,90.73862111,93.45773622,90.80809982,94.11282124,96.14723484,94.11282124,90.80809982,93.45773622,90.80809982
5217,90.73869643,93.45781934,90.80817534,94.11290624,96.14732566,94.11290624,90.80817534,93.45781934,90.80817534
5218,90.73877171,93.45790242,90.80825083,94.1129912,96.14741646,94.1129912,90.80825083,93.45790242,90.80825083
5219,90.73884697,93.45798547,90.80832628,94.11307613,96.14750722,94.11307613,90.80832628,93.45798547,90.80832628
5220,90.7389222,93.45806849,90.80840171,94.11316102,96.14759794,94.11316102,90.80840171,93.45806849,90.80840171
5221,90.7389974,93.45815148,90.80847711,94.11324589,96.14768863,94.11324589,90.80847711,93.45815148,90.80847711
5222,90.73907258,93.45823444,90.80855249,94.11333072,96.14777929,94.11333072,90.80855249,93.45823444,90.80855249
5223,90.73914772,93.45831736,90.80862783,94.11341552,96.14786991,94.11341552,90.80862783,93.45831736,90.80862783
5224,90.73922284,93.45840026,90.80870315,94.11350029,96.1479605,94.11350029,90.80870315,93.45840026,90.80870315
5225,90.73929793,93.45848312,90.80877843,94.11358503,96.14805105,94.11358503,90.80877843,93.45848312,90.80877843
5226,90.73937299,93.45856596,90.80885369,94.11366973,96.14814157,94.11366973,90.80885369,93.45856596,90.80885369
5227,90.73944802,93.45864876,90.80892892,94.1137544,96.14823206,94.1137544,90.80892892,93.45864876,90.80892892
5228,90.73952303,93.45873153,90.80900413,94.11383904,96.14832251,94.11383904,90.80900413,93.45873153,90.80900413
5229,90.739598,93.45881427,90.8090793,94.11392365,96.14841293,94.11392365,90.8090793,93.45881427,90.8090793
5230,90.73967295,93.45889697,90.80915445,94.11400823,96.14850331,94.11400823,90.80915445,93.45889697,90.80915445
5231,90.73974787,93.45897965,90.80922956,94.11409278,96.14859366,94.11409278,90.80922956,93.45897965,90.80922956
5232,90.73982276,93.45906229,90.80930465,94.11417729,96.14868397,94.11417729,90.80930465,93.45906229,90.80930465
5233,90.73989762,93.45914491,90.80937971,94.11426177,96.14877425,94.11426177,90.80937971,93.45914491,90.80937971
5234,90.73997246,93.45922749,90.80945475,94.11434622,96.1488645,94.11434622,90.80945475,93.45922749,90.80945475
5235,90.74004726,93.45931004,90.80952975,94.11443064,96.14895471,94.11443064,90.80952975,93.45931004,90.80952975
5236,90.74012204,93.45939256,90.80960473,94.11451503,96.14904489,94.11451503,90.80960473,93.45939256,90.80960473
5237,90.74019679,93.45947505,90.80967967,94.11459938,96.14913504,94.11459938,90.80967967,93.45947505,90.80967967
5238,90.74027151,93.45955751,90.80975459,94.1146837,96.14922515,94.1146837,90.80975459,93.45955751,90.80975459
5239,90.74034621,93.45963994,90.80982948,94.11476799,96.14931523,94.11476799,90.80982948,93.45963994,90.80982948
5240,90.74042087,93.45972234,90.80990435,94.11485225,96.14940527,94.11485225,90.80990435,93.45972234,90.80990435
5241,90.74049551,93.4598047,90.80997918,94.11493648,96.14949528,94.11493648,90.80997918,93.4598047,90.80997918
5242,90.74057012,93.45988704,90.81005399,94.11502068,96.14958526,94.11502068,90.81005399,93.45988704,90.81005399
5243,90.7406447,93.45996934,90.81012877,94.11510484,96.1496752,94.11510484,90.81012877,93.45996934,90.81012877
5244,90.74071926,93.46005162,90.81020352,94.11518897,96.14976511,94.11518897,90.81020352,93.46005162,90.81020352
5245,90.74079378,93.46013386,90.81027824,94.11527308,96.14985498,94.11527308,90.81027824,93.46013386,90.81027824
5246,90.74086828,93.46021607,90.81035294,94.11535715,96.14994482,94.11535715,90.81035294,93.46021607,90.81035294
5247,90.74094275,93.46029825,90.8104276,94.11544118,96.15003463,94.11544118,90.8104276,93.46029825,90.8104276
5248,90.74101719,93.4603804,90.81050224,94.11552519,96.15012441,94.11552519,90.81050224,93.4603804,90.81050224
5249,90.7410916,93.46046252,90.81057685,94.11560917,96.15021415,94.11560917,90.81057685,93.46046252,90.81057685
5250,90.74116599,93.46054461,90.81065144,94.11569311,96.15030385,94.11569311,90.81065144,93.46054461,90.81065144
5251,90.74124035,93.46062666,90.81072599,94.11577702,96.15039352,94.11577702,90.81072599,93.46062666,90.81072599
5252,90.74131468,93.46070869,90.81080052,94.1158609,96.15048316,94.1158609,90.81080052,93.46070869,90.81080052
5253,90.74138898,93.46079069,90.81087502,94.11594475,96.15057277,94.11594475,90.81087502,93.46079069,90.81087502
5254,90.74146325,93.46087265,90.81094949,94.11602857,96.15066234,94.11602857,90.81094949,93.46087265,90.81094949
5255,90.7415375,93.46095458,90.81102393,94.11611235,96.15075188,94.11611235,90.81102393,93.46095458,90.81102393
5256,90.74161172,93.46103649,90.81109835,94.11619611,96.15084138,94.11619611,90.81109835,93.46103649,90.81109835
5257,90.74168591,93.46111836,90.81117273,94.11627983,96.15093085,94.11627983,90.81117273,93.46111836,90.81117273
5258,90.74176007,93.4612002,90.81124709,94.11636352,96.15102029,94.11636352,90.81124709,93.4612002,90.81124709
5259,90.74183421,93.46128201,90.81132142,94.11644718,96.15110969,94.11644718,90.81132142,93.46128201,90.81132142
5260,90.74190832,93.46136379,90.81139573,94.11653081,96.15119906,94.11653081,90.81139573,93.46136379,90.81139573
5261,90.74198239,93.46144554,90.81147,94.11661441,96.1512884,94.11661441,90.81147,93.46144554,90.81147
5262,90.74205645,93.46152726,90.81154425,94.11669798,96.15137771,94.11669798,90.81154425,93.46152726,90.81154425
5263,90.74213047,93.46160895,90.81161847,94.11678151,96.15146698,94.11678151,90.81161847,93.46160895,90.81161847
5264,90.74220447,93.46169061,90.81169266,94.11686502,96.15155621,94.11686502,90.81169266,93.46169061,90.81169266
5265,90.74227844,93.46177224,90.81176683,94.11694849,96.15164542,94.11694849,90.81176683,93.46177224,90.81176683
5266,90.74235238,93.46185384,90.81184096,94.11703193,96.15173458,94.11703193,90.81184096,93.46185384,90.81184096
5267,90.74242629,93.4619354,90.81191507,94.11711534,96.15182372,94.11711534,90.81191507,93.4619354,90.81191507
5268,90.74250018,93.46201694,90.81198915,94.11719872,96.15191282,94.11719872,90.81198915,93.46201694,90.81198915
5269,90.74257403,93.46209844,90.81206321,94.11728207,96.15200189,94.11728207,90.81206321,93.46209844,90.81206321
5270,90.74264787,93.46217992,90.81213723,94.11736539,96.15209093,94.11736539,90.81213723,93.46217992,90.81213723
5271,90.74272167,93.46226136,90.81221123,94.11744867,96.15217993,94.11744867,90.81221123,93.46226136,90.81221123
5272,90.74279544,93.46234278,90.8122852,94.11753193,96.1522689,94.11753193,90.8122852,93.46234278,90.8122852
5273,90.74286919,93.46242416,90.81235915,94.11761515,96.15235784,94.11761515,90.81235915,93.46242416,90.81235915
5274,90.74294291,93.46250552,90.81243306,94.11769834,96.15244674,94.11769834,90.81243306,93.46250552,90.81243306
5275,90.7430166,93.46258684,90.81250695,94.11778151,96.15253561,94.11778151,90.81250695,93.46258684,90.81250695
5276,90.74309027,93.46266813,90.81258081,94.11786464,96.15262445,94.11786464,90.81258081,93.46266813,90.81258081
5277,90.74316391,93.46274939,90.81265464,94.11794774,96.15271326,94.11794774,90.81265464,93.46274939,90.81265464
5278,90.74323752,93.46283063,90.81272845,94.1180308,96.15280203,94.1180308,90.81272845,93.46283063,90.81272845
5279,90.7433111,93.46291183,90.81280222,94.11811384,96.15289076,94.11811384,90.81280222,93.46291183,90.81280222
5280,90.74338466,93.462993,90.81287597,94.11819685,96.15297947,94.11819685,90.81287597,93.462993,90.81287597
5281,90.74345818,93.46307414,90.8129497,94.11827982,96.15306814,94.11827982,90.8129497,93.46307414,90.8129497
5282,90.74353168,93.46315525,90.81302339,94.11836277,96.15315678,94.11836277,90.81302339,93.46315525,90.81302339
5283,90.74360516,93.46323633,90.81309706,94.11844568,96.15324538,94.11844568,90.81309706,93.46323633,90.81309706
5284,90.7436786,93.46331738,90.8131707,94.11852856,96.15333396,94.11852856,90.8131707,93.46331738,90.8131707
5285,90.74375202,93.4633984,90.81324431,94.11861141,96.1534225,94.11861141,90.81324431,93.4633984,90.81324431
5286,90.74382541,93.46347939,90.8133179,94.11869423,96.153511,94.11869423,90.8133179,93.46347939,90.8133179
5287,90.74389878,93.46356035,90.81339145,94.11877702,96.15359947,94.11877702,90.81339145,93.46356035,90.81339145
5288,90.74397211,93.46364128,90.81346498,94.11885978,96.15368792,94.11885978,90.81346498,93.46364128,90.81346498
5289,90.74404542,93.46372218,90.81353849,94.11894251,96.15377632,94.11894251,90.81353849,93.46372218,90.81353849
5290,90.7441187,93.46380305,90.81361196,94.11902521,96.1538647,94.11902521,90.81361196,93.46380305,90.81361196
5291,90.74419196,93.46388389,90.81368541,94.11910788,96.15395304,94.11910788,90.81368541,93.46388389,90.81368541
5292,90.74426518,93.4639647,90.81375883,94.11919051,96.15404135,94.11919051,90.81375883,93.4639647,90.81375883
5293,90.74433838,93.46404548,90.81383222,94.11927312,96.15412962,94.11927312,90.81383222,93.46404548,90.81383222
5294,90.74441156,93.46412623,90.81390559,94.11935569,96.15421787,94.11935569,90.81390559,93.46412623,90.81390559
5295,90.7444847,93.46420695,90.81397893,94.11943823,96.15430608,94.11943823,90.81397893,93.46420695,90.81397893
5296,90.74455782,93.46428763,90.81405224,94.11952075,96.15439425,94.11952075,90.81405224,93.46428763,90.81405224
5297,90.74463091,93.46436829,90.81412552,94.11960323,96.1544824,94.11960323,90.81412552,93.46436829,90.81412552
5298,90.74470397,93.46444892,90.81419878,94.11968568,96.15457051,94.11968568,90.81419878,93.46444892,90.81419878
5299,90.74477701,93.46452952,90.81427201,94.1197681,96.15465859,94.1197681,90.81427201,93.46452952,90.81427201
5300,90.74485002,93.46461009,90.81434521,94.11985049,96.15474663,94.11985049,90.81434521,93.46461009,90.81434521
5301,90.744923,93.46469063,90.81441839,94.11993285,96.15483465,94.11993285,90.81441839,93.46469063,90.81441839
5302,90.74499596,93.46477114,90.81449154,94.12001518,96.15492263,94.12001518,90.81449154,93.46477114,90.81449154
5303,90.74506888,93.46485162,90.81456466,94.12009748,96.15501058,94.12009748,90.81456466,93.46485162,90.81456466
5304,90.74514178,93.46493207,90.81463775,94.12017975,96.15509849,94.12017975,90.81463775,93.46493207,90.81463775
5305,90.74521466,93.46501249,90.81471082,94.12026198,96.15518637,94.12026198,90.81471082,93.46501249,90.81471082
5306,90.74528751,93.46509287,90.81478386,94.12034419,96.15527422,94.12034419,90.81478386,93.46509287,90.81478386
5307,90.74536032,93.46517323,90.81485687,94.12042637,96.15536204,94.12042637,90.81485687,93.46517323,90.81485687
5308,90.74543312,93.46525356,90.81492985,94.12050851,96.15544983,94.12050851,90.81492985,93.46525356,90.81492985
5309,90.74550588,93.46533386,90.81500281,94.12059063,96.15553758,94.12059063,90.81500281,93.46533386,90.81500281
5310,90.74557862,93.46541413,90.81507574,94.12067271,96.1556253,94.12067271,90.81507574,93.46541413,90.81507574
5311,90.74565133,93.46549437,90.81514865,94.12075476,96.15571298,94.12075476,90.81514865,93.46549437,90.81514865
5312,90.74572402,93.46557458,90.81522152,94.12083679,96.15580064,94.12083679,90.81522152,93.46557458,90.81522152
5313,90.74579668,93.46565477,90.81529437,94.12091878,96.15588826,94.12091878,90.81529437,93.46565477,90.81529437
5314,90.74586931,93.46573492,90.8153672,94.12100074,96.15597585,94.12100074,90.8153672,93.46573492,90.8153672
5315,90.74594191,93.46581504,90.81543999,94.12108268,96.15606341,94.12108268,90.81543999,93.46581504,90.81543999
5316,90.74601449,93.46589513,90.81551276,94.12116458,96.15615093,94.12116458,90.81551276,93.46589513,90.81551276
5317,90.74608704,93.46597519,90.8155855,94.12124645,96.15623842,94.12124645,90.8155855,93.46597519,90.8155855
5318,90.74615956,93.46605522,90.81565822,94.12132829,96.15632588,94.12132829,90.81565822,93.46605522,90.81565822
5319,90.74623206,93.46613523,90.81573091,94.1214101,96.15641331,94.1214101,90.81573091,93.46613523,90.81573091
5320,90.74630453,93.4662152,90.81580357,94.12149188,96.15650071,94.12149188,90.81580357,93.4662152,90.81580357
5321,90.74637697,93.46629514,90.8158762,94.12157363,96.15658807,94.12157363,90.8158762,93.46629514,90.8158762
5322,90.74644938,93.46637506,90.81594881,94.12165535,96.1566754,94.12165535,90.81594881,93.46637506,90.81594881
5323,90.74652177,93.46645494,90.81602139,94.12173704,96.1567627,94.12173704,90.81602139,93.46645494,90.81602139
5324,90.74659413,93.4665348,90.81609394,94.1218187,96.15684996,94.1218187,90.81609394,93.4665348,90.81609394
5325,90.74666647,93.46661462,90.81616647,94.12190033,96.1569372,94.12190033,90.81616647,93.46661462,90.81616647
5326,90.74673878,93.46669442,90.81623897,94.12198193,96.1570244,94.12198193,90.81623897,93.46669442,90.81623897
5327,90.74681106,93.46677418,90.81631144,94.1220635,96.15711157,94.1220635,90.81631144,93.46677418,90.81631144
5328,90.74688332,93.46685392,90.81638389,94.12214504,96.1571987,94.12214504,90.81638389,93.46685392,90.81638389
5329,90.74695554,93.46693363,90.81645631,94.12222655,96.15728581,94.12222655,90.81645631,93.46693363,90.81645631
5330,90.74702775,93.4670133,90.8165287,94.12230803,96.15737288,94.12230803,90.8165287,93.4670133,90.8165287
5331,90.74709992,93.46709295,90.81660107,94.12238948,96.15745992,94.12238948,90.81660107,93.46709295,90.81660107
5332,90.74717207,93.46717257,90.81667341,94.1224709,96.15754693,94.1224709,90.81667341,93.46717257,90.81667341
5333,90.74724419,93.46725216,90.81674572,94.12255228,96.1576339,94.12255228,90.81674572,93.46725216,90.81674572
5334,90.74731629,93.46733172,90.816818,94.12263364,96.15772085,94.12263364,90.816818,93.46733172,90.816818
5335,90.74738835,93.46741125,90.81689026,94.12271497,96.15780776,94.12271497,90.81689026,93.46741125,90.81689026
5336,90.7474604,93.46749075,90.8169625,94.12279627,96.15789464,94.12279627,90.8169625,93.46749075,90.8169625
5337,90.74753241,93.46757022,90.8170347,94.12287754,96.15798148,94.12287754,90.8170347,93.46757022,90.8170347
5338,90.7476044,93.46764967,90.81710688,94.12295878,96.1580683,94.12295878,90.81710688,93.46764967,90.81710688
5339,90.74767636,93.46772908,90.81717903,94.12303998,96.15815508,94.12303998,90.81717903,93.46772908,90.81717903
5340,90.7477483,93.46780846,90.81725116,94.12312116,96.15824183,94.12312116,90.81725116,93.46780846,90.81725116
5341,90.74782021,93.46788782,90.81732326,94.12320231,96.15832855,94.12320231,90.81732326,93.46788782,90.81732326
5342,90.74789209,93.46796714,90.81739533,94.12328343,96.15841524,94.12328343,90.81739533,93.46796714,90.81739533
5343,90.74796394,93.46804644,90.81746738,94.12336452,96.15850189,94.12336452,90.81746738,93.46804644,90.81746738
5344,90.74803577,93.4681257,90.8175394,94.12344558,96.15858852,94.12344558,90.8175394,93.4681257,90.8175394
5345,90.74810758,93.46820494,90.81761139,94.1235266,96.15867511,94.1235266,90.81761139,93.46820494,90.81761139
5346,90.74817935,93.46828415,90.81768335,94.1236076,96.15876167,94.1236076,90.81768335,93.46828415,90.81768335
5347,90.7482511,93.46836333,90.81775529,94.12368857,96.15884819,94.12368857,90.81775529,93.46836333,90.81775529
5348,90.74832283,93.46844248,90.81782721,94.12376951,96.15893469,94.12376951,90.81782721,93.46844248,90.81782721
5349,90.74839452,93.4685216,90.81789909,94.12385042,96.15902115,94.12385042,90.81789909,93.4685216,90.81789909
5350,90.74846619,93.46860069,90.81797095,94.1239313,96.15910758,94.1239313,90.81797095,93.46860069,90.81797095
5351,90.74853784,93.46867975,90.81804279,94.12401215,96.15919398,94.12401215,90.81804279,93.46867975,90.81804279
5352,90.74860945,93.46875879,90.8181146,94.12409297,96.15928035,94.12409297,90.8181146,93.46875879,90.8181146
5353,90.74868105,93.46883779,90.81818638,94.12417376,96.15936669,94.12417376,90.81818638,93.46883779,90.81818638
5354,90.74875261,93.46891677,90.81825813,94.12425452,96.15945299,94.12425452,90.81825813,93.46891677,90.81825813
5355,90.74882415,93.46899571,90.81832986,94.12433525,96.15953927,94.12433525,90.81832986,93.46899571,90.81832986
5356,90.74889566,93.46907463,90.81840156,94.12441595,96.15962551,94.12441595,90.81840156,93.46907463,90.81840156
5357,90.74896715,93.46915352,90.81847324,94.12449662,96.15971172,94.12449662,90.81847324,93.46915352,90.81847324
5358,90.74903861,93.46923238,90.81854488,94.12457726,96.15979789,94.12457726,90.81854488,93.46923238,90.81854488
5359,90.74911004,93.46931121,90.81861651,94.12465788,96.15988404,94.12465788,90.81861651,93.46931121,90.81861651
5360,90.74918145,93.46939001,90.8186881,94.12473846,96.15997015,94.12473846,90.8186881,93.46939001,90.8186881
5361,90.74925283,93.46946878,90.81875967,94.12481901,96.16005624,94.12481901,90.81875967,93.46946878,90.81875967
5362,90.74932419,93.46954752,90.81883122,94.12489953,96.16014229,94.12489953,90.81883122,93.46954752,90.81883122
5363,90.74939551,93.46962624,90.81890273,94.12498003,96.16022831,94.12498003,90.81890273,93.46962624,90.81890273
5364,90.74946682,93.46970492,90.81897423,94.12506049,96.16031429,94.12506049,90.81897423,93.46970492,90.81897423
5365,90.74953809,93.46978358,90.81904569,94.12514093,96.16040025,94.12514093,90.81904569,93.46978358,90.81904569
5366,90.74960934,93.46986221,90.81911713,94.12522133,96.16048617,94.12522133,90.81911713,93.46986221,90.81911713
5367,90.74968057,93.4699408,90.81918854,94.12530171,96.16057207,94.12530171,90.81918854,93.4699408,90.81918854
5368,90.74975176,93.47001937,90.81925993,94.12538205,96.16065793,94.12538205,90.81925993,93.47001937,90.81925993
5369,90.74982294,93.47009792,90.81933129,94.12546237,96.16074376,94.12546237,90.81933129,93.47009792,90.81933129
5370,90.74989408,93.47017643,90.81940262,94.12554265,96.16082956,94.12554265,90.81940262,93.47017643,90.81940262
5371,90.7499652,93.47025491,90.81947393,94.12562291,96.16091532,94.12562291,90.81947393,93.47025491,90.81947393
5372,90.75003629,93.47033336,90.81954521,94.12570314,96.16100106,94.12570314,90.81954521,93.47033336,90.81954521
5373,90.75010736,93.47041179,90.81961646,94.12578334,96.16108676,94.12578334,90.81961646,93.47041179,90.81961646
5374,90.7501784,93.47049019,90.81968769,94.12586351,96.16117244,94.12586351,90.81968769,93.47049019,90.81968769
5375,90.75024942,93.47056856,90.8197589,94.12594365,96.16125808,94.12594365,90.8197589,93.47056856,90.8197589
5376,90.75032041,93.47064689,90.81983007,94.12602376,96.16134369,94.12602376,90.81983007,93.47064689,90.81983007
5377,90.75039137,93.47072521,90.81990122,94.12610384,96.16142927,94.12610384,90.81990122,93.47072521,90.81990122
5378,90.75046231,93.47080349,90.81997235,94.12618389,96.16151481,94.12618389,90.81997235,93.47080349,90.81997235
5379,90.75053322,93.47088174,90.82004345,94.12626391,96.16160033,94.12626391,90.82004345,93.47088174,90.82004345
5380,90.7506041,93.47095997,90.82011452,94.1263439,96.16168581,94.1263439,90.82011452,93.47095997,90.82011452
5381,90.75067496,93.47103816,90.82018557,94.12642387,96.16177126,94.12642387,90.82018557,93.47103816,90.82018557
5382,90.75074579,93.47111633,90.82025659,94.1265038,96.16185669,94.1265038,90.82025659,93.47111633,90.82025659
5383,90.7508166,93.47119447,90.82032758,94.12658371,96.16194208,94.12658371,90.82032758,93.47119447,90.82032758
5384,90.75088738,93.47127258,90.82039855,94.12666358,96.16202744,94.12666358,90.82039855,93.47127258,90.82039855
5385,90.75095814,93.47135066,90.82046949,94.12674343,96.16211276,94.12674343,90.82046949,93.47135066,90.82046949
5386,90.75102887,93.47142871,90.82054041,94.12682325,96.16219806,94.12682325,90.82054041,93.47142871,90.82054041
5387,90.75109957,93.47150674,90.8206113,94.12690303,96.16228333,94.12690303,90.8206113,93.47150674,90.8206113
5388,90.75117025,93.47158473,90.82068216,94.12698279,96.16236856,94.12698279,90.82068216,93.47158473,90.82068216
5389,90.7512409,93.4716627,90.820753,94.12706252,96.16245376,94.12706252,90.820753,93.4716627,90.820753
5390,90.75131153,93.47174064,90.82082382,94.12714222,96.16253894,94.12714222,90.82082382,93.47174064,90.82082382
5391,90.75138213,93.47181855,90.8208946,94.1272219,96.16262408,94.1272219,90.8208946,93.47181855,90.8208946
5392,90.7514527,93.47189643,90.82096536,94.12730154,96.16270919,94.12730154,90.82096536,93.47189643,90.82096536
5393,90.75152325,93.47197428,90.8210361,94.12738115,96.16279426,94.12738115,90.8210361,93.47197428,90.8210361
5394,90.75159377,93.47205211,90.82110681,94.12746073,96.16287931,94.12746073,90.82110681,93.47205211,90.82110681
5395,90.75166427,93.47212991,90.82117749,94.12754029,96.16296433,94.12754029,90.82117749,93.47212991,90.82117749
5396,90.75173474,93.47220767,90.82124815,94.12761982,96.16304931,94.12761982,90.82124815,93.47220767,90.82124815
5397,90.75180519,93.47228541,90.82131878,94.12769931,96.16313427,94.12769931,90.82131878,93.47228541,90.82131878
5398,90.75187561,93.47236312,90.82138939,94.12777878,96.16321919,94.12777878,90.82138939,93.47236312,90.82138939
5399,90.751946,93.47244081,90.82145997,94.12785822,96.16330408,94.12785822,90.82145997,93.47244081,90.82145997
5400,90.75201637,93.47251846,90.82153052,94.12793763,96.16338895,94.12793763,90.82153052,93.47251846,90.82153052
5401,90.75208671,93.47259609,90.82160105,94.12801701,96.16347378,94.12801701,90.82160105,93.47259609,90.82160105
5402,90.75215703,93.47267369,90.82167156,94.12809636,96.16355857,94.12809636,90.82167156,93.47267369,90.82167156
5403,90.75222732,93.47275126,90.82174203,94.12817569,96.16364334,94.12817569,90.82174203,93.47275126,90.82174203
5404,90.75229759,93.4728288,90.82181248,94.12825498,96.16372808,94.12825498,90.82181248,93.4728288,90.82181248
5405,90.75236783,93.47290631,90.82188291,94.12833424,96.16381279,94.12833424,90.82188291,93.47290631,90.82188291
5406,90.75243804,93.47298379,90.82195331,94.12841348,96.16389746,94.12841348,90.82195331,93.47298379,90.82195331
5407,90.75250823,93.47306125,90.82202369,94.12849269,96.16398211,94.12849269,90.82202369,93.47306125,90.82202369
5408,90.75257839,93.47313868,90.82209403,94.12857187,96.16406672,94.12857187,90.82209403,93.47313868,90.82209403
5409,90.75264853,93.47321608,90.82216436,94.12865102,96.16415131,94.12865102,90.82216436,93.47321608,90.82216436
5410,90.75271864,93.47329345,90.82223466,94.12873014,96.16423586,94.12873014,90.82223466,93.47329345,90.82223466
5411,90.75278873,93.47337079,90.82230493,94.12880923,96.16432038,94.12880923,90.82230493,93.47337079,90.82230493
5412,90.75285879,93.47344811,90.82237517,94.12888829,96.16440487,94.12888829,90.82237517,93.47344811,90.82237517
5413,90.75292883,93.4735254,90.8224454,94.12896733,96.16448933,94.12896733,90.8224454,93.4735254,90.8224454
5414,90.75299884,93.47360266,90.82251559,94.12904633,96.16457376,94.12904633,90.82251559,93.47360266,90.82251559
5415,90.75306882,93.47367989,90.82258576,94.12912531,96.16465816,94.12912531,90.82258576,93.47367989,90.82258576
5416,90.75313878,93.47375709,90.8226559,94.12920426,96.16474253,94.12920426,90.8226559,93.47375709,90.8226559
5417,90.75320871,93.47383427,90.82272602,94.12928318,96.16482686,94.12928318,90.82272602,93.47383427,90.82272602
5418,90.75327862,93.47391141,90.82279612,94.12936207,96.16491117,94.12936207,90.82279612,93.47391141,90.82279612
5419,90.75334851,93.47398853,90.82286618,94.12944093,96.16499545,94.12944093,90.82286618,93.47398853,90.82286618
5420,90.75341836,93.47406562,90.82293623,94.12951976,96.16507969,94.12951976,90.82293623,93.47406562,90.82293623
5421,90.7534882,93.47414268,90.82300624,94.12959857,96.1651639,94.12959857,90.82300624,93.47414268,90.82300624
5422,90.753558,93.47421972,90.82307624,94.12967734,96.16524809,94.12967734,90.82307624,93.47421972,90.82307624
5423,90.75362778,93.47429673,90.8231462,94.12975609,96.16533224,94.12975609,90.8231462,93.47429673,90.8231462
5424,90.75369754,93.4743737,90.82321614,94.12983481,96.16541636,94.12983481,90.82321614,93.4743737,90.82321614
5425,90.75376727,93.47445066,90.82328606,94.1299135,96.16550046,94.1299135,90.82328606,93.47445066,90.82328606
5426,90.75383698,93.47452758,90.82335595,94.12999216,96.16558452,94.12999216,90.82335595,93.47452758,90.82335595
5427,90.75390666,93.47460447,90.82342581,94.13007079,96.16566855,94.13007079,90.82342581,93.47460447,90.82342581
5428,90.75397631,93.47468134,90.82349565,94.1301494,96.16575255,94.1301494,90.82349565,93.47468134,90.82349565
5429,90.75404594,93.47475818,90.82356546,94.13022797,96.16583652,94.13022797,90.82356546,93.47475818,90.82356546
5430,90.75411554,93.47483499,90.82363525,94.13030652,96.16592046,94.13030652,90.82363525,93.47483499,90.82363525
5431,90.75418512,93.47491177,90.82370501,94.13038504,96.16600437,94.13038504,90.82370501,93.47491177,90.82370501
5432,90.75425468,93.47498853,90.82377475,94.13046353,96.16608825,94.13046353,90.82377475,93.47498853,90.82377475
5433,90.7543242,93.47506526,90.82384446,94.13054199,96.1661721,94.13054199,90.82384446,93.47506526,90.82384446
5434,90.75439371,93.47514196,90.82391415,94.13062043,96.16625591,94.13062043,90.82391415,93.47514196,90.82391415
5435,90.75446319,93.47521863,90.82398381,94.13069883,96.1663397,94.13069883,90.82398381,93.47521863,90.82398381
5436,90.75453264,93.47529527,90.82405345,94.13077721,96.16642346,94.13077721,90.82405345,93.47529527,90.82405345
5437,90.75460207,93.47537189,90.82412306,94.13085556,96.16650718,94.13085556,90.82412306,93.47537189,90.82412306
5438,90.75467147,93.47544848,90.82419265,94.13093388,96.16659088,94.13093388,90.82419265,93.47544848,90.82419265
5439,90.75474084,93.47552504,90.82426221,94.13101217,96.16667455,94.13101217,90.82426221,93.47552504,90.82426221
5440,90.7548102,93.47560157,90.82433174,94.13109043,96.16675818,94.13109043,90.82433174,93.47560157,90.82433174
5441,90.75487952,93.47567807,90.82440125,94.13116866,96.16684179,94.13116866,90.82440125,93.47567807,90.82440125
5442,90.75494883,93.47575455,90.82447074,94.13124687,96.16692536,94.13124687,90.82447074,93.47575455,90.82447074
5443,90.7550181,93.475831,90.8245402,94.13132505,96.16700891,94.13132505,90.8245402,93.475831,90.8245402
5444,90.75508735,93.47590742,90.82460963,94.1314032,96.16709242,94.1314032,90.82460963,93.47590742,90.82460963
5445,90.75515658,93.47598382,90.82467904,94.13148132,96.16717591,94.13148132,90.82467904,93.47598382,90.82467904
5446,90.75522578,93.47606019,90.82474843,94.13155941,96.16725936,94.13155941,90.82474843,93.47606019,90.82474843
5447,90.75529496,93.47613652,90.82481779,94.13163748,96.16734278,94.13163748,90.82481779,93.47613652,90.82481779
5448,90.75536411,93.47621284,90.82488712,94.13171551,96.16742618,94.13171551,90.82488712,93.47621284,90.82488712
5449,90.75543324,93.47628912,90.82495643,94.13179352,96.16750954,94.13179352,90.82495643,93.47628912,90.82495643
5450,90.75550234,93.47636538,90.82502571,94.1318715,96.16759287,94.1318715,90.82502571,93.47636538,90.82502571
5451,90.75557141,93.47644161,90.82509497,94.13194945,96.16767618,94.13194945,90.82509497,93.47644161,90.82509497
5452,90.75564047,93.47651781,90.82516421,94.13202738,96.16775945,94.13202738,90.82516421,93.47651781,90.82516421
5453,90.75570949,93.47659398,90.82523342,94.13210527,96.16784269,94.13210527,90.82523342,93.47659398,90.82523342
5454,90.75577849,93.47667013,90.8253026,94.13218314,96.16792591,94.13218314,90.8253026,93.47667013,90.8253026
5455,90.75584747,93.47674624,90.82537176,94.13226098,96.16800909,94.13226098,90.82537176,93.47674624,90.82537176
5456,90.75591642,93.47682234,90.82544089,94.13233879,96.16809224,94.13233879,90.82544089,93.47682234,90.82544089
5457,90.75598535,93.4768984,90.82551,94.13241657,96.16817536,94.13241657,90.82551,93.4768984,90.82551
5458,90.75605425,93.47697444,90.82557909,94.13249433,96.16825846,94.13249433,90.82557909,93.47697444,90.82557909
5459,90.75612313,93.47705044,90.82564815,94.13257206,96.16834152,94.13257206,90.82564815,93.47705044,90.82564815
5460,90.75619198,93.47712643,90.82571718,94.13264976,96.16842455,94.13264976,90.82571718,93.47712643,90.82571718
5461,90.75626081,93.47720238,90.82578619,94.13272743,96.16850756,94.13272743,90.82578619,93.47720238,90.82578619
5462,90.75632961,93.47727831,90.82585518,94.13280507,96.16859053,94.13280507,90.82585518,93.47727831,90.82585518
5463,90.75639839,93.4773542,90.82592413,94.13288268,96.16867347,94.13288268,90.82592413,93.4773542,90.82592413
5464,90.75646714,93.47743008,90.82599307,94.13296027,96.16875638,94.13296027,90.82599307,93.47743008,90.82599307
5465,90.75653587,93.47750592,90.82606198,94.13303783,96.16883927,94.13303783,90.82606198,93.47750592,90.82606198
5466,90.75660457,93.47758174,90.82613086,94.13311536,96.16892212,94.13311536,90.82613086,93.47758174,90.82613086
5467,90.75667325,93.47765753,90.82619972,94.13319286,96.16900494,94.13319286,90.82619972,93.47765753,90.82619972
5468,90.7567419,93.47773329,90.82626856,94.13327034,96.16908774,94.13327034,90.82626856,93.47773329,90.82626856
5469,90.75681053,93.47780902,90.82633737,94.13334778,96.1691705,94.13334778,90.82633737,93.47780902,90.82633737
5470,90.75687914,93.47788473,90.82640616,94.1334252,96.16925323,94.1334252,90.82640616,93.47788473,90.82640616
5471,90.75694772,93.47796041,90.82647492,94.13350259,96.16933594,94.13350259,90.82647492,93.47796041,90.82647492
5472,90.75701627,93.47803607,90.82654365,94.13357996,96.16941861,94.13357996,90.82654365,93.47803607,90.82654365
5473,90.7570848,93.47811169,90.82661236,94.13365729,96.16950126,94.13365729,90.82661236,93.47811169,90.82661236
5474,90.75715331,93.47818729,90.82668105,94.1337346,96.16958387,94.1337346,90.82668105,93.47818729,90.82668105
5475,90.75722179,93.47826286,90.82674971,94.13381188,96.16966646,94.13381188,90.82674971,93.47826286,90.82674971
5476,90.75729024,93.47833841,90.82681835,94.13388913,96.16974901,94.13388913,90.82681835,93.47833841,90.82681835
5477,90.75735867,93.47841392,90.82688696,94.13396636,96.16983154,94.13396636,90.82688696,93.47841392,90.82688696
5478,90.75742708,93.47848941,90.82695555,94.13404355,96.16991403,94.13404355,90.82695555,93.47848941,90.82695555
5479,90.75749546,93.47856487,90.82702411,94.13412072,96.1699965,94.13412072,90.82702411,93.47856487,90.82702411
5480,90.75756382,93.47864031,90.82709265,94.13419786,96.17007893,94.13419786,90.82709265,93.47864031,90.82709265
5481,90.75763215,93.47871572,90.82716117,94.13427497,96.17016134,94.13427497,90.82716117,93.47871572,90.82716117
5482,90.75770046,93.4787911,90.82722965,94.13435206,96.17024372,94.13435206,90.82722965,93.4787911,90.82722965
5483,90.75776875,93.47886645,90.82729812,94.13442912,96.17032606,94.13442912,90.82729812,93.47886645,90.82729812
5484,90.757837,93.47894178,90.82736656,94.13450615,96.17040838,94.13450615,90.82736656,93.47894178,90.82736656
5485,90.75790524,93.47901708,90.82743497,94.13458315,96.17049067,94.13458315,90.82743497,93.47901708,90.82743497
5486,90.75797345,93.47909235,90.82750336,94.13466012,96.17057293,94.13466012,90.82750336,93.47909235,90.82750336
5487,90.75804164,93.4791676,90.82757173,94.13473707,96.17065516,94.13473707,90.82757173,93.4791676,90.82757173
5488,90.7581098,93.47924282,90.82764007,94.13481399,96.17073736,94.13481399,90.82764007,93.47924282,90.82764007
5489,90.75817793,93.47931801,90.82770839,94.13489088,96.17081953,94.13489088,90.82770839,93.47931801,90.82770839
5490,90.75824605,93.47939317,90.82777668,94.13496774,96.17090167,94.13496774,90.82777668,93.47939317,90.82777668
5491,90.75831413,93.47946831,90.82784495,94.13504458,96.17098378,94.13504458,90.82784495,93.47946831,90.82784495
5492,90.7583822,93.47954342,90.82791319,94.13512139,96.17106586,94.13512139,90.82791319,93.47954342,90.82791319
5493,90.75845024,93.47961851,90.82798141,94.13519817,96.17114791,94.13519817,90.82798141,93.47961851,90.82798141
5494,90.75851825,93.47969356,90.82804961,94.13527492,96.17122994,94.13527492,90.82804961,93.47969356,90.82804961
5495,90.75858624,93.47976859,90.82811778,94.13535165,96.17131193,94.13535165,90.82811778,93.47976859,90.82811778
5496,90.75865421,93.4798436,90.82818592,94.13542835,96.17139389,94.13542835,90.82818592,93.4798436,90.82818592
5497,90.75872215,93.47991857,90.82825404,94.13550502,96.17147583,94.13550502,90.82825404,93.47991857,90.82825404
5498,90.75879006,93.47999352,90.82832214,94.13558166,96.17155773,94.13558166,90.82832214,93.47999352,90.82832214
5499,90.75885796,93.48006844,90.82839021,94.13565828,96.17163961,94.13565828,90.82839021,93.48006844,90.82839021
5500,90.75892583,93.48014334,90.82845826,94.13573487,96.17172145,94.13573487,90.82845826,93.48014334,90.82845826
